{
    "CC": [[0.621, 0.8099999999999998, 0.8660000000000003, 0.907, 0.9470000000000003, 0.9527638190954774, 0.966, 0.9510000000000002, 0.971, 0.9620000000000001, 0.951, 0.9600000000000002, 0.964, 0.951, 0.9590000000000001, 0.9440000000000001, 0.934, 0.95, 0.7750000000000001, 0.278], [0.81, 0.8759999999999999, 0.943, 0.9740000000000002, 0.9820000000000002, 0.9778894472361809, 0.982, 0.99, 0.988, 0.991, 0.992, 0.9990000000000001, 0.996, 0.9990000000000001, 0.9990000000000001, 0.998, 0.9990000000000001, 0.995, 0.993, 0.8240000000000001]],
    "CN": [[0.6190954773869348, 0.8530000000000002, 0.9190000000000002, 0.9560000000000002, 0.9656565656565658, 0.9616161616161616, 0.9567839195979898, 0.9547738693467337, 0.9688442211055276, 0.9547738693467337, 0.9618090452261305, 0.9698492462311559, 0.9530000000000001, 0.9583756345177664, 0.9129999999999999, 0.909, 0.9079999999999999, 0.9206030150753768, 0.8939393939393939, 0.306], [0.5326633165829148, 0.9179999999999999, 0.9330000000000003, 0.9600000000000003, 0.9656565656565655, 0.9505050505050504, 0.9577889447236182, 0.9597989949748744, 0.964824120603015, 0.963819095477387, 0.9577889447236182, 0.9587939698492463, 0.968, 0.9543147208121827, 0.938, 0.9250000000000002, 0.9330000000000002, 0.9195979899497487, 0.7939393939393938, 0.6780000000000002]],
    "CS": [[0.608, 0.7340000000000003, 0.748, 0.6380000000000002, 0.6299999999999999, 0.5920000000000001, 0.5770000000000001, 0.5569999999999999, 0.565, 0.5519999999999999, 0.5499999999999999, 0.5379999999999999, 0.5670000000000001, 0.5519999999999999, 0.5479999999999999, 0.54, 0.5329999999999999, 0.501, 0.387, 0.11], [0.20199999999999999, 0.3239999999999999, 0.345, 0.35999999999999993, 0.377, 0.36599999999999994, 0.381, 0.358, 0.375, 0.382, 0.376, 0.38, 0.37800000000000006, 0.382, 0.377, 0.35600000000000004, 0.365, 0.361, 0.358, 0.04]],
    "NC": [[0.6979797979797979, 0.8110552763819098, 0.8409090909090909, 0.8904522613065328, 0.8525252525252525, 0.8200000000000002, 0.871, 0.8666666666666666, 0.8484848484848485, 0.8370000000000001, 0.8733668341708544, 0.8904522613065327, 0.8400000000000002, 0.845, 0.8730964467005076, 0.8636363636363636, 0.8653266331658293, 0.8313131313131314, 0.7350253807106598, 0.5185929648241207], [0.6333333333333334, 0.778391959798995, 0.9030303030303031, 0.8914572864321609, 0.9414141414141416, 0.9590000000000003, 0.9600000000000002, 0.9404040404040405, 0.9505050505050507, 0.936, 0.9477386934673366, 0.8964824120603014, 0.943, 0.938, 0.9208121827411168, 0.8949494949494949, 0.8693467336683417, 0.9131313131313132, 0.8477157360406091, 0.38341708542713565]],
    "NN": [[0.5353846153846156, 0.8974619289340102, 0.9153061224489796, 0.9202020202020201, 0.9326530612244899, 0.9204081632653063, 0.8908163265306123, 0.8963730569948185, 0.8635897435897436, 0.8434343434343433, 0.837948717948718, 0.8050505050505051, 0.8324873096446701, 0.8274111675126904, 0.8239583333333332, 0.7792746113989636, 0.7583333333333334, 0.7397959183673469, 0.4752577319587628, 0.166497461928934], [0.5312820512820514, 0.8314720812182742, 0.9051020408163268, 0.9424242424242424, 0.9071428571428574, 0.8877551020408163, 0.9265306122448981, 0.8953367875647669, 0.8358974358974359, 0.8292929292929292, 0.8533333333333334, 0.8424242424242425, 0.8294416243654823, 0.8071065989847716, 0.790625, 0.8051813471502591, 0.7677083333333335, 0.7285714285714286, 0.7252577319587629, 0.30253807106598984]],
    "NS": [[0.31384615384615383, 0.6444444444444445, 0.657, 0.4909090909090911, 0.4297435897435898, 0.3376884422110553, 0.39796954314720817, 0.39387755102040817, 0.3796954314720812, 0.3608040201005025, 0.3138461538461539, 0.3444444444444444, 0.32040816326530613, 0.3090909090909091, 0.3096446700507614, 0.2717171717171717, 0.295959595959596, 0.29035532994923857, 0.24141414141414144, 0.041025641025641026], [0.3938461538461539, 0.29494949494949496, 0.295, 0.40808080808080804, 0.44717948717948713, 0.4090452261306533, 0.32690355329949233, 0.32040816326530613, 0.30862944162436545, 0.3075376884422111, 0.3702564102564102, 0.29696969696969694, 0.30918367346938774, 0.29494949494949496, 0.29746192893401013, 0.3212121212121212, 0.27979797979797977, 0.27411167512690354, 0.2404040404040404, 0.019487179487179485]],
    "SC": [[0.46800000000000014, 0.6580000000000003, 0.7329999999999999, 0.7439999999999999, 0.7749999999999999, 0.7969999999999999, 0.795, 0.8, 0.7969999999999999, 0.7749999999999999, 0.7769999999999999, 0.762, 0.7410000000000001, 0.693, 0.7909547738693467, 0.6890000000000001, 0.632, 0.6100000000000001, 0.44924623115577894, 0.2633165829145729], [0.7995, 0.8075000000000003, 0.9440000000000001, 0.9540000000000001, 0.9410000000000003, 0.9560000000000001, 0.9490000000000002, 0.945, 0.948, 0.9590000000000001, 0.95, 0.95, 0.9359999999999999, 0.935, 0.821105527638191, 0.8960000000000001, 0.8980000000000001, 0.8619999999999999, 0.6653266331658292, 0.2170854271356784]],
    "SN": [[0.47400000000000003, 0.7170000000000002, 0.8340000000000001, 0.867, 0.8640000000000001, 0.861, 0.8860000000000001, 0.851, 0.899, 0.936683417085427, 0.894, 0.8419999999999999, 0.8619999999999999, 0.857, 0.8600000000000001, 0.7929999999999999, 0.7410000000000001, 0.7170000000000001, 0.345, 0.037000000000000005], [0.5400000000000003, 0.8749999999999999, 0.9420000000000001, 0.953, 0.9420000000000001, 0.9219999999999999, 0.932, 0.925, 0.925, 0.8693467336683417, 0.925, 0.93, 0.9209999999999999, 0.9289999999999999, 0.915, 0.904, 0.879, 0.873, 0.815, 0.335]],
    "SS": [[0.14271356783919598, 0.5050000000000001, 0.21608040201005024, 0.254, 0.244, 0.22899999999999998, 0.217, 0.222, 0.21100000000000002, 0.21100000000000002, 0.215, 0.203, 0.191, 0.188, 0.193, 0.16482412060301507, 0.154, 0.155, 0.067, 0.0], [0.457286432160804, 0.17299999999999996, 0.29748743718592957, 0.18899999999999997, 0.195, 0.192, 0.20600000000000002, 0.213, 0.2, 0.18900000000000003, 0.185, 0.195, 0.183, 0.185, 0.183, 0.19999999999999998, 0.18900000000000003, 0.179, 0.163, 0.018000000000000002]]
}