{
    "CC": [[0.6560000000000001, 0.763, 0.8360000000000002, 0.8300000000000003, 0.8319999999999999, 0.824, 0.8219999999999998, 0.823, 0.8179999999999998, 0.8180000000000001, 0.8269999999999998, 0.8109999999999999, 0.8089999999999999, 0.812, 0.8269999999999998, 0.8240000000000001, 0.8280000000000001, 0.8390000000000001, 0.5889447236180904, 0.1505], [0.6719999999999999, 0.675, 0.6569999999999997, 0.6500000000000002, 0.6670000000000003, 0.6539999999999998, 0.7, 0.6859999999999999, 0.7040000000000001, 0.72, 0.7200000000000002, 0.722, 0.73, 0.7239999999999998, 0.738, 0.736, 0.738, 0.7389999999999999, 0.7316582914572864, 0.6509999999999999]],
    "CN": [[0.6880000000000002, 0.7979899497487436, 0.845, 0.8490000000000002, 0.9065326633165831, 0.9080808080808082, 0.8919999999999999, 0.9115577889447235, 0.9230000000000002, 0.9015075376884423, 0.8954773869346733, 0.882, 0.8899999999999999, 0.9055276381909547, 0.8703517587939698, 0.883, 0.895, 0.9115577889447235, 0.7489999999999999, 0.28442211055276384], [0.6280000000000002, 0.8497487437185931, 0.8569999999999999, 0.887, 0.8783919597989953, 0.891919191919192, 0.9090000000000003, 0.9085427135678392, 0.9179999999999999, 0.8924623115577889, 0.9025125628140703, 0.909, 0.9079999999999999, 0.8904522613065327, 0.9195979899497487, 0.91, 0.9205, 0.9095477386934672, 0.911, 0.6552763819095476]],
    "CS": [[0.66, 0.7800000000000001, 0.86, 0.903, 0.911, 0.9119999999999999, 0.9159999999999998, 0.9279999999999999, 0.9259999999999998, 0.9250000000000002, 0.9259999999999999, 0.9259999999999999, 0.9250000000000002, 0.9239999999999999, 0.9259999999999999, 0.9119999999999999, 0.9019999999999999, 0.9209999999999999, 0.8149999999999998, 0.217], [0.495, 0.834, 0.8680000000000001, 0.8949999999999997, 0.8919999999999999, 0.9200000000000002, 0.9149999999999998, 0.9099999999999998, 0.9309999999999999, 0.9209999999999999, 0.9200000000000002, 0.937, 0.932, 0.93, 0.932, 0.9309999999999999, 0.9279999999999999, 0.925, 0.9079999999999999, 0.418]],
    "NC": [[0.519, 0.698477157360406, 0.73030303030303, 0.7208121827411169, 0.704, 0.6100502512562813, 0.6313131313131313, 0.584848484848485, 0.5849246231155778, 0.5659999999999998, 0.5797979797979798, 0.5878787878787879, 0.5767676767676768, 0.5658291457286433, 0.5537688442211055, 0.55, 0.5755102040816326, 0.5482233502538071, 0.4757575757575757, 0.17766497461928935], [0.6430000000000001, 0.6771573604060914, 0.6535353535353534, 0.63756345177665, 0.6000000000000002, 0.6623115577889448, 0.6010101010101009, 0.593939393939394, 0.5959798994974874, 0.594, 0.604040404040404, 0.5979797979797981, 0.5777777777777777, 0.5768844221105527, 0.5788944723618091, 0.5880000000000001, 0.563265306122449, 0.5624365482233502, 0.40505050505050505, 0.22741116751269033]],
    "NN": [[0.5515463917525774, 0.7461139896373056, 0.8696969696969697, 0.8791878172588831, 0.8571428571428574, 0.883248730964467, 0.849746192893401, 0.8346938775510205, 0.8612244897959183, 0.798989898989899, 0.8422110552763821, 0.8641025641025641, 0.8122448979591836, 0.7887179487179488, 0.8112820512820512, 0.7695431472081218, 0.7402061855670102, 0.7271794871794871, 0.5416666666666666, 0.2793814432989691], [0.5979381443298972, 0.8082901554404144, 0.8075757575757575, 0.883248730964467, 0.8959183673469389, 0.8751269035532995, 0.883248730964467, 0.8948979591836735, 0.8357142857142857, 0.8383838383838386, 0.8100502512562814, 0.8133333333333331, 0.8295918367346939, 0.802051282051282, 0.7384615384615385, 0.7116751269035533, 0.7237113402061854, 0.678974358974359, 0.5354166666666665, 0.17010309278350516]],
    "NS": [[0.49543147208121824, 0.7270000000000003, 0.8578680203045685, 0.8340000000000002, 0.906532663316583, 0.8730000000000001, 0.9175879396984923, 0.9060913705583756, 0.864321608040201, 0.8793969849246229, 0.8545454545454545, 0.8582914572864321, 0.8373737373737374, 0.8623115577889449, 0.850251256281407, 0.814, 0.8221105527638191, 0.8343434343434343, 0.8402010050251257, 0.18686868686868688], [0.5086294416243655, 0.833, 0.87005076142132, 0.9069999999999999, 0.851256281407035, 0.9114999999999999, 0.8804020100502513, 0.8659898477157362, 0.8733668341708541, 0.8793969849246231, 0.8585858585858586, 0.848241206030151, 0.8636363636363636, 0.8331658291457286, 0.8532663316582914, 0.8799999999999999, 0.8683417085427135, 0.8373737373737373, 0.42110552763819104, 0.13939393939393938]],
    "SC": [[0.41700000000000004, 0.5790000000000001, 0.642, 0.6020000000000002, 0.601, 0.5990000000000001, 0.568, 0.5479999999999999, 0.537, 0.5529999999999999, 0.5379999999999999, 0.5119999999999999, 0.47900000000000004, 0.462, 0.4529999999999999, 0.387, 0.335, 0.29400000000000004, 0.081, 0.005], [0.6459999999999999, 0.6900000000000002, 0.7250000000000001, 0.7000000000000002, 0.6780000000000002, 0.6890000000000001, 0.6810000000000003, 0.6509999999999999, 0.66, 0.671, 0.6729999999999999, 0.665, 0.6489999999999999, 0.6389999999999999, 0.6150000000000001, 0.589, 0.533, 0.4960000000000001, 0.45350000000000007, 0.21500000000000002]],
    "SN": [[0.393, 0.5760000000000002, 0.6310000000000001, 0.66, 0.7537688442211053, 0.628, 0.613, 0.6350000000000001, 0.577, 0.5780000000000001, 0.605, 0.6713567839195979, 0.5798994974874372, 0.48399999999999993, 0.4759999999999999, 0.42211055276381926, 0.5015075376884423, 0.345, 0.131, 0.0], [0.6470000000000006, 0.7179999999999999, 0.7670000000000001, 0.764, 0.6512562814070352, 0.7300000000000001, 0.7430000000000001, 0.7390000000000001, 0.7390000000000001, 0.737, 0.732, 0.6100502512562813, 0.642211055276382, 0.685, 0.6140000000000001, 0.5869346733668341, 0.4170854271356785, 0.49300000000000005, 0.44999999999999996, 0.155]],
    "SS": [[0.43, 0.586, 0.659, 0.666, 0.6600000000000001, 0.622, 0.667, 0.6545000000000002, 0.6589999999999999, 0.639, 0.6180000000000001, 0.5969999999999999, 0.5690000000000001, 0.542, 0.5199999999999999, 0.5557788944723618, 0.4200000000000001, 0.358, 0.08100000000000002, 0.01], [0.4910000000000001, 0.682, 0.7210000000000001, 0.75, 0.753, 0.753, 0.742, 0.73, 0.7260000000000001, 0.7269999999999999, 0.7299999999999999, 0.7099999999999999, 0.6759999999999999, 0.667, 0.667, 0.5467336683417086, 0.551, 0.508, 0.442, 0.049]]
}