{
    "CCCC": [[0.275, 0.39, 0.40499999999999997, 0.39, 0.42000000000000004, 0.41500000000000004, 0.4, 0.4050000000000001, 0.43, 0.45, 0.45, 0.45500000000000007, 0.48, 0.475, 0.43000000000000005, 0.47000000000000003, 0.48, 0.45999999999999996, 0.475, 0.10500000000000001], [0.27999999999999997, 0.34, 0.42000000000000004, 0.4149999999999999, 0.395, 0.425, 0.43999999999999995, 0.445, 0.44499999999999995, 0.44000000000000006, 0.475, 0.44000000000000006, 0.475, 0.465, 0.465, 0.49000000000000005, 0.47000000000000003, 0.43499999999999994, 0.45, 0.0], [0.295, 0.395, 0.385, 0.4, 0.42000000000000004, 0.43999999999999995, 0.47000000000000003, 0.43, 0.41500000000000004, 0.45, 0.395, 0.465, 0.45, 0.44000000000000006, 0.45500000000000007, 0.43499999999999994, 0.44000000000000006, 0.4800000000000001, 0.445, 0.04], [0.28500000000000003, 0.38, 0.38, 0.43499999999999994, 0.44000000000000006, 0.4, 0.43999999999999995, 0.395, 0.43499999999999994, 0.45, 0.445, 0.45499999999999996, 0.465, 0.43499999999999994, 0.385, 0.475, 0.425, 0.45499999999999996, 0.37, 0.135]],
    "NNNN": [[0.27, 0.28, 0.375, 0.35, 0.36, 0.34500000000000003, 0.375, 0.33999999999999997, 0.36, 0.375, 0.35, 0.395, 0.385, 0.365, 0.4, 0.365, 0.425, 0.4, 0.4, 0.225], [0.25, 0.275, 0.315, 0.305, 0.29, 0.37, 0.375, 0.39, 0.33499999999999996, 0.4, 0.325, 0.36, 0.36, 0.40499999999999997, 0.41, 0.375, 0.375, 0.40499999999999997, 0.38, 0.2], [0.26, 0.31500000000000006, 0.275, 0.29000000000000004, 0.37, 0.31999999999999995, 0.36, 0.32999999999999996, 0.41, 0.355, 0.43499999999999994, 0.325, 0.35, 0.3, 0.375, 0.335, 0.375, 0.375, 0.335, 0.29], [0.25, 0.305, 0.30000000000000004, 0.325, 0.325, 0.37500000000000006, 0.33, 0.35, 0.33999999999999997, 0.375, 0.385, 0.365, 0.325, 0.375, 0.375, 0.35, 0.425, 0.39, 0.31, 0.175]],
    "SSSS": [[0.25, 0.28, 0.29500000000000004, 0.31, 0.34500000000000003, 0.365, 0.31, 0.35500000000000004, 0.34500000000000003, 0.315, 0.365, 0.35, 0.36, 0.35, 0.385, 0.275, 0.29500000000000004, 0.315, 0.355, 0.1], [0.26, 0.32, 0.315, 0.28500000000000003, 0.26999999999999996, 0.3, 0.37, 0.29500000000000004, 0.335, 0.39, 0.35, 0.325, 0.385, 0.3, 0.28, 0.3, 0.36, 0.33999999999999997, 0.30500000000000005, 0.05], [0.25, 0.32999999999999996, 0.3, 0.32500000000000007, 0.33999999999999997, 0.33999999999999997, 0.39, 0.34, 0.35500000000000004, 0.33999999999999997, 0.4, 0.375, 0.315, 0.425, 0.335, 0.325, 0.39, 0.305, 0.275, 0.0], [0.25, 0.31, 0.3, 0.31, 0.4, 0.315, 0.355, 0.375, 0.37, 0.37, 0.35, 0.315, 0.30500000000000005, 0.4, 0.325, 0.30500000000000005, 0.29, 0.325, 0.32999999999999996, 0.05]]
}