{"CC": [2.692383274514989, 3.2445121606546703], "CN": [0.4175599781314503, 0.5193763625482302], "CS": [0.31075797851406783, 0.7964646018739194], "NC": [2.529167308669765, 2.5035622731566103], "NN": [1.3582498925791118, 1.2511913921987006], "NS": [1.9070919233757522, 2.4669870614825573], "SC": [3.2918780510418846, 2.865873384865216], "SN": [1.395724269557886, 1.0344599229332814], "SS": [1.6440933270245957, 1.9452575058161357]}