{
    "CC": [1.3905811179429604, 2.2597041832147617], 
    "CN": [0.22958204670338125, 0.1972479207576071], 
    "CS": [0.5721092895224712, 0.6200427808832406], 
    "NC": [0.24347246994764418, 1.3919750851086707], 
    "NN": [1.2531850363463422, 0.9225911012634574], 
    "NS": [0.4683954508165934, 0.7266920926142679], 
    "SC": [3.2348037342709413, 3.1815639241839726], 
    "SN": [3.0628742850763735, 3.2484125125680587], 
    "SS": [0.8954760511828974, 0.5131887273626083]
}