{"CCCC": [[0.05, 0.07254901960784314, 0.07924528301886793, 0.07314814814814814, 0.07636363636363637, 0.08035714285714286, 0.08272727272727275, 0.08181818181818182, 0.07909090909090909, 0.08272727272727275, 0.09130434782608697, 0.09285714285714285, 0.08829787234042553, 0.09375, 0.08854166666666667, 0.08125, 0.086734693877551, 0.08775510204081632, 0.08163265306122448, 0.086734693877551], [0.05500000000000001, 0.07181818181818181, 0.06875000000000002, 0.07017543859649122, 0.07280701754385965, 0.07280701754385965, 0.0706896551724138, 0.0719298245614035, 0.07711864406779662, 0.07586206896551725, 0.07211538461538461, 0.07499999999999998, 0.07500000000000001, 0.07, 0.07870370370370369, 0.0693877551020408, 0.08163265306122448, 0.0693877551020408, 0.07142857142857142, 0.08163265306122448], [0.05900000000000001, 0.0625, 0.07592592592592591, 0.07410714285714287, 0.07672413793103448, 0.07833333333333334, 0.07295081967213116, 0.0694915254237288, 0.075, 0.07352941176470588, 0.0705357142857143, 0.07980769230769232, 0.07924528301886793, 0.07685185185185185, 0.07272727272727274, 0.06666666666666667, 0.06944444444444443, 0.07870370370370369, 0.07407407407407407, 0.07560975609756099], [0.05500000000000001, 0.06923076923076922, 0.07830188679245284, 0.08518518518518517, 0.07767857142857144, 0.0830357142857143, 0.0807017543859649, 0.07818181818181819, 0.08392857142857144, 0.08375, 0.08804347826086957, 0.09021739130434785, 0.09375, 0.08437499999999999, 0.08020833333333334, 0.08333333333333334, 0.08265306122448979, 0.08061224489795918, 0.08469387755102041, 0.08372093023255814]], "NNNN": [[0.05, 0.059433962264150944, 0.06018518518518518, 0.05625, 0.05603448275862069, 0.05948275862068965, 0.06293103448275862, 0.06206896551724138, 0.05344827586206897, 0.05909090909090909, 0.06339285714285715, 0.06206896551724138, 0.06896551724137931, 0.06982758620689655, 0.05344827586206897, 0.05948275862068966, 0.07327586206896551, 0.06293103448275862, 0.07327586206896551, 0.05775862068965518], [0.05, 0.059615384615384605, 0.06428571428571428, 0.05175438596491229, 0.0543859649122807, 0.05254237288135593, 0.05254237288135593, 0.05000000000000001, 0.059803921568627454, 0.05098039215686275, 0.052884615384615384, 0.0660377358490566, 0.05, 0.054807692307692314, 0.06057692307692308, 0.05961538461538461, 0.052884615384615384, 0.055769230769230765, 0.04615384615384615, 0.06538461538461537], [0.05, 0.05892857142857143, 0.0543859649122807, 0.05172413793103448, 0.0559322033898305, 0.056666666666666664, 0.06166666666666667, 0.06666666666666667, 0.06, 0.05350877192982456, 0.051694915254237285, 0.04750000000000001, 0.051666666666666666, 0.05416666666666667, 0.04750000000000001, 0.04583333333333334, 0.05416666666666667, 0.043333333333333335, 0.051666666666666666, 0.05333333333333332], [0.05, 0.057894736842105256, 0.06226415094339622, 0.060000000000000005, 0.053571428571428575, 0.05344827586206897, 0.05948275862068966, 0.05431034482758621, 0.058035714285714295, 0.05816326530612245, 0.05700000000000001, 0.06140350877192982, 0.0694915254237288, 0.05603448275862069, 0.06465517241379311, 0.05603448275862069, 0.06724137931034484, 0.06724137931034484, 0.06896551724137931, 0.06465517241379311]], "SSSS": [[0.05, 0.054807692307692314, 0.05, 0.03636363636363637, 0.04117647058823531, 0.043000000000000003, 0.04456521739130435, 0.046875, 0.04387755102040816, 0.05483870967741935, 0.049999999999999996, 0.047619047619047616, 0.054761904761904755, 0.05952380952380952, 0.06190476190476191, 0.06666666666666665, 0.04523809523809524, 0.05714285714285714, 0.05952380952380952, 0.06666666666666665], [0.05, 0.05600000000000001, 0.05784313725490197, 0.04803921568627452, 0.05, 0.05648148148148148, 0.05900000000000001, 0.045744680851063826, 0.05319148936170213, 0.05972222222222222, 0.05625000000000001, 0.05238095238095238, 0.056818181818181816, 0.06, 0.0675, 0.05, 0.06999999999999999, 0.05, 0.0625, 0.06], [0.05, 0.06020408163265307, 0.0519607843137255, 0.05098039215686275, 0.044230769230769226, 0.05185185185185184, 0.05090909090909091, 0.049999999999999996, 0.046875, 0.05, 0.059259259259259255, 0.044000000000000004, 0.056818181818181816, 0.060526315789473685, 0.060526315789473685, 0.052631578947368425, 0.039473684210526314, 0.04473684210526316, 0.06842105263157895, 0.052631578947368425], [0.05555555555555555, 0.055882352941176466, 0.04905660377358491, 0.04821428571428572, 0.044642857142857144, 0.0518867924528302, 0.048, 0.043750000000000004, 0.04489795918367347, 0.05, 0.051785714285714296, 0.058064516129032254, 0.05238095238095238, 0.047619047619047616, 0.047619047619047616, 0.05952380952380952, 0.06190476190476191, 0.047619047619047616, 0.05952380952380952, 0.07666666666666666]]}