{"CCCC": [[0.04634146341463415, 0.05402298850574713, 0.05000000000000001, 0.05, 0.05105263157894737, 0.05053191489361702, 0.05053191489361702, 0.05053763440860215, 0.051630434782608696, 0.0521978021978022, 0.05277777777777778, 0.052247191011235955, 0.05113636363636363, 0.05113636363636363, 0.05113636363636363, 0.05113636363636363, 0.05113636363636363, 0.05113636363636363, 0.05113636363636363, 0.05113636363636363], [0.04457831325301204, 0.048314606741573035, 0.04946236559139784, 0.04631578947368422, 0.04631578947368422, 0.04789473684210526, 0.05053191489361702, 0.05159574468085106, 0.05, 0.0521978021978022, 0.05055555555555555, 0.05112359550561797, 0.05113636363636363, 0.05113636363636363, 0.05113636363636363, 0.05113636363636363, 0.05113636363636363, 0.05113636363636363, 0.05113636363636363, 0.05113636363636363], [0.04578313253012048, 0.05397727272727272, 0.05159574468085106, 0.05103092783505155, 0.04948453608247423, 0.05, 0.04789473684210527, 0.05053191489361702, 0.04946236559139784, 0.049999999999999996, 0.05111111111111111, 0.05056179775280899, 0.049431818181818174, 0.04829545454545454, 0.04829545454545454, 0.04829545454545454, 0.04829545454545454, 0.04829545454545454, 0.04829545454545454, 0.049431818181818174], [0.03841463414634147, 0.05290697674418605, 0.0532258064516129, 0.05212765957446809, 0.05105263157894737, 0.049999999999999996, 0.05053191489361702, 0.0510752688172043, 0.05108695652173914, 0.0521978021978022, 0.05277777777777778, 0.051685393258426963, 0.05113636363636363, 0.05113636363636363, 0.05113636363636363, 0.05113636363636363, 0.05170454545454545, 0.05113636363636363, 0.05113636363636363, 0.05113636363636363]], "NNNN": [[0.03731343283582089, 0.06164383561643837, 0.05487804878048782, 0.053296703296703295, 0.05103092783505155, 0.049999999999999996, 0.048404255319148944, 0.04840425531914893, 0.048924731182795694, 0.04891304347826087, 0.049450549450549455, 0.05, 0.05, 0.05, 0.05, 0.05, 0.05, 0.05, 0.05, 0.05], [0.03768115942028986, 0.05897435897435899, 0.05232558139534885, 0.05105263157894737, 0.05056179775280899, 0.049494949494949494, 0.04846938775510203, 0.04791666666666666, 0.04893617021276595, 0.05054347826086957, 0.05054945054945055, 0.05, 0.05, 0.05, 0.05, 0.05, 0.05, 0.05, 0.05, 0.05], [0.038571428571428576, 0.060958904109589034, 0.05679012345679014, 0.0550561797752809, 0.050520833333333334, 0.048947368421052635, 0.04896907216494845, 0.049999999999999996, 0.05053191489361702, 0.05, 0.049999999999999996, 0.05, 0.05, 0.05, 0.05, 0.05, 0.05, 0.05, 0.05, 0.05], [0.036231884057971016, 0.05675675675675676, 0.054320987654320994, 0.05056179775280899, 0.05103092783505155, 0.049999999999999996, 0.04946808510638298, 0.047872340425531915, 0.04838709677419355, 0.049456521739130434, 0.049450549450549455, 0.05, 0.05, 0.05, 0.05, 0.05, 0.05, 0.05, 0.05, 0.05]], "SSSS": [[0.03984375, 0.05178571428571428, 0.050694444444444445, 0.058750000000000004, 0.048148148148148155, 0.047560975609756105, 0.046875, 0.04285714285714285, 0.047402597402597405, 0.04710144927536232, 0.04692307692307693, 0.050833333333333335, 0.04736842105263158, 0.05, 0.04905660377358491, 0.05, 0.05, 0.05, 0.05, 0.049], [0.040909090909090916, 0.05076923076923076, 0.05273972602739727, 0.05065789473684211, 0.050602409638554204, 0.048192771084337345, 0.048170731707317074, 0.046153846153846156, 0.04666666666666666, 0.04642857142857143, 0.04453125, 0.04596774193548388, 0.04741379310344828, 0.04818181818181819, 0.048113207547169815, 0.04901960784313726, 0.05, 0.05, 0.05, 0.05], [0.03787878787878788, 0.05, 0.05526315789473685, 0.0528125, 0.049397590361445774, 0.048148148148148155, 0.050609756097560986, 0.04878048780487806, 0.0445945945945946, 0.04785714285714286, 0.04615384615384615, 0.047580645161290326, 0.04655172413793104, 0.049090909090909095, 0.04903846153846154, 0.05, 0.05, 0.048, 0.05, 0.05], [0.04032258064516129, 0.054929577464788736, 0.05945945945945946, 0.05194805194805195, 0.050609756097560986, 0.048192771084337345, 0.04879518072289156, 0.04493670886075949, 0.04802631578947369, 0.04710144927536232, 0.04923076923076923, 0.04916666666666667, 0.05000000000000001, 0.04814814814814815, 0.05, 0.04901960784313726, 0.05, 0.05, 0.05, 0.05]]}