{"CCCC": [[0.05337078651685393, 0.056818181818181816, 0.05444444444444445, 0.05337078651685393, 0.054945054945054944, 0.05277777777777778, 0.05444444444444445, 0.05555555555555555, 0.05277777777777778, 0.05555555555555555, 0.05555555555555555, 0.05388888888888889, 0.05388888888888889, 0.05277777777777778, 0.05277777777777778, 0.05555555555555555, 0.05555555555555555, 0.05555555555555555, 0.05555555555555555, 0.05555555555555555], [0.060144927536231886, 0.06597222222222222, 0.06458333333333334, 0.06351351351351352, 0.06164383561643836, 0.06506849315068493, 0.06164383561643836, 0.06643835616438357, 0.06712328767123288, 0.06756756756756756, 0.06756756756756756, 0.06418918918918919, 0.06418918918918919, 0.06418918918918919, 0.06756756756756756, 0.06756756756756756, 0.06418918918918919, 0.06756756756756756, 0.06418918918918919, 0.06216216216216215], [0.05764705882352942, 0.05813953488372093, 0.05581395348837209, 0.05813953488372093, 0.05813953488372093, 0.05813953488372093, 0.05813953488372093, 0.05813953488372093, 0.05813953488372093, 0.05813953488372093, 0.0563953488372093, 0.05813953488372093, 0.05813953488372093, 0.05697674418604652, 0.05813953488372093, 0.05813953488372093, 0.05813953488372093, 0.05813953488372093, 0.05813953488372093, 0.05813953488372093], [0.052941176470588235, 0.0550561797752809, 0.05511363636363636, 0.0543956043956044, 0.05388888888888889, 0.052222222222222225, 0.05449438202247191, 0.05277777777777778, 0.05277777777777778, 0.05444444444444445, 0.05555555555555555, 0.05555555555555555, 0.05277777777777778, 0.05555555555555555, 0.05444444444444445, 0.05555555555555555, 0.05555555555555555, 0.05277777777777778, 0.05555555555555555, 0.05555555555555555]], "NNNN": [[0.058955223880597006, 0.06538461538461539, 0.06893939393939394, 0.07196969696969698, 0.07265625, 0.06825396825396826, 0.06825396825396826, 0.07580645161290323, 0.07459016393442623, 0.07203389830508473, 0.07333333333333335, 0.06833333333333333, 0.075, 0.06416666666666666, 0.06583333333333334, 0.0725, 0.07333333333333335, 0.0725, 0.075, 0.07333333333333335], [0.05476190476190477, 0.0598360655737705, 0.07416666666666667, 0.06206896551724138, 0.06896551724137931, 0.06525423728813559, 0.0635593220338983, 0.07033898305084746, 0.06293103448275862, 0.06509433962264151, 0.06037735849056604, 0.06057692307692308, 0.06346153846153846, 0.06442307692307693, 0.0673076923076923, 0.06346153846153846, 0.06057692307692308, 0.05961538461538461, 0.05673076923076924, 0.07019230769230769], [0.058208955223880594, 0.05859375, 0.06171875, 0.06640625, 0.0671875, 0.0676923076923077, 0.07121212121212123, 0.0671875, 0.06875, 0.0696969696969697, 0.06475409836065575, 0.06666666666666667, 0.06583333333333334, 0.06186440677966101, 0.06034482758620689, 0.06465517241379311, 0.06896551724137931, 0.06896551724137931, 0.06293103448275862, 0.0663793103448276], [0.05819672131147542, 0.06076923076923077, 0.06567164179104479, 0.07424242424242425, 0.07187500000000001, 0.06692307692307692, 0.07142857142857144, 0.07016129032258063, 0.07540983606557376, 0.07627118644067796, 0.075, 0.07333333333333335, 0.07166666666666667, 0.07333333333333335, 0.07333333333333335, 0.075, 0.0725, 0.06666666666666667, 0.06916666666666667, 0.07083333333333333]], "SSSS": [[0.049253731343283584, 0.05887096774193549, 0.05655737704918034, 0.05819672131147542, 0.06825396825396826, 0.05737704918032787, 0.05762711864406779, 0.06120689655172415, 0.06785714285714287, 0.06296296296296296, 0.064, 0.057999999999999996, 0.0663265306122449, 0.05319148936170213, 0.05319148936170213, 0.06170212765957446, 0.06914893617021277, 0.06489361702127659, 0.06595744680851064, 0.06382978723404255], [0.057547169811320756, 0.06634615384615385, 0.0669811320754717, 0.06320754716981132, 0.059433962264150944, 0.08152173913043478, 0.061458333333333344, 0.0702127659574468, 0.061956521739130445, 0.06744186046511627, 0.06477272727272727, 0.04302325581395349, 0.05581395348837209, 0.060465116279069774, 0.060465116279069774, 0.05465116279069768, 0.06395348837209303, 0.06627906976744187, 0.05232558139534884, 0.05476190476190477], [0.052678571428571436, 0.06864406779661016, 0.06578947368421052, 0.06206896551724138, 0.05701754385964912, 0.06525423728813559, 0.05172413793103448, 0.06578947368421052, 0.04814814814814815, 0.0607843137254902, 0.060000000000000005, 0.06333333333333334, 0.042222222222222223, 0.061111111111111116, 0.05444444444444445, 0.06333333333333334, 0.06888888888888889, 0.061111111111111116, 0.05777777777777778, 0.052222222222222225], [0.0518867924528302, 0.05923076923076923, 0.05952380952380953, 0.06271186440677966, 0.0635593220338983, 0.05901639344262295, 0.06129032258064516, 0.05775862068965518, 0.0625, 0.06521739130434782, 0.059803921568627454, 0.06122448979591836, 0.05918367346938775, 0.0625, 0.07127659574468086, 0.05851063829787234, 0.06382978723404255, 0.06702127659574468, 0.05638297872340425, 0.06914893617021277]]}