{"CCCC": [[0.0525, 0.06716417910447761, 0.0625, 0.0625, 0.058125, 0.05548780487804878, 0.057926829268292686, 0.057926829268292686, 0.057926829268292686, 0.05975609756097562, 0.05975609756097562, 0.06097560975609757, 0.06097560975609757, 0.05487804878048781, 0.05487804878048781, 0.057926829268292686, 0.06097560975609757, 0.06097560975609757, 0.06097560975609757, 0.06097560975609757], [0.05833333333333333, 0.06136363636363636, 0.06357142857142857, 0.06095890410958904, 0.05866666666666667, 0.05921052631578948, 0.06266666666666668, 0.064, 0.06333333333333332, 0.06333333333333332, 0.06081081081081081, 0.06466666666666666, 0.06666666666666667, 0.06466666666666666, 0.06466666666666666, 0.06666666666666667, 0.06666666666666667, 0.06666666666666667, 0.06333333333333332, 0.06666666666666667], [0.05689655172413793, 0.06875, 0.06470588235294118, 0.06351351351351352, 0.05897435897435897, 0.058024691358024696, 0.05975609756097562, 0.05914634146341464, 0.06097560975609757, 0.05365853658536587, 0.06036585365853659, 0.052439024390243914, 0.06097560975609757, 0.057926829268292686, 0.05975609756097562, 0.05975609756097562, 0.057926829268292686, 0.05487804878048781, 0.057926829268292686, 0.05609756097560976], [0.05327868852459017, 0.06384615384615386, 0.06197183098591551, 0.06447368421052632, 0.058125, 0.054268292682926836, 0.05609756097560976, 0.057926829268292686, 0.05487804878048781, 0.05670731707317074, 0.05975609756097562, 0.057926829268292686, 0.057926829268292686, 0.057926829268292686, 0.05365853658536587, 0.05487804878048781, 0.05914634146341464, 0.057926829268292686, 0.06097560975609757, 0.06097560975609757]], "NNNN": [[0.05096153846153846, 0.07758620689655174, 0.07109375000000001, 0.06714285714285714, 0.057565789473684216, 0.058750000000000004, 0.0625, 0.058125, 0.0625, 0.0625, 0.061875, 0.061875, 0.058125, 0.05625, 0.0625, 0.058125, 0.0625, 0.059375, 0.061250000000000006, 0.059375], [0.05, 0.07053571428571428, 0.07109375000000001, 0.06838235294117648, 0.061486486486486476, 0.060897435897435896, 0.06329113924050632, 0.058125, 0.061250000000000006, 0.06066666666666666, 0.055625, 0.061250000000000006, 0.0625, 0.0625, 0.0625, 0.059375, 0.059375, 0.0625, 0.053125, 0.060000000000000005], [0.051923076923076926, 0.07758620689655173, 0.0703125, 0.07, 0.05789473684210528, 0.0625, 0.061250000000000006, 0.0625, 0.060625, 0.0625, 0.06012658227848101, 0.061875, 0.0625, 0.060625, 0.053125, 0.0625, 0.059375, 0.059375, 0.0625, 0.06333333333333332], [0.05, 0.0634920634920635, 0.07307692307692307, 0.06785714285714285, 0.060897435897435896, 0.055625, 0.060625, 0.0625, 0.0625, 0.0625, 0.06012658227848101, 0.055625, 0.0625, 0.0625, 0.05625, 0.0625, 0.0625, 0.0625, 0.0625, 0.0625]], "SSSS": [[0.054000000000000006, 0.08301886792452831, 0.08125, 0.07796610169491526, 0.075, 0.07164179104477611, 0.06323529411764706, 0.06119402985074626, 0.06557971014492753, 0.0623076923076923, 0.06031746031746032, 0.06532258064516129, 0.0598360655737705, 0.06557377049180328, 0.06147540983606558, 0.06557377049180328, 0.06557377049180328, 0.06557377049180328, 0.0639344262295082, 0.06557377049180328], [0.05, 0.06379310344827586, 0.07421874999999999, 0.06785714285714285, 0.05855263157894737, 0.058750000000000004, 0.0696969696969697, 0.06267605633802817, 0.05955882352941176, 0.06461538461538462, 0.06171875, 0.06692307692307692, 0.06451612903225806, 0.056666666666666664, 0.06416666666666666, 0.06666666666666667, 0.06666666666666667, 0.0625, 0.0625, 0.06666666666666667], [0.05, 0.08018867924528301, 0.08090909090909092, 0.07807017543859648, 0.08000000000000002, 0.07619047619047621, 0.06846153846153846, 0.06885245901639345, 0.07016129032258063, 0.06440677966101695, 0.07105263157894737, 0.06090909090909091, 0.07592592592592591, 0.07075471698113207, 0.07547169811320756, 0.07547169811320756, 0.06886792452830189, 0.07547169811320756, 0.06132075471698114, 0.07547169811320756], [0.05294117647058824, 0.08942307692307692, 0.07909090909090909, 0.07966101694915255, 0.06854838709677419, 0.0753846153846154, 0.06884057971014491, 0.06159420289855072, 0.06044776119402984, 0.06287878787878787, 0.06484375, 0.06290322580645161, 0.06147540983606558, 0.06557377049180328, 0.05737704918032787, 0.06557377049180328, 0.06557377049180328, 0.06557377049180328, 0.06557377049180328, 0.06557377049180328]]}