{"CCCC": [[0.041176470588235294, 0.061333333333333344, 0.05853658536585366, 0.054545454545454536, 0.05380434782608696, 0.0521978021978022, 0.0532258064516129, 0.048333333333333325, 0.049444444444444444, 0.052247191011235955, 0.05227272727272726, 0.052873563218390804, 0.05459770114942529, 0.05406976744186047, 0.055882352941176466, 0.055357142857142855, 0.05421686746987951, 0.05421686746987951, 0.05421686746987951, 0.05421686746987951], [0.04, 0.06418918918918919, 0.06139240506329114, 0.05542168674698794, 0.05632183908045978, 0.051098901098901105, 0.052222222222222225, 0.053296703296703295, 0.05111111111111111, 0.05337078651685393, 0.05056818181818181, 0.05172413793103449, 0.05290697674418605, 0.05352941176470589, 0.05416666666666666, 0.05421686746987951, 0.05421686746987951, 0.05421686746987951, 0.05421686746987951, 0.05421686746987951], [0.041176470588235294, 0.062328767123287665, 0.06089743589743591, 0.05764705882352942, 0.0550561797752809, 0.054945054945054944, 0.053296703296703295, 0.0543956043956044, 0.053296703296703295, 0.05333333333333333, 0.05337078651685393, 0.05227272727272726, 0.05402298850574713, 0.053488372093023255, 0.05352941176470588, 0.05357142857142857, 0.05421686746987951, 0.05421686746987951, 0.05421686746987951, 0.05421686746987951], [0.0427536231884058, 0.06283783783783783, 0.05987654320987655, 0.05561797752808988, 0.05380434782608696, 0.051630434782608696, 0.05108695652173914, 0.04835164835164836, 0.048333333333333325, 0.051685393258426963, 0.05170454545454545, 0.052873563218390804, 0.053488372093023255, 0.055232558139534885, 0.05411764705882353, 0.051785714285714275, 0.05421686746987951, 0.05421686746987951, 0.05421686746987951, 0.05421686746987951]], "NNNN": [[0.041269841269841276, 0.060000000000000005, 0.05921052631578948, 0.060256410256410264, 0.05654761904761904, 0.055232558139534885, 0.05406976744186047, 0.05201149425287357, 0.05517241379310346, 0.049425287356321845, 0.05, 0.050588235294117656, 0.05, 0.050617283950617285, 0.05, 0.05064935064935065, 0.05266666666666666, 0.05138888888888889, 0.05111940298507462, 0.051694915254237285], [0.040625, 0.06250000000000001, 0.06081081081081081, 0.058125, 0.05975609756097562, 0.055882352941176466, 0.052873563218390804, 0.05284090909090909, 0.051123595505617986, 0.049999999999999996, 0.043678160919540236, 0.04709302325581395, 0.04821428571428571, 0.04695121951219513, 0.04687500000000001, 0.047435897435897434, 0.052000000000000005, 0.050684931506849315, 0.050757575757575765, 0.056140350877192984], [0.04032258064516129, 0.06340579710144927, 0.060666666666666674, 0.05822784810126583, 0.05542168674698794, 0.056249999999999994, 0.0550561797752809, 0.05444444444444445, 0.055, 0.05337078651685393, 0.049999999999999996, 0.05113636363636363, 0.05229885057471265, 0.05180722891566265, 0.05123456790123456, 0.049367088607594936, 0.054545454545454536, 0.052027027027027016, 0.05144927536231884, 0.053125], [0.0390625, 0.06086956521739129, 0.05866666666666667, 0.05864197530864197, 0.057738095238095234, 0.05117647058823529, 0.05568181818181818, 0.054545454545454536, 0.05517241379310345, 0.05517241379310346, 0.05459770114942529, 0.051190476190476196, 0.05240963855421687, 0.05308641975308643, 0.04620253164556962, 0.048701298701298704, 0.050675675675675665, 0.05, 0.05298507462686567, 0.055]], "SSSS": [[0.041666666666666664, 0.05245901639344263, 0.06048387096774193, 0.06343283582089553, 0.05149253731343284, 0.050746268656716415, 0.05234375, 0.05538461538461538, 0.043650793650793655, 0.04435483870967742, 0.041525423728813564, 0.046363636363636364, 0.03673469387755102, 0.03837209302325581, 0.04210526315789474, 0.041666666666666664, 0.043181818181818175, 0.06666666666666667, 0.04999999999999999, 0.08333333333333334], [0.04716981132075472, 0.06290322580645161, 0.06439393939393939, 0.05882352941176471, 0.05434782608695651, 0.05076923076923076, 0.05833333333333333, 0.04285714285714285, 0.04765625, 0.04677419354838709, 0.039830508474576275, 0.036792452830188685, 0.043, 0.035555555555555556, 0.03289473684210526, 0.03103448275862069, 0.03409090909090909, 0.030769230769230767, 0.05714285714285714, 0.049999999999999996], [0.0423728813559322, 0.06031746031746032, 0.05615384615384616, 0.05735294117647059, 0.05390625, 0.05454545454545455, 0.052941176470588235, 0.049275362318840575, 0.05298507462686568, 0.046969696969696974, 0.04180327868852459, 0.04107142857142857, 0.047, 0.045652173913043485, 0.04642857142857143, 0.036666666666666674, 0.03636363636363636, 0.05333333333333334, 0.05, 0.05], [0.043965517241379315, 0.051666666666666666, 0.05859375, 0.0623076923076923, 0.052941176470588235, 0.054477611940298494, 0.05384615384615385, 0.04846153846153846, 0.048412698412698414, 0.0459016393442623, 0.03898305084745763, 0.038181818181818185, 0.037, 0.04111111111111111, 0.04027777777777778, 0.04000000000000001, 0.045454545454545456, 0.053571428571428575, 0.049999999999999996, 0.125]]}