{"CCCC": [[0.05508474576271186, 0.06693548387096775, 0.07164179104477614, 0.07007042253521126, 0.06633333333333333, 0.06333333333333332, 0.06533333333333334, 0.05405405405405406, 0.06533333333333334, 0.06066666666666666, 0.06266666666666668, 0.066, 0.06666666666666667, 0.06466666666666666, 0.06666666666666667, 0.06333333333333332, 0.06666666666666667, 0.06333333333333332, 0.06666666666666667, 0.06666666666666667], [0.06034482758620689, 0.07222222222222222, 0.06666666666666668, 0.06884057971014491, 0.06785714285714285, 0.06714285714285714, 0.06857142857142857, 0.06521739130434782, 0.07, 0.07142857142857142, 0.07142857142857142, 0.07142857142857142, 0.07142857142857142, 0.06785714285714285, 0.07, 0.06571428571428571, 0.07142857142857142, 0.07142857142857142, 0.07142857142857142, 0.07142857142857142], [0.056363636363636366, 0.07719298245614035, 0.07741935483870967, 0.06875, 0.06742424242424243, 0.07352941176470588, 0.07058823529411766, 0.07205882352941177, 0.06985294117647059, 0.06838235294117648, 0.06911764705882353, 0.07352941176470588, 0.07352941176470588, 0.07205882352941177, 0.06985294117647059, 0.06838235294117648, 0.07205882352941177, 0.07205882352941177, 0.07352941176470588, 0.07352941176470588], [0.06037735849056604, 0.06984126984126986, 0.07045454545454546, 0.06736111111111112, 0.06333333333333332, 0.062000000000000006, 0.061486486486486476, 0.06333333333333332, 0.06554054054054054, 0.06466666666666666, 0.066, 0.06666666666666667, 0.06666666666666667, 0.06466666666666666, 0.06666666666666667, 0.06666666666666667, 0.066, 0.06666666666666667, 0.06666666666666667, 0.06666666666666667]], "NNNN": [[0.05294117647058824, 0.08018867924528301, 0.07727272727272727, 0.07758620689655173, 0.07868852459016394, 0.07421874999999999, 0.065, 0.0696969696969697, 0.07045454545454546, 0.07575757575757576, 0.07424242424242425, 0.07575757575757576, 0.07575757575757576, 0.06818181818181819, 0.07196969696969698, 0.07196969696969698, 0.06666666666666668, 0.06818181818181819, 0.06818181818181819, 0.07575757575757576], [0.05098039215686275, 0.06666666666666667, 0.07096774193548387, 0.06940298507462686, 0.06338028169014084, 0.0636986301369863, 0.06780821917808219, 0.0684931506849315, 0.06643835616438357, 0.0684931506849315, 0.06712328767123288, 0.0684931506849315, 0.0684931506849315, 0.0636986301369863, 0.0684931506849315, 0.06643835616438357, 0.0684931506849315, 0.06643835616438357, 0.0684931506849315, 0.0684931506849315], [0.05294117647058824, 0.07314814814814814, 0.07719298245614035, 0.07916666666666666, 0.07177419354838709, 0.07421874999999999, 0.07307692307692307, 0.06640625, 0.078125, 0.078125, 0.078125, 0.0703125, 0.078125, 0.07421874999999999, 0.07421874999999999, 0.07421874999999999, 0.075, 0.07421874999999999, 0.078125, 0.07734374999999999], [0.052000000000000005, 0.07543859649122808, 0.08035714285714286, 0.07758620689655173, 0.07903225806451614, 0.07578125, 0.07384615384615384, 0.06923076923076923, 0.06893939393939395, 0.075, 0.07196969696969698, 0.06212121212121212, 0.07575757575757576, 0.06818181818181819, 0.07196969696969698, 0.07424242424242425, 0.07196969696969698, 0.07575757575757576, 0.07575757575757576, 0.07575757575757576]], "SSSS": [[0.051923076923076926, 0.06826923076923078, 0.07272727272727274, 0.08660714285714285, 0.07894736842105263, 0.08157894736842104, 0.07105263157894737, 0.0807017543859649, 0.06909090909090909, 0.07452830188679246, 0.07211538461538461, 0.07403846153846154, 0.07403846153846154, 0.07692307692307693, 0.07596153846153847, 0.07211538461538461, 0.08265306122448979, 0.08297872340425531, 0.08191489361702127, 0.078125], [0.04901960784313726, 0.0792452830188679, 0.07909090909090909, 0.08214285714285716, 0.07982456140350876, 0.06293103448275864, 0.08448275862068967, 0.08189655172413793, 0.08214285714285714, 0.07545454545454545, 0.08018867924528301, 0.08301886792452831, 0.08018867924528301, 0.08301886792452831, 0.0820754716981132, 0.08113207547169811, 0.07980769230769232, 0.08125, 0.07708333333333334, 0.08125], [0.052000000000000005, 0.06818181818181819, 0.06666666666666667, 0.06428571428571428, 0.0664179104477612, 0.05985915492957747, 0.06499999999999999, 0.065, 0.06475409836065575, 0.06967213114754099, 0.06666666666666667, 0.06639344262295081, 0.06416666666666666, 0.06721311475409836, 0.07083333333333333, 0.0715686274509804, 0.07549019607843138, 0.07058823529411765, 0.07647058823529412, 0.06951219512195124], [0.051000000000000004, 0.07636363636363636, 0.07830188679245284, 0.07678571428571429, 0.0824561403508772, 0.0736842105263158, 0.07241379310344827, 0.0807017543859649, 0.06545454545454545, 0.07547169811320756, 0.08173076923076923, 0.07980769230769232, 0.07692307692307693, 0.07211538461538461, 0.07692307692307693, 0.07692307692307693, 0.074, 0.07659574468085106, 0.08191489361702127, 0.08191489361702127]]}