{"CCCC": [[0.05500000000000001, 0.07222222222222222, 0.06982758620689655, 0.065, 0.06666666666666668, 0.06587301587301587, 0.06153846153846154, 0.06428571428571431, 0.0671875, 0.0703125, 0.06923076923076923, 0.07, 0.07384615384615384, 0.07307692307692307, 0.06615384615384616, 0.07230769230769231, 0.07384615384615384, 0.07076923076923076, 0.07307692307692307, 0.08750000000000001], [0.055999999999999994, 0.068, 0.084, 0.08299999999999999, 0.079, 0.08499999999999999, 0.088, 0.089, 0.089, 0.08800000000000001, 0.095, 0.08800000000000001, 0.095, 0.093, 0.093, 0.098, 0.094, 0.087, 0.09, 0], [0.059, 0.07314814814814814, 0.07129629629629629, 0.07142857142857144, 0.0736842105263158, 0.07586206896551724, 0.07833333333333334, 0.07166666666666667, 0.06916666666666667, 0.0737704918032787, 0.06475409836065575, 0.07622950819672132, 0.0737704918032787, 0.07213114754098363, 0.07459016393442625, 0.07131147540983607, 0.07213114754098363, 0.07868852459016396, 0.07295081967213116, 0.04], [0.05700000000000001, 0.07307692307692308, 0.06785714285714287, 0.07131147540983607, 0.07096774193548387, 0.0634920634920635, 0.06984126984126983, 0.06171875, 0.06796874999999998, 0.0703125, 0.06953125, 0.06999999999999999, 0.07153846153846154, 0.06692307692307692, 0.05923076923076923, 0.07307692307692307, 0.06538461538461539, 0.06999999999999999, 0.074, 0.084375]], "NNNN": [[0.054000000000000006, 0.05384615384615385, 0.06944444444444443, 0.06481481481481481, 0.06666666666666667, 0.06272727272727273, 0.06818181818181818, 0.061818181818181814, 0.06545454545454545, 0.06818181818181818, 0.06363636363636363, 0.07181818181818182, 0.07, 0.06636363636363636, 0.07272727272727274, 0.06636363636363636, 0.07727272727272727, 0.07272727272727274, 0.08, 0.0642857142857143], [0.05, 0.05392156862745099, 0.061764705882352944, 0.059803921568627454, 0.056862745098039215, 0.07254901960784314, 0.07352941176470588, 0.07647058823529412, 0.06568627450980392, 0.07843137254901962, 0.06372549019607844, 0.07058823529411765, 0.07058823529411765, 0.07941176470588235, 0.0803921568627451, 0.07352941176470588, 0.07352941176470588, 0.07941176470588235, 0.07450980392156864, 0.09523809523809523], [0.052000000000000005, 0.05833333333333334, 0.04910714285714286, 0.05000000000000001, 0.06379310344827586, 0.05517241379310344, 0.06206896551724138, 0.05689655172413793, 0.0706896551724138, 0.061206896551724135, 0.075, 0.05603448275862069, 0.06034482758620689, 0.05172413793103448, 0.06465517241379311, 0.05775862068965518, 0.06465517241379311, 0.06465517241379311, 0.05775862068965518, 0.06744186046511627], [0.05, 0.057547169811320756, 0.057692307692307696, 0.06132075471698114, 0.06018518518518518, 0.06944444444444445, 0.060000000000000005, 0.06363636363636363, 0.061818181818181814, 0.06818181818181818, 0.07, 0.06636363636363636, 0.05909090909090909, 0.06818181818181818, 0.06818181818181818, 0.06363636363636363, 0.07727272727272727, 0.07090909090909091, 0.056363636363636366, 0.05468749999999999]], "SSSS": [[0.05, 0.05600000000000001, 0.05673076923076924, 0.05849056603773585, 0.06272727272727273, 0.06886792452830189, 0.0574074074074074, 0.06454545454545456, 0.06272727272727273, 0.057272727272727274, 0.06636363636363636, 0.06363636363636363, 0.06545454545454545, 0.06363636363636363, 0.07, 0.04910714285714286, 0.052678571428571436, 0.05625, 0.07717391304347826, 0.06666666666666667], [0.052000000000000005, 0.064, 0.063, 0.05700000000000001, 0.05399999999999999, 0.06, 0.074, 0.05900000000000001, 0.067, 0.078, 0.06999999999999999, 0.065, 0.077, 0.06, 0.05384615384615385, 0.05660377358490566, 0.06792452830188679, 0.06415094339622641, 0.05754716981132076, 0.1], [0.05, 0.06470588235294117, 0.05769230769230769, 0.061320754716981146, 0.06296296296296296, 0.061818181818181814, 0.07090909090909091, 0.06181818181818182, 0.06454545454545456, 0.061818181818181814, 0.07272727272727274, 0.06818181818181818, 0.057272727272727274, 0.08499999999999999, 0.067, 0.065, 0.078, 0.061, 0.06875, 0], [0.05, 0.0607843137254902, 0.058823529411764705, 0.05849056603773585, 0.07547169811320756, 0.063, 0.06574074074074074, 0.06818181818181818, 0.06727272727272728, 0.06727272727272728, 0.06363636363636363, 0.057272727272727274, 0.055454545454545465, 0.07272727272727274, 0.06018518518518518, 0.055454545454545465, 0.05178571428571428, 0.058035714285714295, 0.05892857142857143, 0.1]]}