{"CCCC": [[0.06031746031746032, 0.0703125, 0.071875, 0.0708955223880597, 0.07045454545454546, 0.07388059701492537, 0.07238805970149254, 0.07238805970149254, 0.07313432835820896, 0.0708955223880597, 0.07238805970149254, 0.07313432835820896, 0.07462686567164178, 0.07462686567164178, 0.07462686567164178, 0.07238805970149254, 0.07462686567164178, 0.07313432835820896, 0.07313432835820896, 0.07462686567164178], [0.05818181818181818, 0.07461538461538461, 0.06692307692307692, 0.06999999999999999, 0.07153846153846154, 0.07153846153846154, 0.07230769230769231, 0.07692307692307693, 0.07692307692307693, 0.07461538461538463, 0.07692307692307693, 0.07692307692307693, 0.07461538461538461, 0.07615384615384616, 0.07692307692307693, 0.07692307692307693, 0.07692307692307693, 0.07692307692307693, 0.07153846153846154, 0.07692307692307693], [0.06796874999999998, 0.06746031746031746, 0.06953124999999999, 0.06999999999999999, 0.07692307692307693, 0.07692307692307693, 0.07076923076923076, 0.07692307692307693, 0.07121212121212123, 0.06999999999999999, 0.07692307692307693, 0.0753846153846154, 0.07692307692307693, 0.07692307692307693, 0.07692307692307693, 0.07692307692307693, 0.07692307692307693, 0.07692307692307693, 0.07692307692307693, 0.07692307692307693], [0.05808823529411765, 0.07222222222222223, 0.0717741935483871, 0.071875, 0.07014925373134329, 0.0696969696969697, 0.06666666666666668, 0.07462686567164178, 0.07462686567164178, 0.06716417910447761, 0.07462686567164178, 0.07462686567164178, 0.0708955223880597, 0.07238805970149254, 0.07462686567164178, 0.07462686567164178, 0.07462686567164178, 0.0708955223880597, 0.07462686567164178, 0.07238805970149254]], "NNNN": [[0.05865384615384616, 0.07452830188679245, 0.07777777777777778, 0.0810344827586207, 0.07931034482758623, 0.075, 0.07155172413793102, 0.08189655172413793, 0.0793103448275862, 0.08620689655172414, 0.07586206896551725, 0.08362068965517241, 0.07844827586206896, 0.08620689655172414, 0.075, 0.08620689655172414, 0.08620689655172414, 0.0793103448275862, 0.08620689655172414, 0.08448275862068967], [0.051515151515151514, 0.058208955223880594, 0.06136363636363636, 0.06571428571428573, 0.06642857142857143, 0.06285714285714286, 0.05928571428571429, 0.07, 0.07, 0.06214285714285713, 0.07071428571428572, 0.06928571428571428, 0.06571428571428571, 0.07142857142857142, 0.06785714285714285, 0.06642857142857143, 0.06928571428571428, 0.0642857142857143, 0.06857142857142857, 0.07], [0.06090909090909091, 0.07142857142857142, 0.07589285714285715, 0.07586206896551725, 0.07241379310344828, 0.07627118644067796, 0.08135593220338982, 0.07881355932203389, 0.07966101694915255, 0.07796610169491525, 0.07796610169491525, 0.08305084745762713, 0.08305084745762713, 0.08050847457627118, 0.07881355932203389, 0.08220338983050847, 0.07881355932203389, 0.08135593220338982, 0.0847457627118644, 0.08050847457627118], [0.057272727272727274, 0.08396226415094339, 0.0830188679245283, 0.07181818181818182, 0.07982456140350878, 0.07758620689655173, 0.08362068965517241, 0.0853448275862069, 0.08189655172413793, 0.07758620689655173, 0.08189655172413793, 0.08275862068965517, 0.07586206896551724, 0.08189655172413793, 0.08448275862068967, 0.08620689655172414, 0.07758620689655173, 0.08448275862068967, 0.08189655172413793, 0.08620689655172414]], "SSSS": [[0.058928571428571434, 0.07704918032786887, 0.07807017543859648, 0.06403508771929825, 0.07105263157894738, 0.08333333333333333, 0.0705357142857143, 0.08333333333333333, 0.0830357142857143, 0.07407407407407407, 0.07735849056603773, 0.07547169811320756, 0.08301886792452831, 0.0820754716981132, 0.0849056603773585, 0.07358490566037737, 0.07830188679245284, 0.0849056603773585, 0.08018867924528301, 0.079], [0.06, 0.0663265306122449, 0.08100000000000002, 0.078, 0.08499999999999999, 0.086, 0.083, 0.08367346938775509, 0.078, 0.07708333333333334, 0.08260869565217392, 0.07608695652173914, 0.08369565217391305, 0.08863636363636364, 0.0818181818181818, 0.0875, 0.0875, 0.08863636363636364, 0.08522727272727272, 0.08378378378378377], [0.051923076923076926, 0.07254901960784314, 0.06634615384615383, 0.08269230769230769, 0.07254901960784314, 0.08529411764705881, 0.07980769230769232, 0.08529411764705881, 0.08499999999999999, 0.08, 0.07653061224489795, 0.08061224489795916, 0.09479166666666666, 0.09574468085106383, 0.08829787234042553, 0.09042553191489361, 0.0702127659574468, 0.08297872340425531, 0.07978723404255318, 0.08695652173913045], [0.05784313725490197, 0.06818181818181818, 0.07321428571428572, 0.06551724137931035, 0.06896551724137931, 0.08125, 0.08035714285714286, 0.07543859649122807, 0.07636363636363636, 0.07, 0.07830188679245284, 0.07884615384615384, 0.0820754716981132, 0.08113207547169811, 0.0849056603773585, 0.0849056603773585, 0.08018867924528301, 0.0849056603773585, 0.07547169811320756, 0.08301886792452831]]}