{"CC": [[0.10807248764415159, 0.1254934210526316, 0.13021806853582557, 0.1271056661562022, 0.12644376899696047, 0.1277519379844961, 0.13047619047619047, 0.13274193548387095, 0.13322475570032571, 0.1317230273752013, 0.13447154471544712, 0.13316912972085385, 0.13483333333333333, 0.13355263157894737, 0.13557377049180327, 0.13665008291873965, 0.1370860927152318, 0.1379934210526316, 0.13000987276337536, 0.11576923076923076], [0.12285191956124314, 0.1318359375, 0.13659043659043654, 0.13888888888888895, 0.147566371681416, 0.1459821428571428, 0.15317286652078774, 0.15143487858719645, 0.1527114967462039, 0.15754923413566738, 0.15618221258134493, 0.15627705627705626, 0.15598290598290598, 0.15670995670995666, 0.16043478260869568, 0.15692963752665243, 0.15905172413793103, 0.15926724137931034, 0.15734586913059923, 0.15995085995085992]], "CN": [[0.10903328050713157, 0.12788300476742687, 0.12920489296636084, 0.12522123893805312, 0.13214761855926868, 0.135737041566638, 0.1287157287157287, 0.13385576930172152, 0.13338150289017345, 0.13415290739411345, 0.1324670690731765, 0.13283132530120484, 0.13343328335832083, 0.13637464430586668, 0.13187147860514695, 0.13258258258258257, 0.13418290854572715, 0.1381148165067763, 0.12198697068403908, 0.16252692031586505], [0.12560000000000004, 0.15942753165452028, 0.15811808118081178, 0.15754884547069273, 0.15066757457958754, 0.1496508711273812, 0.14926108374384242, 0.14797112598824744, 0.1497553017944535, 0.143945534122224, 0.1469890167449626, 0.1470873786407767, 0.14812398042414354, 0.14549873550760337, 0.1502611094689132, 0.14991762767710048, 0.1509016393442623, 0.1491061866710602, 0.15057851239669423, 0.12505274463922664]], "CS": [[0.11, 0.1232227488151659, 0.1297134238310709, 0.1304913294797688, 0.12705718270571828, 0.12719665271966527, 0.12992907801418438, 0.13052039381153305, 0.12987377279102383, 0.12937062937062938, 0.12969187675070026, 0.12987377279102383, 0.13009845288326302, 0.12995780590717299, 0.1306064880112835, 0.12899575671852898, 0.1279432624113475, 0.1311965811965812, 0.11985294117647056, 0.10093023255813954], [0.10040567951318459, 0.1508137432188065, 0.1483760683760684, 0.1450567260940032, 0.13850931677018632, 0.13589364844903992, 0.13222543352601154, 0.13284671532846712, 0.13414985590778097, 0.1321377331420373, 0.13161659513590845, 0.1340486409155937, 0.1335243553008596, 0.13342898134863704, 0.1339080459770115, 0.13434343434343435, 0.13429811866859623, 0.13503649635036497, 0.1329428989751098, 0.11420765027322403]], "NC": [[0.1038, 0.1391388759682084, 0.13910533910533904, 0.1407836294416244, 0.14455852156057494, 0.13319874481578195, 0.15360416820270834, 0.1563766002268676, 0.15894690845532006, 0.14816753926701567, 0.15585967198870423, 0.15974967061923584, 0.15758679693105923, 0.15849555902763118, 0.15425315995016867, 0.1553672316384181, 0.16681455190771957, 0.16714126532128265, 0.2254775240557231, 0.5225440429979098], [0.12341650671785032, 0.14948286101679722, 0.1621675815224202, 0.1709285393503083, 0.17291066282420753, 0.19422626328121548, 0.1737023413323991, 0.1696969696969697, 0.17324997078415333, 0.17317784256559765, 0.17407504439204727, 0.174338133521807, 0.170435922648312, 0.17169179229480735, 0.17595576667532192, 0.17396449704142014, 0.1671410403924181, 0.16992040731823269, 0.13150990423717696, 0.10626690070686463]], "NN": [[0.11735029611756964, 0.15352139704471307, 0.1613537977174341, 0.1616154075843535, 0.1608147949611365, 0.16633686082193352, 0.1656425327277585, 0.16398700934204727, 0.1708778749595076, 0.16108667318344738, 0.16449434673366836, 0.17634746206174778, 0.1671285798269925, 0.15998335673792066, 0.1779127305443095, 0.17254330654890623, 0.167089432407903, 0.17110105580693813, 0.20674300254452924, 0.5587628865979382], [0.11840359293661332, 0.17016634851377144, 0.17479994752722022, 0.17594596234351934, 0.17430318430874298, 0.16764883209833323, 0.16952950690296872, 0.17616101558733732, 0.16322544642857142, 0.16503618865823594, 0.1600889824617157, 0.1555130656469088, 0.16691988666694044, 0.16435477091214795, 0.15320778806255986, 0.15370953064871562, 0.16336599101719762, 0.15537170685912105, 0.12839728217426055, 0.07460661964188824]], "NS": [[0.10257380374352344, 0.1363977485928706, 0.15857079857755427, 0.14787234042553196, 0.15496284843018512, 0.14897610921501708, 0.15631821800655746, 0.16037015408112842, 0.15136980876360787, 0.15240848958832287, 0.15425008204791596, 0.15576977446214738, 0.15169814082857563, 0.15621586191828712, 0.1537524875734913, 0.14693140794223825, 0.149474645957058, 0.1559520438025111, 0.2667304777857542, 0.3114478114478115], [0.10380192686211541, 0.17463312368972747, 0.1743588700243126, 0.17784313725490195, 0.16031191740245482, 0.16602914389799633, 0.15582336461066393, 0.15246300135840427, 0.15995729563568759, 0.15989036089538602, 0.15753868964878137, 0.15884666779590842, 0.16295025728987994, 0.15720109983881672, 0.16069045793941458, 0.16541353383458643, 0.16477072268362686, 0.16041642478424087, 0.08305828947498836, 0.07575757575757575]], "SC": [[0.10637755102040818, 0.12532467532467534, 0.14017467248908297, 0.14333333333333337, 0.1521518987341772, 0.1572178477690289, 0.15604395604395602, 0.15524079320113313, 0.15169491525423728, 0.15577464788732392, 0.15415472779369624, 0.14970760233918126, 0.1429850746268657, 0.14574132492113565, 0.15513698630136982, 0.14548872180451128, 0.13900414937759337, 0.1484848484848485, 0.1265625, 0.049999999999999996], [0.12120075046904313, 0.1471215351812367, 0.15899122807017546, 0.1609195402298851, 0.1622009569377991, 0.16522781774580336, 0.1629186602870814, 0.16153846153846152, 0.16541353383458646, 0.1690176322418136, 0.17124681933842237, 0.16835443037974684, 0.1681347150259067, 0.16860158311345644, 0.17275280898876408, 0.1727272727272727, 0.1736156351791531, 0.17103448275862074, 0.16985018726591763, 0.16929133858267717]], "SN": [[0.1048, 0.12360515021459231, 0.14276018099547513, 0.15313225058004643, 0.18206976913553272, 0.15939086294416244, 0.1575835475578406, 0.16365979381443302, 0.14987012987012985, 0.14935400516795866, 0.1559278350515464, 0.18095870186512072, 0.16243683403009446, 0.1489230769230769, 0.1560655737704918, 0.1540549462641676, 0.1951391197231293, 0.14375, 0.14086021505376345, 0], [0.12811881188118823, 0.16581986143187064, 0.17591743119266057, 0.17644341801385682, 0.15359817957713093, 0.17590361445783134, 0.17817745803357318, 0.17764423076923078, 0.17764423076923078, 0.17931873479318733, 0.17853658536585368, 0.14843071806722172, 0.16258507728516, 0.18121693121693125, 0.1784883720930233, 0.1741645915035116, 0.13902847571189283, 0.1767025089605735, 0.17441860465116277, 0.14903846153846154]], "SS": [[0.10411622276029056, 0.12711496746203904, 0.146119733924612, 0.1534562211981567, 0.15903614457831328, 0.15434243176178658, 0.16550868486352358, 0.1628109452736319, 0.1651629072681704, 0.16342710997442456, 0.16051948051948053, 0.15835543766578244, 0.15546448087431694, 0.15055555555555555, 0.15249266862170086, 0.18525963149078728, 0.15053763440860218, 0.14732510288065842, 0.13500000000000004, 0.09999999999999999], [0.10123711340206189, 0.16513317191283294, 0.1820707070707071, 0.1851851851851852, 0.18321167883211678, 0.1763466042154567, 0.18097560975609758, 0.1784841075794621, 0.18150000000000002, 0.18129675810473814, 0.18204488778054861, 0.18205128205128202, 0.1765013054830287, 0.17882037533512066, 0.17978436657681943, 0.1540094840399179, 0.1783171521035599, 0.1763888888888889, 0.17751004016064256, 0.14]]}