{"CC": [[0.11436464088397791, 0.12776025236593058, 0.1281065088757397, 0.12847025495750708, 0.12831978319783202, 0.12823200795363088, 0.12897196261682242, 0.1278225806451613, 0.12912234042553192, 0.12775564409030546, 0.12713903743315508, 0.12782956058588552, 0.12819148936170213, 0.12629482071713147, 0.12735723771580346, 0.1253652058432935, 0.1248663101604278, 0.12700534759358287, 0.12015503875968994, 0.10901960784313727], [0.1125, 0.12200557103064066, 0.12988980716253443, 0.13126684636118602, 0.1316353887399464, 0.12917958351865005, 0.12921052631578947, 0.12958115183246074, 0.12982917214191853, 0.1309114927344782, 0.1296732026143791, 0.13058823529411764, 0.13019607843137254, 0.13058823529411764, 0.13058823529411764, 0.13045751633986927, 0.13058823529411764, 0.1310935441370224, 0.1308300395256917, 0.12503793626707133]], "CN": [[0.11443539323233545, 0.15097345132743364, 0.15655877342419083, 0.1588039867109635, 0.1601420506893144, 0.16026936026936026, 0.15867063343250246, 0.15860031052271326, 0.15987528401081313, 0.15886420455020528, 0.16030150753768843, 0.1605710672568139, 0.15909849749582639, 0.16696439625745058, 0.1596153846153846, 0.15891608391608392, 0.15901926444833625, 0.16265070937727505, 0.17257517257517258, 0.13189655172413794], [0.10696050533793468, 0.17519083969465646, 0.17087912087912094, 0.16812609457092825, 0.16394848313354254, 0.15948071317198834, 0.15883730426594, 0.15760246222904342, 0.15868817773075905, 0.1569737940516917, 0.15727240471652187, 0.15743743347278263, 0.15791190864600327, 0.15695965802831952, 0.16116838487972507, 0.15920826161790022, 0.16086206896551727, 0.1588252141536699, 0.13807641633728587, 0.14901098901098905]], "CS": [[0.11558935361216731, 0.12854640980735557, 0.13122807017543858, 0.1263366336633664, 0.12883435582822084, 0.13273542600896862, 0.13576470588235295, 0.13486682808716705, 0.13746958637469583, 0.13596059113300493, 0.1354679802955665, 0.13349875930521088, 0.13965517241379313, 0.13629629629629628, 0.13768844221105525, 0.1409921671018277, 0.13880208333333333, 0.13878116343490304, 0.1294314381270903, 0.11578947368421053], [0.10202020202020201, 0.15804878048780485, 0.1597222222222222, 0.1592920353982301, 0.15643153526970954, 0.14999999999999997, 0.1536290322580645, 0.1449392712550607, 0.15120967741935484, 0.1534136546184739, 0.151004016064257, 0.15079365079365079, 0.15180722891566267, 0.1528, 0.15140562248995984, 0.1459016393442623, 0.1483739837398374, 0.14795081967213114, 0.14672131147540984, 0.13333333333333333]], "NC": [[0.142444856730571, 0.14229039936524732, 0.14276894582497301, 0.147182191951493, 0.13839695657877474, 0.13204508856682773, 0.1384737678855326, 0.14184397163120566, 0.13978333582946434, 0.13456591639871385, 0.14317489084768106, 0.14669724238987358, 0.13815789473684215, 0.13762214983713356, 0.1477320552792737, 0.14890282131661442, 0.14543304759089568, 0.14635794565372034, 0.15123979026968307, 0.5346319224990934], [0.08996212121212123, 0.11548842133516246, 0.13087395696091347, 0.12845205856371195, 0.1356504526533345, 0.13431372549019613, 0.13333333333333336, 0.131158164630968, 0.1359806939206081, 0.13428981348637017, 0.1342406081398494, 0.1275223914737271, 0.13529411764705881, 0.13633720930232557, 0.13230060096855126, 0.13317700817700817, 0.12803339229283384, 0.13507859661705818, 0.1296201431254754, 0.06703095899075798]], "NN": [[0.11271255060728749, 0.18130544018868894, 0.1812487371186098, 0.17730289406589983, 0.18323242853133398, 0.18225904223075373, 0.18142898707344446, 0.18910823987232456, 0.18335238717404323, 0.17945411562432836, 0.17904887135656367, 0.17463134599794036, 0.17489229194215758, 0.1814498174369935, 0.18854881769641493, 0.17914358882734796, 0.1827309236947791, 0.17956211610857933, 0.16734427181646577, 0.30272265805260723], [0.10625641025641028, 0.17250458116561704, 0.18547172967547682, 0.18924181574783983, 0.1761442441054092, 0.17475494134661737, 0.17715690482694035, 0.1765950271330901, 0.17597840755735494, 0.17458798511430088, 0.17964912280701756, 0.1784797123780175, 0.17837454287429724, 0.17063564460565994, 0.17039331896551727, 0.18053393433862314, 0.1752758751902588, 0.17102615694164994, 0.1714557285954522, 0.12150123335983527]], "NS": [[0.06607287449392713, 0.12940651494868363, 0.13831578947368423, 0.12587412587412591, 0.126395173453997, 0.12103528394661481, 0.1490522633510143, 0.15818375542988278, 0.15310299656132306, 0.14607450206498077, 0.13298565840938725, 0.14911014911014908, 0.13077884214910454, 0.13616339607529035, 0.14074757729580062, 0.1345134513451345, 0.14651465146514653, 0.15122673434856176, 0.16094276094276097, 0.41025641025641024], [0.2128898128898129, 0.18206758947499688, 0.18098159509202455, 0.2318640955004591, 0.23786142935079105, 0.2247501242476117, 0.18680203045685276, 0.18000458610410458, 0.17535763728657128, 0.16897675189132477, 0.20918441257424306, 0.18331462775907217, 0.19085411942554797, 0.18206758947499688, 0.18137922495976228, 0.20459370777842115, 0.18168699986881803, 0.17799459423824904, 0.16134499355975865, 0.05731523378582201]], "SC": [[0.1028571428571429, 0.1216266173752311, 0.1323104693140794, 0.13075571177504391, 0.13316151202749138, 0.13812824956672443, 0.13922942206654992, 0.14010507880910683, 0.13982456140350877, 0.13620386643233742, 0.14127272727272724, 0.1372972972972973, 0.13448275862068967, 0.12929104477611938, 0.15600685875135042, 0.13326885880077372, 0.12871690427698573, 0.1297872340425532, 0.18640922454596637, 2.6331658291457285], [0.1160377358490566, 0.1267660910518054, 0.14303030303030304, 0.1443267776096823, 0.14703125000000003, 0.14484848484848487, 0.1446646341463415, 0.14628482972136223, 0.14629629629629629, 0.15198098256735343, 0.14683153013910355, 0.14683153013910355, 0.1507246376811594, 0.14983974358974358, 0.13505025125628142, 0.15033557046979867, 0.15350427350427354, 0.15644283121597094, 0.1262479379821308, 0.06805185803626282]], "SN": [[0.10237580993520519, 0.14169960474308305, 0.1654761904761905, 0.1710059171597633, 0.17384305835010064, 0.1725450901803607, 0.17475345167652861, 0.1691848906560636, 0.178727634194831, 0.18621936721380258, 0.17773359840954273, 0.1673956262425447, 0.17137176938369778, 0.1720883534136546, 0.17622950819672134, 0.1641821946169772, 0.15665961945031714, 0.16004464285714287, 0.16507177033492823, 0.10571428571428573], [0.10800000000000005, 0.18421052631578946, 0.18953722334004025, 0.18759842519685038, 0.1843444227005871, 0.18403193612774452, 0.1827450980392157, 0.18208661417322836, 0.18137254901960786, 0.16913360577205092, 0.18353174603174605, 0.18271119842829078, 0.18273809523809523, 0.1825147347740668, 0.18336673346693386, 0.18299595141700403, 0.1816115702479339, 0.1822546972860125, 0.1811111111111111, 0.1717948717948718]], "SS": [[0.029425477904988864, 0.1364864864864865, 0.09435825415286037, 0.14682080924855492, 0.15947712418300652, 0.16013986013986015, 0.1583941605839416, 0.16444444444444445, 0.18347826086956526, 0.16614173228346457, 0.172, 0.1691666666666667, 0.17363636363636362, 0.1709090909090909, 0.17545454545454545, 0.15697535295525245, 0.154, 0.1631578947368421, 0.1675, 0], [0.4157149383280036, 0.16168224299065415, 0.28332136874850433, 0.17663551401869154, 0.17256637168141595, 0.17777777777777776, 0.17310924369747901, 0.18849557522123894, 0.17857142857142858, 0.18000000000000002, 0.17619047619047618, 0.18571428571428572, 0.17428571428571427, 0.17619047619047618, 0.17428571428571427, 0.19047619047619047, 0.18900000000000003, 0.18842105263157896, 0.1811111111111111, 0.18000000000000002]]}