{"llama": [0.583, 0.84, 0.9669999999999999, 0.975, 0.9780000000000001, 0.992, 0.971, 0.985, 0.998, 0.988, 0.995, 0.992, 0.9880000000000001, 0.995, 0.996, 0.986, 0.9899999999999999, 0.993, 0.9495000000000001, 0.265], "qwen": [0.5380000000000001, 0.9309999999999996, 0.972, 0.982, 0.985, 0.9819999999999999, 0.9910000000000001, 0.997, 0.98, 1.0, 0.992, 0.993, 0.998, 0.995, 0.9840000000000001, 0.9839999999999999, 0.995, 0.9940000000000001, 0.995, 0.835]}