{"llama": [0.5945, 0.7599999999999999, 0.7179999999999999, 0.752, 0.714, 0.73, 0.7109999999999999, 0.694, 0.7020000000000001, 0.7240000000000001, 0.7, 0.71, 0.708, 0.691, 0.721, 0.7069999999999999, 0.6849999999999998, 0.6789999999999999, 0.6599999999999998, 0.615], "qwen": [0.5335000000000001, 0.7990000000000002, 0.8880000000000001, 0.8629999999999999, 0.8489999999999999, 0.8320000000000001, 0.8560000000000002, 0.867, 0.846, 0.8610000000000001, 0.8450000000000002, 0.852, 0.8409999999999996, 0.835, 0.8109999999999999, 0.821, 0.8059999999999999, 0.809, 0.805, 0.8190000000000001]}