{"llama": [0.5599999999999999, 0.7569999999999999, 0.6519999999999999, 0.6519999999999999, 0.6160000000000001, 0.6100000000000001, 0.5830000000000002, 0.5810000000000001, 0.5820000000000001, 0.5440000000000002, 0.568, 0.5589999999999999, 0.546, 0.5720000000000001, 0.5760000000000001, 0.5630000000000001, 0.563, 0.5139999999999999, 0.544, 0.49999999999999983], "qwen": [0.5780000000000003, 0.7809999999999997, 0.883, 0.8710000000000001, 0.8170000000000001, 0.8250000000000003, 0.823, 0.7989999999999999, 0.8270000000000001, 0.81, 0.7950000000000002, 0.8059999999999999, 0.789, 0.7319999999999999, 0.745, 0.7080000000000001, 0.714, 0.7250000000000001, 0.7170000000000001, 0.738]}