{"llama": [0.7745000000000002, 0.9030000000000002, 0.9040000000000002, 0.9289999999999999, 0.9169999999999999, 0.9490000000000001, 0.924, 0.9449999999999998, 0.936, 0.9319999999999999, 0.938, 0.9640000000000001, 0.9660000000000001, 0.963, 0.9570000000000001, 0.9689999999999999, 0.9739999999999999, 0.9670000000000001, 0.959, 0.971], "qwen": [0.5210000000000001, 0.8204999999999997, 0.9110000000000003, 0.9309999999999998, 0.94, 0.929, 0.9540000000000001, 0.9530000000000003, 0.9430000000000001, 0.9590000000000001, 0.9410000000000001, 0.9379999999999998, 0.948, 0.9380000000000002, 0.9380000000000002, 0.9420000000000001, 0.94, 0.9380000000000002, 0.9510000000000001, 0.9569999999999999]}