{"llama": [0.6295000000000001, 0.789, 0.82, 0.7919999999999999, 0.778, 0.8029999999999999, 0.7789999999999999, 0.785, 0.7780000000000001, 0.757, 0.7779999999999998, 0.792, 0.8039999999999999, 0.75, 0.779, 0.7870000000000001, 0.7519999999999999, 0.7659999999999999, 0.758, 0.7369999999999999], "qwen": [0.5310000000000001, 0.8019999999999996, 0.898, 0.8829999999999998, 0.8869999999999999, 0.9119999999999999, 0.9139999999999999, 0.8610000000000002, 0.8810000000000001, 0.878, 0.8790000000000002, 0.865, 0.892, 0.883, 0.8690000000000001, 0.877, 0.861, 0.86, 0.8520000000000002, 0.88]}