{"llama": [0.6389999999999998, 0.8180000000000001, 0.7560000000000001, 0.7759999999999999, 0.7609999999999999, 0.8109999999999999, 0.7750000000000001, 0.769, 0.7850000000000001, 0.7819999999999999, 0.802, 0.7769999999999999, 0.779, 0.8029999999999999, 0.801, 0.7850000000000001, 0.7859999999999999, 0.792, 0.7669999999999999, 0.7989999999999999], "qwen": [0.5760000000000002, 0.8160000000000001, 0.8980000000000002, 0.9079999999999997, 0.885, 0.9210000000000003, 0.9190000000000004, 0.9119999999999999, 0.924, 0.911, 0.93, 0.9049999999999998, 0.8999999999999999, 0.9069999999999999, 0.9159999999999998, 0.8759999999999999, 0.895, 0.894, 0.889, 0.904]}