{"llama": [0.5, 0.6680000000000001, 0.7929999999999999, 0.7969999999999999, 0.868, 0.8630000000000001, 0.8699999999999999, 0.8869999999999999, 0.8859999999999999, 0.845, 0.893, 0.89, 0.8909999999999999, 0.8809999999999998, 0.88, 0.829, 0.857, 0.8329999999999999, 0.7950000000000002, 0.124], "qwen": [0.7440000000000001, 0.8380000000000003, 0.9, 0.9359999999999999, 0.9530000000000001, 0.9560000000000001, 0.9679999999999999, 0.9690000000000001, 0.9660000000000001, 0.975, 0.9740000000000001, 0.971, 0.9690000000000001, 0.9790000000000001, 0.971, 0.9760000000000001, 0.961, 0.958, 0.9600000000000002, 0.911]}