{"llama": [0.6080000000000001, 0.8079999999999998, 0.8960000000000001, 0.9320000000000002, 0.9229999999999999, 0.938, 0.9520000000000001, 0.96, 0.9620000000000001, 0.9789999999999999, 0.9560000000000001, 0.9680000000000001, 0.955, 0.9650000000000002, 0.97, 0.96, 0.9619999999999999, 0.9690000000000001, 0.9490000000000001, 0.29300000000000004], "qwen": [0.725, 0.8370000000000001, 0.9199999999999998, 0.934, 0.9390000000000001, 0.961, 0.9690000000000001, 0.9569999999999999, 0.976, 0.9739999999999999, 0.9960000000000001, 0.978, 0.998, 0.99, 0.985, 0.986, 0.992, 0.997, 0.9880000000000001, 0.986]}