{"llama": [0.5059999999999999, 0.7040000000000001, 0.847, 0.8959999999999999, 0.9109999999999999, 0.92, 0.9329999999999999, 0.946, 0.9399999999999998, 0.935, 0.9180000000000001, 0.932, 0.94, 0.9329999999999999, 0.9229999999999999, 0.938, 0.9380000000000002, 0.9180000000000001, 0.8319999999999999, 0.21400000000000002], "qwen": [0.5650000000000002, 0.9100000000000001, 0.9380000000000002, 0.9659999999999997, 0.941, 0.9540000000000003, 0.9569999999999999, 0.981, 0.956, 0.972, 0.98, 0.9689999999999999, 0.976, 0.978, 0.977, 0.973, 0.9749999999999999, 0.98, 0.9670000000000001, 0.902]}