{"llama": [0.757, 0.8959999999999998, 0.8659999999999998, 0.8930000000000002, 0.895, 0.8900000000000001, 0.892, 0.894, 0.8989999999999999, 0.9, 0.9029999999999998, 0.9039999999999999, 0.9099999999999998, 0.917, 0.9040000000000002, 0.8919999999999999, 0.8959999999999998, 0.861, 0.8689999999999999, 0.8349999999999999], "qwen": [0.516, 0.7899999999999995, 0.8649999999999999, 0.8860000000000002, 0.865, 0.888, 0.885, 0.9059999999999998, 0.888, 0.9040000000000002, 0.851, 0.8760000000000003, 0.8540000000000003, 0.8340000000000001, 0.8259999999999998, 0.8090000000000002, 0.7859999999999999, 0.7609999999999999, 0.7489999999999998, 0.721]}