{"llama": [0.499, 0.7190000000000001, 0.897, 0.907, 0.9049999999999998, 0.922, 0.9189999999999999, 0.9019999999999999, 0.954, 0.9440000000000001, 0.9279999999999999, 0.963, 0.9519999999999998, 0.937, 0.9349999999999998, 0.948, 0.9330000000000002, 0.93, 0.8869999999999999, 0.14500000000000002], "qwen": [0.528, 0.9029999999999998, 0.9279999999999998, 0.9540000000000001, 0.945, 0.945, 0.9419999999999998, 0.9410000000000003, 0.9670000000000001, 0.953, 0.9740000000000001, 0.961, 0.9599999999999999, 0.9640000000000001, 0.966, 0.9670000000000001, 0.973, 0.9769999999999999, 0.961, 0.805]}