{"llama": [0.5660000000000001, 0.8095000000000002, 0.801, 0.7570000000000001, 0.742, 0.72, 0.7130000000000001, 0.7660000000000001, 0.7210000000000002, 0.7860000000000003, 0.7610000000000001, 0.7550000000000001, 0.7389999999999999, 0.757, 0.733, 0.726, 0.7399999999999999, 0.709, 0.671, 0.6000000000000001], "qwen": [0.503, 0.7760000000000001, 0.877, 0.8320000000000002, 0.8409999999999997, 0.8400000000000002, 0.8319999999999999, 0.8390000000000001, 0.847, 0.796, 0.78, 0.8290000000000001, 0.7880000000000001, 0.7670000000000001, 0.7859999999999999, 0.742, 0.735, 0.7064999999999999, 0.7069999999999999, 0.6635]}