{"llama": [0.518, 0.6919999999999998, 0.9019999999999999, 0.954, 0.946, 0.9590000000000002, 0.9569999999999999, 0.9610000000000001, 0.956, 0.9620000000000001, 0.958, 0.9710000000000001, 0.9590000000000001, 0.956, 0.961, 0.9610000000000001, 0.966, 0.9630000000000001, 0.9059999999999998, 0.257], "qwen": [0.534, 0.94, 0.95, 0.981, 0.976, 0.97, 0.978, 0.9790000000000001, 0.98, 0.9740000000000001, 0.9810000000000001, 0.9810000000000001, 0.9740000000000001, 0.978, 0.98, 0.9860000000000001, 0.9890000000000001, 0.9890000000000001, 0.987, 0.87]}