{"llama": [0.5355000000000001, 0.6579999999999997, 0.8119999999999997, 0.85, 0.875, 0.9099999999999998, 0.8839999999999999, 0.9359999999999999, 0.925, 0.9060000000000001, 0.917, 0.943, 0.9369999999999998, 0.935, 0.941, 0.961, 0.92, 0.93, 0.883, 0.303], "qwen": [0.768, 0.81, 0.902, 0.9230000000000002, 0.9380000000000002, 0.959, 0.9390000000000001, 0.959, 0.9650000000000002, 0.966, 0.973, 0.966, 0.9739999999999999, 0.9729999999999999, 0.9890000000000001, 0.9870000000000002, 0.985, 0.982, 0.986, 0.951]}