{"llama": [0.8029999999999999, 0.8749999999999999, 0.8469999999999999, 0.862, 0.8839999999999999, 0.8749999999999999, 0.8779999999999998, 0.8859999999999998, 0.8925000000000002, 0.8860000000000001, 0.8819999999999999, 0.9059999999999999, 0.892, 0.9109999999999999, 0.92, 0.9079999999999999, 0.914, 0.9209999999999999, 0.9089999999999999, 0.9359999999999999], "qwen": [0.5600000000000003, 0.8320000000000002, 0.9179999999999998, 0.941, 0.9390000000000002, 0.943, 0.9570000000000001, 0.9510000000000001, 0.9549999999999998, 0.9590000000000001, 0.96, 0.9579999999999999, 0.975, 0.9510000000000001, 0.963, 0.9499999999999998, 0.9660000000000001, 0.961, 0.973, 0.97]}