{"llama": [0.8650000000000001, 0.9570000000000001, 0.931, 0.9329999999999999, 0.9599999999999999, 0.9460000000000001, 0.9339999999999999, 0.956, 0.9759999999999998, 0.9769999999999999, 0.953, 0.965, 0.9569999999999999, 0.9359999999999999, 0.9590000000000001, 0.956, 0.9620000000000001, 0.96, 0.956, 0.973], "qwen": [0.5785000000000003, 0.8460000000000004, 0.9230000000000003, 0.9350000000000004, 0.951, 0.968, 0.9640000000000001, 0.976, 0.9740000000000001, 0.9830000000000001, 0.986, 0.9939999999999999, 0.98, 0.985, 0.992, 0.981, 0.997, 0.9940000000000001, 0.9875, 0.985]}