{"llama": [0.8765000000000001, 0.955, 0.9430000000000001, 0.9710000000000001, 0.941, 0.9189999999999998, 0.9419999999999998, 0.9420000000000001, 0.9259999999999999, 0.9549999999999998, 0.934, 0.937, 0.9430000000000001, 0.9520000000000001, 0.9279999999999998, 0.912, 0.9599999999999999, 0.919, 0.956, 0.935], "qwen": [0.5175000000000001, 0.8440000000000002, 0.8999999999999999, 0.8439999999999999, 0.8900000000000001, 0.9080000000000001, 0.897, 0.9109999999999999, 0.904, 0.917, 0.9250000000000002, 0.925, 0.934, 0.9250000000000002, 0.9350000000000002, 0.937, 0.9359999999999999, 0.932, 0.9249999999999998, 0.9169999999999999]}