{"llama": [0.7889999999999999, 0.8420000000000001, 0.8250000000000002, 0.7929999999999998, 0.7819999999999997, 0.8230000000000001, 0.799, 0.791, 0.7689999999999999, 0.7699999999999999, 0.8050000000000002, 0.775, 0.782, 0.782, 0.809, 0.79, 0.8059999999999999, 0.7699999999999999, 0.7929999999999999, 0.799], "qwen": [0.6745, 0.8335000000000002, 0.92, 0.8919999999999999, 0.9090000000000003, 0.9229999999999999, 0.932, 0.936, 0.9729999999999999, 0.9570000000000001, 0.9680000000000001, 0.9669999999999999, 0.975, 0.9790000000000001, 0.968, 0.965, 0.972, 0.973, 0.975, 0.975]}