{"llama": [0.5665024630541872, 0.7879999999999998, 0.7679999999999998, 0.7430000000000001, 0.7439999999999998, 0.715, 0.682, 0.703, 0.6730000000000002, 0.5670000000000001, 0.601, 0.5850000000000002, 0.5959999999999999, 0.585, 0.56, 0.5430000000000001, 0.556, 0.559, 0.586, 0.5260000000000001], "qwen": [0.6029556650246306, 0.7705000000000001, 0.8530000000000004, 0.7950000000000003, 0.7909999999999999, 0.8150000000000002, 0.7940000000000002, 0.8109999999999999, 0.8170000000000001, 0.7699999999999997, 0.8089999999999999, 0.805, 0.789, 0.7880000000000001, 0.787, 0.8079999999999999, 0.8300000000000002, 0.8190000000000001, 0.8030000000000002, 0.799]}