{"llama": [0.7649999999999999, 0.8589999999999999, 0.82, 0.825, 0.8340000000000001, 0.8349999999999999, 0.835, 0.774, 0.82, 0.764, 0.7669999999999999, 0.779, 0.7719999999999999, 0.792, 0.7070000000000001, 0.7430000000000001, 0.75, 0.7290000000000001, 0.765, 0.7670000000000001], "qwen": [0.516, 0.8365, 0.8369999999999997, 0.8409999999999997, 0.8599999999999999, 0.8320000000000001, 0.8639999999999999, 0.8740000000000001, 0.8690000000000001, 0.873, 0.9010000000000001, 0.8800000000000001, 0.902, 0.89, 0.888, 0.8889999999999999, 0.882, 0.9109999999999999, 0.8939999999999999, 0.8719999999999999]}