{"llama": [0.529, 0.6699999999999998, 0.8290000000000001, 0.8270000000000002, 0.8519999999999999, 0.855, 0.865, 0.8660000000000001, 0.8729999999999998, 0.618, 0.76, 0.7070000000000001, 0.7340000000000001, 0.721, 0.7440000000000001, 0.7340000000000001, 0.7389999999999999, 0.7389999999999999, 0.746, 0.6519999999999999], "qwen": [0.6539999999999999, 0.818, 0.8849999999999999, 0.9359999999999999, 0.935, 0.9390000000000001, 0.9579999999999999, 0.9460000000000001, 0.9769999999999999, 0.9740000000000001, 0.774, 0.858, 0.811, 0.83, 0.833, 0.8150000000000002, 0.815, 0.807, 0.7959999999999999, 0.8179999999999998]}