{"llama": [0.875, 0.9599999999999999, 0.937, 0.9419999999999998, 0.9259999999999999, 0.9309999999999999, 0.9410000000000001, 0.9390000000000001, 0.9599999999999999, 0.941, 0.9179999999999999, 0.9570000000000001, 0.951, 0.9529999999999998, 0.9670000000000001, 0.9649999999999999, 0.937, 0.97, 0.949, 0.972], "qwen": [0.6255000000000002, 0.8550000000000001, 0.9069999999999996, 0.9190000000000005, 0.9599999999999999, 0.9510000000000001, 0.9720000000000002, 0.9880000000000001, 0.9860000000000001, 0.977, 0.9760000000000001, 0.987, 0.991, 0.991, 0.991, 0.993, 0.9940000000000001, 0.9940000000000001, 0.9890000000000001, 0.995]}