{"llama": [0.509, 0.647, 0.7939999999999999, 0.8210000000000001, 0.833, 0.852, 0.8599999999999998, 0.89, 0.8599999999999999, 0.7339999999999999, 0.853, 0.8229999999999998, 0.833, 0.825, 0.8439999999999999, 0.8290000000000001, 0.8549999999999999, 0.8439999999999999, 0.81, 0.7869999999999999], "qwen": [0.6629999999999999, 0.8490000000000001, 0.882, 0.931, 0.929, 0.959, 0.946, 0.9740000000000001, 0.9739999999999999, 0.9819999999999999, 0.8760000000000001, 0.8960000000000001, 0.9219999999999999, 0.9420000000000002, 0.93, 0.9530000000000001, 0.932, 0.921, 0.9390000000000001, 0.929]}