{"llama": [0.514, 0.684, 0.8549999999999999, 0.865, 0.885, 0.883, 0.89, 0.911, 0.8959999999999999, 0.572, 0.7439999999999999, 0.6579999999999998, 0.701, 0.6780000000000002, 0.6829999999999999, 0.694, 0.6920000000000001, 0.675, 0.6709999999999999, 0.5760000000000001], "qwen": [0.5250000000000001, 0.8885000000000002, 0.9410000000000003, 0.9499999999999998, 0.964, 0.968, 0.943, 0.9429999999999998, 0.946, 0.9580000000000001, 0.634, 0.6820000000000002, 0.69, 0.723, 0.731, 0.7219999999999999, 0.7169999999999999, 0.7340000000000001, 0.7040000000000001, 0.7070000000000001]}