{"llama": [0.802, 0.8269999999999998, 0.8590000000000001, 0.867, 0.8370000000000002, 0.867, 0.8690000000000001, 0.8540000000000001, 0.852, 0.877, 0.865, 0.863, 0.8830000000000001, 0.8560000000000001, 0.8080000000000002, 0.8440000000000001, 0.858, 0.8589999999999999, 0.858, 0.8429999999999999], "qwen": [0.5480000000000004, 0.8580000000000001, 0.9229999999999999, 0.93, 0.9410000000000001, 0.9710000000000001, 0.9739999999999999, 0.9770000000000002, 0.9699999999999999, 0.9940000000000001, 0.993, 0.9850000000000001, 0.9890000000000001, 0.9910000000000001, 0.988, 0.995, 0.992, 0.995, 0.9940000000000001, 0.998]}