{"llama": [0.5600000000000002, 0.7449999999999999, 0.8989999999999999, 0.9109999999999999, 0.932, 0.944, 0.9390000000000001, 0.9390000000000001, 0.9449999999999998, 0.769, 0.8630000000000001, 0.862, 0.8719999999999999, 0.8869999999999999, 0.8369999999999999, 0.868, 0.8519999999999999, 0.862, 0.855, 0.8309999999999998], "qwen": [0.522, 0.9034999999999997, 0.8890000000000002, 0.9440000000000001, 0.9610000000000001, 0.9680000000000001, 0.96, 0.977, 0.98, 0.9560000000000001, 0.7959999999999999, 0.8345, 0.8629999999999999, 0.8719999999999999, 0.8809999999999999, 0.8510000000000001, 0.857, 0.836, 0.85, 0.835]}