{"CCCC": [297.5759999999999, 280.756, 310.3159999999999, 299.6359999999999], "NNNN": [281.7120000000001, 257.4120000000001, 281.3520000000001, 283.2320000000001], "SSSS": [253.51999999999995, 252.73999999999995, 261.28, 255.35999999999996]}