{
    "CC": [9732.533333333335, 9386.199999999999], 
    "CN": [8991.866666666667, 8914.866666666667], 
    "CS": [7334.266666666669, 8575.266666666668], 
    "NC": [9577.866666666669, 8767.866666666669], 
    "NN": [8559.666666666664, 8396.666666666664], 
    "NS": [7172.333333333333, 7885.999999999999], 
    "SC": [9268.333333333334, 8513.000000000002], 
    "SN": [8633.933333333332, 8458.599999999999], 
    "SS": [7007.599999999999, 7326.933333333334]
}