{"CC": [[0.07996431125077046, 0.07991736606012113, 0.07987053668162529, 0.0798242103769239, 0.0797857351685057, 0.07981785784521325, 0.07981785784521325, 0.07981785784521325, 0.07981785784521325, 0.07981785784521325, 0.07981785784521325, 0.07981785784521325, 0.07981785784521325, 0.07981785784521325, 0.07981785784521325, 0.07981785784521325, 0.07981785784521325, 0.07981785784521325, 0.018427653974357763, 0.17779362530900136], [0.09664041392293192, 0.09644451878791924, 0.09683632124669521, 0.09703224087959114, 0.09703224087959114, 0.09703224087959114, 0.09703224087959114, 0.09703224087959114, 0.09703224087959114, 0.09703224087959114, 0.09703224087959114, 0.09703224087959114, 0.09703224087959114, 0.09703224087959114, 0.09703224087959114, 0.09703224087959114, 0.09703224087959114, 0.09703224087959114, 0.09703224087959114, 0.001826409075216812]], "CN": [[0.07428032899217418, 0.024501412714314927, 0.024122114796009595, 0.023932618858496207, 0.02374322898776306, 0.02393261923825995, 0.02374322898776306, 0.023743229907004774, 0.023743229907004774, 0.023743229907004774, 0.02452237485457038, 0.023743229907004774, 0.02452237485457038, 0.02452237485457038, 0.02452237485457038, 0.02452237485457038, 0.02452237485457038, 0.02452237485457038, 0.02452192583476329, 0.024521936259912166], [0.034688614764036806, 0.07486832703161242, 0.05886038990394959, 0.02016511479506479, 0.020355635339887622, 0.02054259419815351, 0.020917011004199532, 0.020729720906844662, 0.020729721760264098, 0.020729721760264098, 0.020729721760264098, 0.021617770809405638, 0.020729721760264098, 0.021617770809405638, 0.021617770809405638, 0.021617770809405638, 0.021617770809405638, 0.022157579466906805, 0.02197736847102597, 0.022337525815937394]], "CS": [[0.07722031948655761, 0.03449382800462915, 0.025396843482838168, 0.07254093111664849, 0.10980886689964083, 0.1691440626323092, 0.16777206144466655, 0.1673800612385708, 0.1673800612385708, 0.16522405928766382, 0.1662040601861745, 0.1658120599778628, 0.1658120602007164, 0.1658120602007164, 0.1658120602007164, 0.1658120602007164, 0.16679206107784703, 0.16679206107826253, 0.16600819125197216, 0.16581219138363118], [0.041940824811430015, 0.044684660546731717, 0.0388050644919935, 0.033121715112343166, 0.029790305586308942, 0.03135800199655751, 0.029006477946976025, 0.030574147413230248, 0.030574147413230248, 0.028614569983842833, 0.0325338050527015, 0.030574147413230248, 0.0325338050527015, 0.030574147413230248, 0.0325338050527015, 0.028614569983842833, 0.02959434728801246, 0.026655098081878607, 0.02763481890118851, 0.021360951456135775]], "NC": [[0.020772976353813484, 0.058792394367588714, 0.05768553897208256, 0.05775066944526999, 0.05814191794070612, 0.05814191765584972, 0.058141916675375986, 0.05814191730758471, 0.05814191762419288, 0.05814191794070612, 0.058141918257072725, 0.058141918257072725, 0.058141918257072725, 0.058141918257072725, 0.058141918257072725, 0.058141918257072725, 0.058141918257072725, 0.07961478919530042, 0.0796620002351144, 0.08153230679293684], [0.015198892198408542, 0.006419672945592572, 0.006162907624707542, 0.005801981200602806, 0.006687703437697118, 0.0066885932850382045, 0.0066885425032057015, 0.006688568084585965, 0.0066885932850382045, 0.006688593285038205, 0.0066885932850382045, 0.006688593285038421, 0.006688593285037774, 0.006688593285038205, 0.0066885932850382045, 0.0066885932850377795, 0.0066885932850388515, 0.006688593285037584, 0.08537704633739901, 0.14412930323661083]], "NN": [[0.004508356025279194, 0.009210125837452827, 0.010189925304260519, 0.010777822804659486, 0.00940608231869023, 0.00881821880750829, 0.007642556409899108, 0.006271115345053304, 0.005487564753947714, 0.005291698684414514, 0.005879324566773359, 0.005095843330995246, 0.005095843322840981, 0.00450836609128069, 0.007609256028069628, 0.007609256028081888, 0.007609256028081888, 0.007494895542685141, 0.007495048861605327, 0.09995626490984828], [0.03370863040015903, 0.02782874750399549, 0.02645678237269785, 0.024300845184604736, 0.023124884423497794, 0.02057698497221962, 0.019401040375991208, 0.018421092006316916, 0.017049174373778474, 0.01744114950320696, 0.01587325644586655, 0.015873256445870138, 0.014893334869111138, 0.015089318359056742, 0.014501369284252998, 0.015383692939218417, 0.0150250028667455, 0.0144902036629538, 0.013959684007679767, 0.012744043731995816]], "NS": [[0.05503156690253808, 0.09811580607465205, 0.1210307609022077, 0.14571676260460212, 0.16864047296873338, 0.02640257703470987, 0.02526021174949414, 0.02374216927629727, 0.022985664140546532, 0.022419525461047137, 0.0220427357478128, 0.021854541585738112, 0.021666485869240387, 0.021854541585738112, 0.021854541585738112, 0.021854541585738112, 0.021854541585738112, 0.021854541585738112, 0.021360951814971815, 0.021556943461449974], [0.021478572234649274, 0.02234094667954467, 0.019989062961370582, 0.01783320266378846, 0.017049264408736754, 0.015677391512573143, 0.014697501027441502, 0.014305550789917095, 0.013717632095925435, 0.013325691675414243, 0.013129723270931084, 0.012933756167973431, 0.012933756167973431, 0.012933756167973431, 0.012933756167973431, 0.012933756167973431, 0.012933756167973431, 0.012933756167973431, 0.01156203057439216, 0.010581855682199198]], "SC": [[0.05017244909311972, 0.03812140801187866, 0.03782764711880829, 0.03656614994785316, 0.034817850454462375, 0.03714924622342904, 0.03753806204016256, 0.038121408015731044, 0.038121408015731044, 0.03831588828186255, 0.038121408015731044, 0.03831588828186255, 0.03831588828186255, 0.038121408015731044, 0.0383158882818625, 0.03831588828186246, 0.03831588828186261, 0.03831588828186261, 0.060480048430827105, 0.0538964234996314], [0.005007476716918666, 0.011089785837578144, 0.02136564052978944, 0.029275524255459935, 0.02868546915718675, 0.02829207761639772, 0.028488775416656766, 0.027701962091320746, 0.0273085360296934, 0.02711181927314281, 0.026128215833165852, 0.025341345365895208, 0.02573477586190583, 0.02514463594712893, 0.025538058995616075, 0.02573477586190651, 0.025341345365896682, 0.02593149507704962, 0.025341345365898892, 0.1624955059243059]], "SN": [[0.05366830481206388, 0.04625248050549279, 0.048604461047893115, 0.051103679280738085, 0.05625320829405955, 0.06276045271140136, 0.06535667748466732, 0.06789385254800132, 0.06808905334034637, 0.069065125192365, 0.06926035287295514, 0.0696508212458891, 0.06984606186549784, 0.0696508212458891, 0.06984606186549784, 0.06984606186549784, 0.06945558490298703, 0.06984606186549784, 0.028969889685177694, 0.023243717546958056], [0.035668599991769204, 0.007713586759284421, 0.02698804957236733, 0.02965102677221542, 0.03831588729673793, 0.04424166356171599, 0.053659931075793664, 0.05385465112933408, 0.059115289953127204, 0.06087004423886641, 0.06184513499557815, 0.06243026323155462, 0.0626253179292226, 0.06321051710477706, 0.06301544492012869, 0.0637957677778772, 0.06477129621414107, 0.06535667748466732, 0.06574695762473891, 0.03235317061048586]], "SS": [[0.04821246415846338, 0.03414402252277138, 0.03272977447718515, 0.01998901185136512, 0.014305387150748356, 0.011561702629023356, 0.009406082318558422, 0.008230375262454596, 0.006662931468423612, 0.006271115345052701, 0.005879324563617781, 0.005683440371201293, 0.005487564748953584, 0.005487564748953584, 0.00529169868441161, 0.005095843322836861, 0.005095843322836861, 0.004900000000000001, 0.004704170283493893, 0.0037253049753447624], [0.043900502057155066, 0.021360951456135775, 0.015089318359051656, 0.011757675130662322, 0.008230375262454596, 0.006271115345052701, 0.004508356025279199, 0.0037253049753447624, 0.0037253049753447624, 0.0027473096817311753, 0.0027473096817311753, 0.0025519102325379265, 0.0019665068726549707, 0.0021614694298487617, 0.001771801091332387, 0.0015774603544159728, 0.001383663285552949, 0.001383663285552949, 0.0011907264471776719, 0.0008106579873225366]]}