{
    "CC": [291.976, 281.586], 
    "CN": [269.756, 267.44599999999997], 
    "CS": [220.02800000000008, 257.25800000000004], 
    "NC": [287.33600000000007, 263.03600000000006], 
    "NN": [256.7899999999999, 251.89999999999992], 
    "NS": [215.17, 236.57999999999996], 
    "SC": [278.05, 255.39000000000004], 
    "SN": [259.018, 253.75799999999995], 
    "SS": [210.22799999999998, 219.80800000000002]
}