{
    "CC": [[181.0, 211.33333333333334, 225.33333333333334, 235.33333333333334, 246.0, 247.66666666666666, 249.66666666666666, 248.0, 250.66666666666666, 251.0, 249.33333333333334, 250.33333333333334, 250.66666666666666, 251.0, 251.0, 251.0, 249.33333333333334, 249.33333333333334, 215.0, 85.0], 
            [240.0, 239.33333333333334, 242.0, 247.33333333333334, 248.66666666666666, 252.33333333333334, 253.33333333333334, 254.66666666666666, 253.66666666666666, 252.33333333333334, 255.0, 255.0, 255.0, 255.0, 255.0, 255.0, 255.0, 253.0, 253.0, 219.66666666666666]], 
            
    "CN": [[180.33333333333334, 188.33333333333334, 195.66666666666666, 200.66666666666666, 201.0, 200.0, 201.0, 200.66666666666666, 202.0, 200.33333333333334, 200.0, 201.33333333333334, 199.66666666666666, 191.33333333333334, 190.66666666666666, 190.66666666666666, 190.33333333333334, 188.66666666666666, 172.66666666666666, 77.33333333333333], 
            [166.0, 174.66666666666666, 182.0, 190.33333333333334, 196.33333333333334, 198.66666666666666, 201.0, 203.0, 202.66666666666666, 204.66666666666666, 203.0, 203.0, 204.33333333333334, 202.66666666666666, 194.0, 193.66666666666666, 193.33333333333334, 193.0, 191.66666666666666, 151.66666666666666]], 
            
    "CS": [[175.33333333333334, 190.33333333333334, 190.0, 168.33333333333334, 163.0, 148.66666666666666, 141.66666666666666, 137.66666666666666, 137.0, 135.33333333333334, 135.33333333333334, 134.33333333333334, 135.33333333333334, 135.0, 132.66666666666666, 127.66666666666667, 128.0, 120.33333333333333, 99.66666666666667, 31.666666666666668], 
            [66.0, 68.33333333333333, 72.0, 75.33333333333333, 80.33333333333333, 81.33333333333333, 82.66666666666667, 82.33333333333333, 82.66666666666667, 83.0, 83.0, 84.0, 83.0, 83.33333333333333, 83.0, 81.33333333333333, 82.0, 81.33333333333333, 81.33333333333333, 10.0]], 
            
    "NC": [[163.33333333333334, 190.0, 196.33333333333334, 201.66666666666666, 205.33333333333334, 207.0, 209.66666666666666, 203.66666666666666, 202.33333333333334, 207.33333333333334, 203.33333333333334, 202.33333333333334, 202.66666666666666, 204.66666666666666, 197.0, 193.33333333333334, 198.33333333333334, 189.33333333333334, 162.0, 32.333333333333336], 
            [234.66666666666666, 224.66666666666666, 230.0, 231.33333333333334, 231.33333333333334, 238.0, 240.0, 239.0, 233.0, 232.33333333333334, 235.33333333333334, 234.33333333333334, 232.33333333333334, 229.33333333333334, 232.0, 224.0, 226.33333333333334, 225.33333333333334, 218.0, 190.66666666666666]], 
            
    "NN": [[158.33333333333334, 165.0, 168.33333333333334, 173.0, 169.66666666666666, 168.33333333333334, 163.66666666666666, 158.0, 157.0, 156.66666666666666, 156.0, 153.66666666666666, 158.66666666666666, 152.0, 145.66666666666666, 145.0, 138.33333333333334, 137.33333333333334, 94.66666666666667, 18.333333333333332], 
            [166.66666666666666, 160.66666666666666, 162.66666666666666, 166.0, 171.66666666666666, 169.33333333333334, 174.33333333333334, 169.0, 158.33333333333334, 158.33333333333334, 158.33333333333334, 157.33333333333334, 155.0, 157.66666666666666, 154.66666666666666, 148.66666666666666, 146.0, 142.0, 141.0, 83.0]], 
            
    "NS": [[158.33333333333334, 166.0, 158.33333333333334, 130.0, 113.33333333333333, 93.0, 89.0, 83.0, 82.66666666666667, 82.33333333333333, 78.66666666666667, 77.0, 81.66666666666667, 75.66666666666667, 73.33333333333333, 67.33333333333333, 67.33333333333333, 64.0, 50.0, 3.3333333333333335], 
            [61.666666666666664, 54.0, 54.333333333333336, 58.666666666666664, 62.666666666666664, 60.666666666666664, 58.333333333333336, 59.333333333333336, 58.666666666666664, 60.666666666666664, 59.0, 54.0, 54.0, 54.0, 54.666666666666664, 52.333333333333336, 51.333333333333336, 51.333333333333336, 49.666666666666664, 11.333333333333334]], 
            
    "SC": [[151.66666666666666, 180.33333333333334, 184.66666666666666, 189.66666666666666, 194.0, 192.33333333333334, 190.33333333333334, 190.33333333333334, 190.0, 189.66666666666666, 183.33333333333334, 185.0, 183.66666666666666, 178.66666666666666, 169.0, 172.33333333333334, 163.66666666666666, 156.66666666666666, 80.33333333333333, 3.3333333333333335], 
            [229.66666666666666, 212.33333333333334, 220.0, 220.33333333333334, 213.33333333333334, 220.0, 218.66666666666666, 215.33333333333334, 216.0, 210.33333333333334, 215.66666666666666, 215.66666666666666, 207.0, 208.0, 202.66666666666666, 198.66666666666666, 195.0, 183.66666666666666, 175.66666666666666, 106.33333333333333]], 
            
    "SN": [[154.33333333333334, 168.66666666666666, 168.0, 169.0, 165.66666666666666, 166.33333333333334, 169.0, 167.66666666666666, 167.66666666666666, 167.66666666666666, 167.66666666666666, 167.66666666666666, 167.66666666666666, 166.0, 162.66666666666666, 161.0, 157.66666666666666, 149.33333333333334, 69.66666666666667, 11.666666666666666], 
            [166.66666666666666, 158.33333333333334, 165.66666666666666, 169.33333333333334, 170.33333333333334, 167.0, 170.0, 169.33333333333334, 170.0, 171.33333333333334, 168.0, 169.66666666666666, 168.0, 169.66666666666666, 166.33333333333334, 164.66666666666666, 161.33333333333334, 159.66666666666666, 150.0, 65.0]], 
            
    "SS": [[161.66666666666666, 123.33333333333333, 76.33333333333333, 57.666666666666664, 51.0, 47.666666666666664, 45.666666666666664, 45.0, 38.333333333333336, 42.333333333333336, 41.666666666666664, 40.0, 36.666666666666664, 36.666666666666664, 36.666666666666664, 35.0, 33.333333333333336, 31.666666666666668, 13.333333333333334, 0.0], 
            [36.666666666666664, 35.666666666666664, 35.0, 35.666666666666664, 37.666666666666664, 36.0, 39.666666666666664, 37.666666666666664, 37.333333333333336, 35.0, 35.0, 35.0, 35.0, 35.0, 35.0, 35.0, 33.333333333333336, 31.666666666666668, 30.0, 3.3333333333333335]]
}