{"CC": [0.5242177296747138, 0.6109608821204975], "CN": [0.3423038475065299, 0.6766712897137847], "CS": [1.0659411874635047, 0.9707686482783796], "NC": [2.2124556616140665, 0.9054529003975746], "NN": [1.4894625709750706, 0.9236664962530007], "NS": [0.18052761590039812, 0.20918755710819836], "SC": [1.3005000994036366, 0.34012813759220295], "SN": [0.061009564792436626, 0.20005729037503575], "SS": [0.2918397408967686, 0.19268378565420222]}