{
    "CC": [8368.933333333334, 9175.6], 
    "CN": [8959.933333333336, 9291.600000000002], 
    "CS": [9222.866666666667, 9385.866666666667], 
    "NC": [8037.266666666669, 8227.266666666668], 
    "NN": [8590.933333333334, 8482.6], 
    "NS": [8702.666666666666, 8749.666666666666], 
    "SC": [8266.4, 7853.733333333334], 
    "SN": [8227.13333333333, 7946.7999999999965], 
    "SS": [8156.7333333333345, 8017.4000000000015]
}