{"CC": [[0.4229741760438813, 0.41140862217508267, 0.4132719375907344, 0.41364359344730567, 0.4157787873376901, 0.41335094242060233, 0.4145712754159409, 0.414279279713577, 0.414279279713577, 0.414279279713577, 0.414279279713577, 0.414279279713577, 0.414279279713577, 0.414279279713577, 0.414279279713577, 0.414279279713577, 0.414279279713577, 0.414279279713577, 0.414279279713577, 0.4239403429729235], [0.17416450154954097, 0.17393274562312883, 0.20250698753376375, 0.20812025369963374, 0.19500768805357388, 0.20648951159804693, 0.2008306709643723, 0.2008306709643723, 0.19887964601738428, 0.19883134964084515, 0.19887964601738428, 0.19887964601738428, 0.19887964601738428, 0.19887964601738428, 0.19887964601738428, 0.19887964601738428, 0.19887964601738428, 0.19887964601738428, 0.19887964601738428, 0.19887964601738428]], "CN": [[0.4229741760438813, 0.4108479796713134, 0.4144646976522853, 0.41304878355952124, 0.41335094242060244, 0.4092787881139214, 0.41139461542416916, 0.41267659201849566, 0.41267659201849566, 0.41139461542416916, 0.41267659201849566, 0.41267659201849566, 0.41139461542416916, 0.41139461542416916, 0.41139461542416916, 0.41139461542416916, 0.41139461542416916, 0.41139461542416916, 0.4110349454730095, 0.43358106231707116], [0.12183571890049331, 0.2944961147451695, 0.3342992455869441, 0.3669128376058814, 0.3682505668698963, 0.358947659694279, 0.35484120617538195, 0.3553767015435874, 0.3582620515767751, 0.353208097302426, 0.3553767015435874, 0.3582620515767751, 0.3582620515767751, 0.3562889703597348, 0.3562889703597348, 0.3562889703597348, 0.3898922333158227, 0.4039502464413163, 0.44458313238358477, 0.47243318935062134]], "CS": [[0.41545990131419436, 0.4050139750675275, 0.4178249279303475, 0.4037980564589186, 0.4055779461459904, 0.4160143285993887, 0.42166884447395453, 0.42803007557880773, 0.43252985839130254, 0.4386373153301027, 0.4420875478906867, 0.4420875478906867, 0.4464499685295095, 0.45154503651352446, 0.45154503651352446, 0.45154503651352446, 0.4507318209312497, 0.4507318209312497, 0.4507318209312496, 0.47778995217563963], [0.3391366426678188, 0.4949572442140837, 0.5467627185534872, 0.5626907058055961, 0.5723602725556696, 0.5798288243956141, 0.5870977077114166, 0.589862317494515, 0.5936050188467075, 0.5932554471726326, 0.5933946531609464, 0.5908514195633282, 0.5962363813119755, 0.5961107279692258, 0.5923579174789508, 0.5966389380521521, 0.5997856203678108, 0.6302672499821007, 0.6765720136097855, 0.7158992230754274]], "NC": [[0.2873322564558321, 0.27977927299926997, 0.28034852309223945, 0.2824780940179256, 0.2827839203349439, 0.28413916590290733, 0.28171548484242026, 0.28413916590290733, 0.28413916590290733, 0.28413916590290733, 0.28413916590290733, 0.28413916590290733, 0.28413916590290733, 0.28413916590290733, 0.28413916590290733, 0.28413916590290733, 0.2851850515016522, 0.2851850515016522, 0.2851850515016522, 0.33102537425399864], [0.17852146537601574, 0.21480562748680476, 0.22466593511255786, 0.23305875310745156, 0.2379523952390479, 0.2389190959299821, 0.2389190959299821, 0.2389190959299821, 0.2389190959299821, 0.2389190959299821, 0.2389190959299821, 0.2389190959299821, 0.2389190959299821, 0.2389190959299821, 0.2389190959299821, 0.2398178341992106, 0.24695222209974138, 0.24695222209974138, 0.24695222209974138, 0.2598090714351597]], "NN": [[0.31761072777851806, 0.2934703228607624, 0.2968866288669802, 0.30320509494400005, 0.3058102522807239, 0.3232514810484244, 0.33342474773177844, 0.34206913687148083, 0.34206913687148083, 0.34206913687148083, 0.3428599714169035, 0.34206913687148083, 0.34206913687148083, 0.34206913687148083, 0.34206913687148083, 0.34206913687148083, 0.34206913687148083, 0.3423890558998637, 0.343978603985771, 0.3893252748024459], [0.12226064616220546, 0.2651438854659862, 0.2840580335072394, 0.30626215175891375, 0.30543315864522624, 0.31399175530577245, 0.3259969668570554, 0.33731935965787674, 0.34817456770993493, 0.34951806820248954, 0.3416196223872391, 0.3483014303731753, 0.34817456770993493, 0.34817456770993493, 0.34693107326960493, 0.3471801284635973, 0.3542073042725121, 0.3763812450162734, 0.39614795417873866, 0.46551959958738576]], "NS": [[0.24508622482710044, 0.2466486926784733, 0.2733550101973626, 0.27753904518103434, 0.3004623104484155, 0.33654975025989836, 0.348521951102079, 0.35567925101135733, 0.3746574734340684, 0.38537308468547693, 0.3790459602739492, 0.3893400755123985, 0.39297877805296344, 0.39297877805296344, 0.3917009859574005, 0.39432550209186307, 0.3988539802985551, 0.4036410504396204, 0.41520091522057123, 0.5003914931331267], [0.26514388546598616, 0.332623029870152, 0.35618113144859304, 0.3996862449472085, 0.4271316256144001, 0.46264304339306805, 0.4733146370016464, 0.481932873334036, 0.4890543675298279, 0.4978978706522051, 0.5088455954412889, 0.49756212717609416, 0.4991039074180843, 0.5040325878353501, 0.5104887634414687, 0.5152228255813207, 0.528197272238318, 0.5449363999587477, 0.5809375195320061, 0.5988241063951921]], "SC": [[0.3580904444410659, 0.32478684456116746, 0.32002064683391906, 0.3127351825426745, 0.32096159521039247, 0.31396116702547777, 0.33013638636175807, 0.33818378671958826, 0.3460440919882898, 0.3460440919882898, 0.35320809730242597, 0.35372977482818696, 0.3555982362160984, 0.3585193082666539, 0.3624675433745756, 0.3585193082666539, 0.3624675433745756, 0.3624675433745756, 0.36287006159230045, 0.46495810563963713], [0.1596648289386239, 0.2465552238343369, 0.2884331631418276, 0.3123480007939864, 0.34117514563637263, 0.36632080148416385, 0.3917009859574005, 0.3962643057354521, 0.4309281870567294, 0.4260870502608595, 0.4464112453780707, 0.44576105527513293, 0.4590711648535552, 0.46174538438407825, 0.47773768702081665, 0.5009746197164081, 0.5009746197164081, 0.5009746197164081, 0.5009746197164081, 0.5009746197164081]], "SN": [[0.3467593978539012, 0.30168086714274744, 0.3245501970419983, 0.3443079063861299, 0.37564053242428447, 0.40023852688115863, 0.4297498342059016, 0.44209189271010174, 0.44486387311176473, 0.4468241193131813, 0.44854033664766435, 0.44854033664766435, 0.45132803857061665, 0.45132803857061665, 0.45132803857061665, 0.45132803857061665, 0.45239500439328456, 0.4564065275606825, 0.4536500342775256, 0.4924985100485076], [0.1091985640931235, 0.2678467472268423, 0.32179833685089176, 0.3434421150645333, 0.3887723117712989, 0.4257262575881361, 0.4546862056407691, 0.4799239206374279, 0.4991808714283833, 0.4928766758530981, 0.5092229374252499, 0.5129810912694541, 0.5166970423758974, 0.5174214390610423, 0.5195848727590134, 0.5149841721839615, 0.5110265417764523, 0.5110152655254049, 0.5141928416460111, 0.5295773469475447]], "SS": [[0.30803817945183354, 0.29400000000000004, 0.31000236386195473, 0.3311414054448644, 0.3825767374004854, 0.4024973460782073, 0.4225379982912781, 0.4289490338023855, 0.4404377749467002, 0.4430467171755143, 0.44132654576854996, 0.4456576264353612, 0.4413091360939632, 0.44212664972833304, 0.44463929470976826, 0.44624340622579506, 0.44866450717657613, 0.4514769699552792, 0.44898975667602964, 0.47396350239232576], [0.23438191056478744, 0.3276132817820425, 0.37084940339712036, 0.39256798850644986, 0.4306428218373089, 0.46948444234074443, 0.4762880657753245, 0.47769345819259434, 0.4800159647345075, 0.48343311595297206, 0.4810432595931469, 0.4891996663939992, 0.4884255505192168, 0.493764419941332, 0.4957637808472902, 0.5013004145220706, 0.5117964970571801, 0.5163809616939803, 0.5192187608320795, 0.5179149335556951]]}