{
    "CC": [[202.33333333333334, 202.66666666666666, 214.0, 217.66666666666666, 219.33333333333334, 215.0, 210.0, 206.66666666666666, 204.66666666666666, 207.0, 205.0, 203.0, 200.0, 202.66666666666666, 203.33333333333334, 201.0, 201.33333333333334, 202.66666666666666, 151.0, 43.333333333333336], 
            [182.33333333333334, 170.66666666666666, 160.33333333333334, 156.0, 150.66666666666666, 149.33333333333334, 152.33333333333334, 151.0, 153.66666666666666, 152.33333333333334, 153.66666666666666, 154.0, 156.0, 154.0, 153.33333333333334, 156.33333333333334, 154.66666666666666, 154.66666666666666, 155.0, 135.66666666666666]], 
            
    "CN": [[210.33333333333334, 208.0, 218.0, 226.0, 228.66666666666666, 223.0, 231.0, 227.0, 230.66666666666666, 224.0, 225.33333333333334, 221.33333333333334, 222.33333333333334, 221.33333333333334, 220.0, 222.0, 222.33333333333334, 220.0, 204.66666666666666, 58.333333333333336], 
            [166.66666666666666, 177.66666666666666, 180.66666666666666, 187.66666666666666, 194.33333333333334, 198.66666666666666, 203.0, 204.66666666666666, 204.33333333333334, 206.66666666666666, 204.66666666666666, 206.0, 204.33333333333334, 204.0, 204.0, 202.33333333333334, 203.33333333333334, 203.33333333333334, 201.66666666666666, 174.66666666666666]], 
            
    "CS": [[200.0, 211.0, 221.0, 230.66666666666666, 239.0, 239.0, 235.0, 237.0, 237.66666666666666, 238.33333333333334, 238.0, 237.66666666666666, 237.0, 237.0, 236.33333333333334, 235.66666666666666, 235.0, 234.0, 226.66666666666666, 71.66666666666667], 
            [164.33333333333334, 184.33333333333334, 195.0, 205.66666666666666, 214.66666666666666, 225.66666666666666, 230.66666666666666, 228.33333333333334, 231.33333333333334, 232.33333333333334, 233.0, 233.0, 232.66666666666666, 232.33333333333334, 232.0, 231.0, 230.33333333333334, 228.33333333333334, 227.66666666666666, 122.0]], 
            
    "NC": [[166.66666666666666, 167.33333333333334, 175.0, 170.66666666666666, 162.33333333333334, 152.66666666666666, 137.0, 124.66666666666667, 122.66666666666667, 127.33333333333333, 124.0, 122.66666666666667, 122.0, 119.0, 119.66666666666667, 118.0, 115.0, 109.33333333333333, 70.33333333333333, 11.333333333333334], 
            [173.66666666666666, 151.0, 134.33333333333334, 124.33333333333333, 115.66666666666667, 113.66666666666667, 115.33333333333333, 116.66666666666667, 114.66666666666667, 114.33333333333333, 115.66666666666667, 114.33333333333333, 113.0, 112.0, 109.66666666666667, 112.66666666666667, 112.33333333333333, 110.33333333333333, 102.66666666666667, 71.33333333333333]], 
            
    "NN": [[156.66666666666666, 162.0, 179.66666666666666, 181.33333333333334, 177.66666666666666, 177.0, 171.0, 169.66666666666666, 168.0, 165.33333333333334, 170.66666666666666, 163.33333333333334, 162.0, 164.33333333333334, 152.0, 148.66666666666666, 147.66666666666666, 141.66666666666666, 87.33333333333333, 16.666666666666668], 
            [168.33333333333334, 158.33333333333334, 154.0, 167.33333333333334, 171.33333333333334, 174.0, 173.66666666666666, 169.33333333333334, 170.66666666666666, 169.33333333333334, 168.66666666666666, 174.33333333333334, 165.66666666666666, 162.66666666666666, 160.66666666666666, 154.33333333333334, 147.66666666666666, 145.66666666666666, 139.0, 76.0]], 
            
    "NS": [[161.0, 177.66666666666666, 180.33333333333334, 188.0, 195.0, 195.33333333333334, 195.66666666666666, 188.33333333333334, 190.33333333333334, 192.33333333333334, 184.66666666666666, 183.66666666666666, 184.0, 184.0, 184.33333333333334, 184.66666666666666, 183.33333333333334, 178.33333333333334, 105.0, 20.0], 
            [163.33333333333334, 159.0, 166.33333333333334, 170.0, 177.0, 183.0, 188.33333333333334, 189.33333333333334, 182.0, 183.33333333333334, 181.66666666666666, 178.0, 176.66666666666666, 176.66666666666666, 177.0, 177.33333333333334, 175.66666666666666, 174.0, 169.0, 61.333333333333336]], 
            
    "SC": [[130.66666666666666, 154.0, 152.66666666666666, 140.0, 131.66666666666666, 127.0, 121.33333333333333, 117.66666666666667, 118.0, 118.33333333333333, 116.33333333333333, 114.0, 111.66666666666667, 105.66666666666667, 97.33333333333333, 88.66666666666667, 80.33333333333333, 66.0, 21.333333333333332, 3.3333333333333335], 
            [177.66666666666666, 156.33333333333334, 152.0, 145.0, 139.33333333333334, 139.0, 139.33333333333334, 134.33333333333334, 133.0, 132.33333333333334, 131.0, 131.66666666666666, 128.66666666666666, 126.33333333333333, 118.66666666666667, 113.66666666666667, 102.33333333333333, 96.66666666666667, 89.0, 42.333333333333336]], 
            
    "SN": [[125.0, 155.33333333333334, 147.33333333333334, 143.66666666666666, 138.0, 131.33333333333334, 129.66666666666666, 129.33333333333334, 128.33333333333334, 129.0, 129.33333333333334, 123.66666666666667, 119.0, 108.33333333333333, 101.66666666666667, 91.33333333333333, 85.66666666666667, 80.0, 31.0, 0.0], 
            [168.33333333333334, 144.33333333333334, 145.33333333333334, 144.33333333333334, 141.33333333333334, 138.33333333333334, 139.0, 138.66666666666666, 138.66666666666666, 137.0, 136.66666666666666, 137.0, 131.66666666666666, 126.0, 114.66666666666667, 112.33333333333333, 100.0, 93.0, 86.0, 34.666666666666664]], 
            
    "SS": [[137.66666666666666, 153.66666666666666, 150.33333333333334, 144.66666666666666, 138.33333333333334, 134.33333333333334, 134.33333333333334, 134.0, 133.0, 130.33333333333334, 128.33333333333334, 125.66666666666667, 122.0, 120.0, 113.66666666666667, 100.0, 93.0, 81.0, 20.0, 3.3333333333333335], 
            [161.66666666666666, 137.66666666666666, 132.0, 135.0, 137.0, 142.33333333333334, 136.66666666666666, 136.33333333333334, 133.33333333333334, 133.66666666666666, 133.66666666666666, 130.0, 127.66666666666667, 124.33333333333333, 123.66666666666667, 118.33333333333333, 103.0, 96.0, 83.0, 11.666666666666666]]
}