{"CCCC": [[0.05734177215189873, 0.06116751269035533, 0.06083123425692695, 0.0612219451371571, 0.0619106699751861, 0.061014851485148514, 0.06064356435643564, 0.061138613861386144, 0.0608641975308642, 0.0617283950617284, 0.06037037037037038, 0.06037037037037037, 0.06071428571428573, 0.0597530864197531, 0.05925925925925926, 0.061111111111111116, 0.0617283950617284, 0.0608641975308642, 0.061111111111111116, 0.061576354679802964], [0.04314320388349514, 0.049822274881516575, 0.05062217194570136, 0.04866071428571428, 0.05033407572383073, 0.05089086859688195, 0.053118040089086854, 0.051893095768374156, 0.05399999999999999, 0.05420353982300885, 0.05388888888888889, 0.05433333333333333, 0.05434298440979955, 0.05456570155902004, 0.05468749999999999, 0.054910714285714285, 0.05502232142857142, 0.05480984340044743, 0.05480984340044743, 0.05413870246085011], [0.06098591549295776, 0.06263888888888888, 0.06403269754768391, 0.06465053763440859, 0.06310160427807486, 0.06289893617021276, 0.06390374331550802, 0.06426666666666667, 0.06506666666666666, 0.06340482573726541, 0.06447721179624666, 0.06384408602150538, 0.06438172043010752, 0.06532258064516129, 0.06501340482573727, 0.06541554959785523, 0.06474530831099196, 0.06568364611260054, 0.06478494623655914, 0.0648793565683646], [0.05888501742160278, 0.056455696202531644, 0.0603643216080402, 0.060526315789473664, 0.059777227722772275, 0.06126237623762376, 0.06059113300492611, 0.061083743842364535, 0.061576354679802964, 0.06142506142506142, 0.0608641975308642, 0.06123456790123456, 0.061481481481481484, 0.06126237623762376, 0.06160493827160494, 0.06123456790123456, 0.0617283950617284, 0.061481481481481484, 0.060987654320987655, 0.0617283950617284]], "NNNN": [[0.05643564356435644, 0.06957928802588995, 0.06693037974683543, 0.06718266253869969, 0.06811145510835913, 0.06661538461538462, 0.06383647798742138, 0.06412698412698414, 0.06314935064935066, 0.06501650165016504, 0.06804635761589403, 0.06525423728813559, 0.06116838487972509, 0.06386986301369862, 0.06423611111111112, 0.06458333333333334, 0.06625874125874127, 0.06498257839721254, 0.06754385964912282, 0.06441281138790036], [0.03927536231884057, 0.05272479564032695, 0.056094527363184064, 0.05066265060240964, 0.04685929648241206, 0.05012562814070352, 0.050902061855670096, 0.05221932114882507, 0.05396825396825397, 0.056539509536784736, 0.05617977528089888, 0.05545977011494252, 0.056811594202898545, 0.05630498533724341, 0.058235294117647066, 0.05931952662721894, 0.05952380952380953, 0.05877976190476191, 0.05907738095238096, 0.05967261904761905], [0.06022727272727272, 0.06559485530546623, 0.0671383647798742, 0.06470588235294118, 0.06506211180124222, 0.06323987538940809, 0.06288819875776398, 0.06167192429022082, 0.06182108626198082, 0.06216666666666667, 0.06375838926174496, 0.06177474402730374, 0.061815068493150674, 0.06546391752577319, 0.062326388888888896, 0.0626736111111111, 0.06097560975609755, 0.06520979020979022, 0.0632867132867133, 0.05924657534246576], [0.05236220472440944, 0.06077170418006429, 0.07204968944099377, 0.07279874213836478, 0.06990740740740739, 0.06791277258566979, 0.0670886075949367, 0.06857142857142857, 0.06618589743589744, 0.07006802721088436, 0.06718213058419242, 0.07159863945578232, 0.06989619377162629, 0.0704152249134948, 0.06742160278745644, 0.06620209059233449, 0.06894736842105262, 0.07042253521126761, 0.06890459363957598, 0.07272727272727274]], "SSSS": [[0.055376344086021496, 0.06515679442508711, 0.0637873754152824, 0.059166666666666666, 0.06311475409836065, 0.06047297297297297, 0.05765306122448979, 0.05889679715302491, 0.0596590909090909, 0.05456431535269708, 0.05638297872340425, 0.049311926605504576, 0.056127450980392145, 0.05518134715025906, 0.05597826086956522, 0.0586111111111111, 0.05171428571428572, 0.05799999999999999, 0.05784883720930233, 0.058235294117647066], [0.04098101265822784, 0.05250000000000001, 0.05637982195845696, 0.052537313432835825, 0.054640718562874245, 0.05253968253968253, 0.05067340067340066, 0.05143884892086331, 0.05657894736842105, 0.05987654320987654, 0.05526315789473685, 0.05515463917525773, 0.05972222222222221, 0.061849710982658956, 0.06705882352941175, 0.06837349397590362, 0.06666666666666667, 0.06566265060240964, 0.06575757575757576, 0.07073170731707316], [0.05443396226415094, 0.06320422535211268, 0.059375, 0.05865051903114186, 0.05289855072463768, 0.055882352941176466, 0.055597014925373126, 0.050189393939393936, 0.05019841269841269, 0.046078431372549015, 0.04927884615384615, 0.05362694300518135, 0.0505524861878453, 0.05142857142857142, 0.047289156626506026, 0.047826086956521734, 0.04968749999999999, 0.05544871794871795, 0.05354838709677419, 0.05100671140939597], [0.053187250996015935, 0.06249999999999999, 0.06920529801324501, 0.0692307692307692, 0.06694352159468439, 0.06372881355932203, 0.06057347670250896, 0.06231617647058822, 0.06346153846153847, 0.06880733944954127, 0.060321100917431175, 0.059903381642512084, 0.06310679611650484, 0.06289473684210527, 0.0648876404494382, 0.06388888888888888, 0.06497175141242938, 0.06278409090909091, 0.058479532163742694, 0.06775147928994085]]}