{"CCCC": [[0.061889250814332254, 0.06741214057507987, 0.07169811320754715, 0.07055214723926381, 0.07015151515151515, 0.06822289156626506, 0.0691044776119403, 0.06925373134328357, 0.06943620178041542, 0.07091988130563799, 0.06991150442477875, 0.06819526627218934, 0.07041420118343195, 0.07181818181818182, 0.06937869822485206, 0.07071005917159763, 0.07005899705014748, 0.07159763313609467, 0.06804733727810651, 0.06919642857142858], [0.040670553935860054, 0.05822192513368982, 0.05743589743589742, 0.05537499999999998, 0.05610972568578553, 0.05631188118811881, 0.05461346633416458, 0.057283950617283946, 0.05724815724815725, 0.0578239608801956, 0.055134474327628365, 0.05552825552825552, 0.055651105651105655, 0.05679012345679013, 0.0582089552238806, 0.05972568578553616, 0.05881612090680101, 0.059414758269720105, 0.06043814432989691, 0.06057441253263707], [0.06221498371335505, 0.06591639871382636, 0.06838709677419355, 0.07041139240506329, 0.07203125, 0.07230769230769231, 0.0701834862385321, 0.06859756097560976, 0.07188449848024314, 0.0723404255319149, 0.07454545454545454, 0.07136363636363635, 0.07348484848484849, 0.07151515151515152, 0.07378787878787878, 0.0740909090909091, 0.07401812688821752, 0.0722560975609756, 0.07416918429003021, 0.07439024390243902], [0.056911262798634815, 0.06425159235668787, 0.07360248447204966, 0.07281249999999999, 0.07027439024390243, 0.07069486404833836, 0.06999999999999998, 0.07106824925816023, 0.07314540059347181, 0.07256637168141593, 0.07210682492581601, 0.07166172106824927, 0.07159763313609468, 0.07366863905325444, 0.07144970414201184, 0.07381656804733729, 0.07248520710059171, 0.07225519287833827, 0.07157738095238096, 0.07322485207100592]], "NNNN": [[0.0604895104895105, 0.06953642384105957, 0.06791530944625405, 0.06677316293929712, 0.06980830670926516, 0.07019230769230769, 0.06869009584664537, 0.06907051282051281, 0.06818181818181816, 0.06980519480519479, 0.06911764705882353, 0.07046204620462046, 0.07283333333333332, 0.06952861952861952, 0.07135593220338982, 0.07268041237113403, 0.07137931034482758, 0.06971830985915493, 0.07074468085106382, 0.07269372693726937], [0.041226708074534164, 0.05791788856304984, 0.061202185792349685, 0.056182795698924703, 0.053360215053763434, 0.05693333333333334, 0.05833333333333333, 0.05813008130081301, 0.05737704918032786, 0.060000000000000005, 0.05854341736694678, 0.0586894586894587, 0.05635838150289017, 0.05538348082595869, 0.05770392749244711, 0.059969325153374234, 0.061163522012578624, 0.06189710610932477, 0.06348684210526316, 0.06655518394648828], [0.05677655677655677, 0.07235915492957745, 0.071602787456446, 0.07243150684931507, 0.07060810810810811, 0.06734693877551022, 0.07254237288135593, 0.07346938775510203, 0.0760204081632653, 0.07147766323024055, 0.07309027777777777, 0.07517605633802817, 0.07720848056537101, 0.07310469314079424, 0.07472727272727274, 0.076007326007326, 0.07454212454212454, 0.07362637362637361, 0.071780303030303, 0.0707509881422925], [0.05136718749999999, 0.06296296296296293, 0.0689102564102564, 0.07252396166134185, 0.07022292993630572, 0.07172523961661341, 0.07138263665594857, 0.0737179487179487, 0.0719155844155844, 0.07573770491803279, 0.07450657894736844, 0.07508250825082509, 0.07374581939799331, 0.07542372881355931, 0.07294520547945206, 0.07457044673539519, 0.07465277777777778, 0.07402826855123674, 0.07482142857142857, 0.0752851711026616]], "SSSS": [[0.05602189781021898, 0.06496350364963502, 0.06767857142857144, 0.06451612903225806, 0.059352517985611516, 0.05631970260223048, 0.057088122605363986, 0.05952380952380952, 0.05720164609053497, 0.05930735930735931, 0.06397379912663753, 0.06000000000000001, 0.06157407407407406, 0.06566820276497695, 0.057783018867924515, 0.06485849056603772, 0.06095238095238095, 0.0645933014354067, 0.05569306930693069, 0.05493421052631578], [0.045018450184501846, 0.05788590604026847, 0.059365079365079364, 0.050166112956810616, 0.05337837837837836, 0.05179211469534049, 0.04827586206896552, 0.049397590361445774, 0.05229166666666667, 0.054487179487179495, 0.05476190476190476, 0.05399999999999999, 0.05023474178403756, 0.053827751196172245, 0.055, 0.05440414507772022, 0.05491803278688525, 0.0590909090909091, 0.0663265306122449, 0.07936507936507937], [0.06011673151750974, 0.06958955223880596, 0.07262773722627737, 0.06749999999999999, 0.06245421245421243, 0.06278195488721802, 0.06269230769230769, 0.06388888888888888, 0.058474576271186435, 0.06622222222222222, 0.07209302325581396, 0.0679611650485437, 0.06838235294117648, 0.06862745098039216, 0.06934673366834171, 0.06893939393939394, 0.06624365482233503, 0.06994818652849741, 0.06481481481481481, 0.060126582278481], [0.05118110236220472, 0.06283783783783783, 0.06868512110726642, 0.06714285714285714, 0.0636861313868613, 0.06067415730337079, 0.0608267716535433, 0.06219512195121951, 0.06584362139917695, 0.06623376623376623, 0.06431818181818182, 0.06566820276497695, 0.06666666666666667, 0.07149532710280372, 0.06952380952380952, 0.06547619047619047, 0.06674757281553398, 0.06714975845410628, 0.06893939393939393, 0.07025316455696203]]}