{"CC": [0.05648360771213828, 0.2876849441663415], "CN": [0.21830095245034387, 0.2943489443808685], "CS": [0.6156207351379002, 0.5807006306160345], "NC": [0.7859874819801875, 0.08277048358559827], "NN": [0.36257890961055617, 0.10033653214758165], "NS": [0.1323007849940359, 0.3467292844583052], "SC": [0.7019609165601141, 1.0706413232620913], "SN": [0.20350673365892438, 0.10382861676632238], "SS": [0.004202651247875926, 0.18709374845521218]}