{
    "CC": [[0.40700000000000003, 0.40700000000000003, 0.40700000000000003, 0.40700000000000003, 0.40700000000000003, 0.40700000000000003, 0.40700000000000003, 0.40700000000000003, 0.40700000000000003, 0.40700000000000003, 0.40700000000000003, 0.40700000000000003, 0.40700000000000003, 0.40700000000000003, 0.40700000000000003, 0.40700000000000003, 0.40700000000000003, 0.40700000000000003, 0.40700000000000003, 0.40700000000000003], 
            [0.007000000000000029, 0.192, 0.09399999999999994, 0.005000000000000071, 0.005000000000000071, 0.005000000000000071, 0.005000000000000071, 0.005000000000000071, 0.005000000000000071, 0.005000000000000071, 0.005000000000000071, 0.005000000000000071, 0.005000000000000071, 0.005000000000000071, 0.005000000000000071, 0.005000000000000071, 0.005000000000000071, 0.005000000000000071, 0.005000000000000071, 0.005000000000000071]], 
            
    "CN": [[0.12200000000000007, 0.12200000000000007, 0.11999999999999994, 0.11899999999999995, 0.11799999999999998, 0.11899999999999995, 0.11799999999999998, 0.11799999999999998, 0.11799999999999998, 0.11799999999999998, 0.11799999999999998, 0.11799999999999998, 0.11799999999999998, 0.11799999999999998, 0.11799999999999998, 0.11799999999999998, 0.11799999999999998, 0.11799999999999998, 0.11799999999999998, 0.11799999999999998], 
            [0.02400000000000002, 0.11899999999999995, 0.10099999999999998, 0.10099999999999998, 0.1, 0.10099999999999998, 0.10299999999999994, 0.10199999999999995, 0.10199999999999995, 0.10199999999999995, 0.10199999999999995, 0.10199999999999995, 0.10199999999999995, 0.10199999999999995, 0.10199999999999995, 0.10199999999999995, 0.10199999999999995, 0.10500000000000008, 0.10399999999999991, 0.10600000000000005]], 
            
    "CS": [[0.10700000000000004, 0.125, 0.1289999999999999, 0.13000000000000006, 0.14000000000000004, 0.13800000000000007, 0.14499999999999993, 0.14700000000000008, 0.14700000000000008, 0.158, 0.15299999999999994, 0.15500000000000008, 0.15500000000000008, 0.15500000000000008, 0.15500000000000008, 0.15500000000000008, 0.15, 0.15, 0.15399999999999991, 0.15500000000000008], 
            [0.213, 0.227, 0.197, 0.16799999999999998, 0.151, 0.159, 0.147, 0.15500000000000003, 0.15500000000000003, 0.14500000000000002, 0.16499999999999998, 0.15500000000000003, 0.16499999999999998, 0.15500000000000003, 0.16499999999999998, 0.14500000000000002, 0.15, 0.135, 0.13999999999999999, 0.108]], 
            
    "NC": [[0.10499999999999998, 0.09800000000000005, 0.09299999999999997, 0.09299999999999997, 0.09500000000000001, 0.09500000000000001, 0.09500000000000001, 0.09500000000000001, 0.09500000000000001, 0.09500000000000001, 0.09500000000000001, 0.09500000000000001, 0.09500000000000001, 0.09500000000000001, 0.09500000000000001, 0.09500000000000001, 0.09500000000000001, 0.09500000000000001, 0.09500000000000001, 0.08499999999999996], 
            [0.274, 0.27699999999999997, 0.279, 0.27699999999999997, 0.275, 0.275, 0.275, 0.275, 0.275, 0.275, 0.275, 0.275, 0.275, 0.275, 0.275, 0.275, 0.275, 0.275, 0.26500000000000007, 0.26500000000000007]], 
            
    "NN": [[0.021999999999999974, 0.04599999999999999, 0.050999999999999976, 0.054, 0.04699999999999997, 0.04400000000000004, 0.037999999999999985, 0.03099999999999996, 0.026999999999999958, 0.025999999999999978, 0.029, 0.025, 0.025, 0.021999999999999974, 0.021999999999999974, 0.021999999999999974, 0.021999999999999974, 0.020999999999999998, 0.020999999999999998, 0.008999999999999985], 
            [0.029, 0.041000000000000016, 0.13399999999999998, 0.12300000000000004, 0.11699999999999999, 0.10400000000000001, 0.09800000000000005, 0.09299999999999997, 0.08600000000000003, 0.088, 0.07999999999999997, 0.07999999999999997, 0.075, 0.07599999999999997, 0.07300000000000004, 0.07100000000000001, 0.06900000000000003, 0.06600000000000002, 0.06299999999999999, 0.05599999999999996]], 
            
    "NS": [[0.27999999999999997, 0.0, 0.18300000000000002, 0.157, 0.13999999999999999, 0.132, 0.126, 0.118, 0.11399999999999999, 0.11100000000000002, 0.109, 0.108, 0.107, 0.108, 0.108, 0.108, 0.108, 0.108, 0.108, 0.109], 
            [0.10600000000000001, 0.11299999999999999, 0.101, 0.09000000000000001, 0.086, 0.079, 0.074, 0.072, 0.06899999999999999, 0.067, 0.066, 0.065, 0.065, 0.065, 0.065, 0.065, 0.065, 0.065, 0.057999999999999996, 0.053000000000000005]], 
            
    "SC": [[0.24500000000000002, 0.308, 0.309, 0.316, 0.175, 0.18700000000000003, 0.189, 0.192, 0.192, 0.193, 0.192, 0.193, 0.193, 0.192, 0.193, 0.193, 0.193, 0.193, 0.193, 0.22599999999999998], [0.016999999999999994, 0.04800000000000004, 0.408, 0.849, 0.14600000000000007, 0.04399999999999995, 0.05500000000000007, 0.15899999999999997, 0.16099999999999995, 0.16199999999999992, 0.167, 0.17100000000000007, 0.16899999999999996, 0.17200000000000007, 0.16999999999999993, 0.16899999999999996, 0.17100000000000007, 0.16799999999999998, 0.17100000000000007, 0.17100000000000007]], "SN": [[0.273, 0.23500000000000001, 0.24700000000000003, 0.05899999999999999, 0.014999999999999993, 0.082, 0.16899999999999998, 0.156, 0.15500000000000003, 0.15, 0.149, 0.147, 0.146, 0.147, 0.146, 0.146, 0.148, 0.146, 0.14200000000000002, 0.11100000000000002], 
            [0.019000000000000038, 0.13499999999999998, 0.13599999999999998, 0.14900000000000002, 0.09300000000000003, 0.022999999999999996, 0.029, 0.22799999999999998, 0.10099999999999998, 0.192, 0.18700000000000003, 0.18400000000000002, 0.18300000000000002, 0.18000000000000002, 0.181, 0.17700000000000002, 0.172, 0.16899999999999998, 0.167, 0.16]], 
            
    "SS": [[0.255, 0.17400000000000002, 0.334, 0.101, 0.072, 0.057999999999999996, 0.047, 0.040999999999999995, 0.033, 0.031, 0.028999999999999998, 0.028, 0.027, 0.027, 0.026000000000000002, 0.025, 0.025, 0.024, 0.023000000000000003, 0.018], 
            [0.277, 0.108, 0.076, 0.059, 0.040999999999999995, 0.031, 0.022, 0.018, 0.018, 0.013000000000000001, 0.013000000000000001, 0.012, 0.009, 0.01, 0.008, 0.007, 0.006, 0.006, 0.005, 0.003]]
}