{
    "CC": [[0.966, 0.98, 0.982, 0.991, 0.986, 0.99, 0.977, 0.9889999999999999, 0.992, 0.988, 0.99, 0.993, 0.995, 0.973, 0.985, 0.986, 0.995, 0.996, 0.9839999999999999, 0.993], 
            [0.9960000000000001, 0.9830000000000002, 0.995, 0.997, 0.9990000000000001, 0.997, 1.0, 1.0, 0.9990000000000001, 1.0, 1.0, 1.0, 1.0, 1.0, 1.0, 1.0, 1.0, 1.0, 1.0, 1.0]],

    "CN": [[0.955, 0.956, 0.9640000000000001, 0.9619999999999999, 0.9760000000000001, 0.9679999999999999, 0.971, 0.9699999999999999, 0.9690000000000001, 0.98, 0.971, 0.973, 0.973, 0.9700000000000002, 0.972, 0.971, 0.978, 0.972, 0.9760000000000001, 0.985], 
            [0.5260000000000001, 0.9190000000000002, 0.95, 0.9739999999999999, 0.986, 0.9859999999999998, 0.9840000000000001, 0.9940000000000001, 1.0, 1.0, 0.998, 0.9990000000000001, 1.0, 0.9980000000000001, 0.993, 0.9940000000000001, 0.991, 0.986, 0.9930000000000001, 0.988]],

    "CS": [[0.937, 0.9079999999999998, 0.926, 0.9040000000000002, 0.8860000000000001, 0.898, 0.888, 0.8869999999999999, 0.88, 0.8949999999999999, 0.8909999999999999, 0.884, 0.8950000000000001, 0.8960000000000001, 0.8969999999999999, 0.9020000000000001, 0.8799999999999999, 0.907, 0.8980000000000001, 0.9020000000000001], 
            [0.25999999999999995, 0.22899999999999995, 0.17300000000000001, 0.153, 0.15, 0.14999999999999997, 0.147, 0.144, 0.145, 0.142, 0.146, 0.14699999999999996, 0.15000000000000002, 0.13999999999999999, 0.14500000000000002, 0.12099999999999998, 0.11900000000000001, 0.11599999999999999, 0.11200000000000002, 0.085]],

    "NC": [[0.9306122448979592, 0.8418918918918918, 0.845945945945946, 0.8527027027027025, 0.8202702702702704, 0.8486486486486486, 0.8621621621621621, 0.8635135135135134, 0.854054054054054, 0.845945945945946, 0.8999999999999999, 0.8837837837837836, 0.8621621621621621, 0.8932432432432433, 0.8729729729729729, 0.9040540540540539, 0.8824324324324326, 0.8581081081081081, 0.8813333333333334, 0.92], 
            [0.6693877551020408, 0.9459459459459456, 0.9540540540540542, 0.9702702702702705, 0.9743243243243243, 0.987837837837838, 0.9945945945945945, 0.9959459459459458, 0.9945945945945948, 0.9986486486486488, 0.9986486486486488, 1.0, 0.9959459459459458, 1.0, 1.0, 1.0, 1.0, 1.0, 1.0, 1.0]],

    "NN": [[0.5940000000000001, 0.7640000000000002, 0.746, 0.7309999999999998, 0.7110000000000001, 0.7319999999999998, 0.746, 0.7179999999999999, 0.7189999999999999, 0.7709999999999999, 0.7829999999999999, 0.772, 0.7449999999999999, 0.7659999999999999, 0.7560000000000001, 0.732, 0.7620000000000001, 0.7490000000000001, 0.77, 0.7260000000000001], 
            [0.5259999999999999, 0.687, 0.8590000000000002, 0.8910000000000003, 0.8860000000000001, 0.8989999999999999, 0.9300000000000002, 0.912, 0.9399999999999998, 0.953, 0.9329999999999999, 0.9390000000000001, 0.915, 0.919, 0.893, 0.909, 0.897, 0.898, 0.91, 0.8980000000000001]],

    "NS": [[0.6073170731707317, 0.624390243902439, 0.6170731707317072, 0.4951219512195122, 0.4658536585365854, 0.4536585365853658, 0.40487804878048783, 0.4073170731707317, 0.35365853658536583, 0.3268292682926829, 0.35609756097560974, 0.32926829268292684, 0.30975609756097566, 0.3268292682926829, 0.3414634146341463, 0.24444444444444446, 0.35, 0.35250000000000004, 0.3625, 0.305], 
            [0.2975609756097561, 0.3804878048780488, 0.3390243902439024, 0.2902439024390244, 0.29756097560975614, 0.2926829268292683, 0.2804878048780488, 0.27317073170731704, 0.27560975609756094, 0.2390243902439024, 0.25121951219512195, 0.2536585365853658, 0.23170731707317074, 0.24878048780487802, 0.24390243902439024, 0.3382716049382716, 0.22999999999999998, 0.23000000000000004, 0.20750000000000002, 0.20750000000000002]],

    "SC": [[0.302, 0.4200000000000001, 0.41400000000000003, 0.44900000000000007, 0.4500000000000001, 0.42600000000000016, 0.441, 0.418, 0.387, 0.39299999999999996, 0.428, 0.3990000000000001, 0.44600000000000006, 0.42900000000000005, 0.39800000000000013, 0.41900000000000004, 0.3940000000000001, 0.39799999999999996, 0.42600000000000016, 0.3559999999999999], 
            [0.9854999999999999, 0.9330000000000002, 0.9100000000000001, 0.8810000000000003, 0.9025000000000002, 0.9190000000000002, 0.9150000000000001, 0.915, 0.912, 0.912, 0.925, 0.8999999999999999, 0.912, 0.91, 0.9059999999999999, 0.917, 0.9059999999999999, 0.9179999999999999, 0.903, 0.92]],

    "SN": [[0.262, 0.39199999999999996, 0.33299999999999996, 0.326, 0.29, 0.218, 0.22899999999999995, 0.21000000000000005, 0.20299999999999996, 0.18199999999999997, 0.193, 0.192, 0.17, 0.171, 0.16, 0.15399999999999997, 0.157, 0.16699999999999998, 0.13799999999999998, 0.08199999999999999], 
            [0.5430000000000001, 0.536, 0.5160000000000001, 0.5475000000000001, 0.532, 0.47800000000000004, 0.40099999999999997, 0.46099999999999997, 0.4049999999999999, 0.39899999999999997, 0.3710000000000001, 0.36200000000000004, 0.369, 0.3559999999999999, 0.36699999999999994, 0.369, 0.36200000000000004, 0.366, 0.385, 0.38799999999999996]],

    "SS": [[0.301, 0.26399999999999996, 0.23999999999999994, 0.114, 0.085, 0.06599999999999999, 0.04, 0.045, 0.038000000000000006, 0.031, 0.024, 0.019, 0.026000000000000002, 0.019, 0.013999999999999999, 0.022000000000000002, 0.017, 0.021, 0.019, 0.006999999999999999], 
            [0.283, 0.155, 0.09, 0.086, 0.05399999999999999, 0.053, 0.02, 0.03, 0.026000000000000002, 0.016, 0.017, 0.013999999999999999, 0.013000000000000001, 0.019000000000000003, 0.008, 0.006, 0.005, 0.005, 0.001, 0.0]]
}