{"CC": [[0.018421092006315642, 0.018421092006315642, 0.018421092006315642, 0.018421092006315642, 0.018421092006315642, 0.018421092006315642, 0.018421092006315642, 0.018421092006315642, 0.018421092006315642, 0.018421092006315642, 0.018421092006315642, 0.018421092006315642, 0.018421092006315642, 0.018421092006315642, 0.018421092006315642, 0.018421092006315642, 0.018421092006315642, 0.018421092006315642, 0.018421092006315642, 0.018421092006315642], [0.0015774603544153553, 0.001771801091332266, 0.0013836632855491148, 0.0011907264471473513, 0.0011907264471473513, 0.0011907264471473513, 0.0011907264471473513, 0.0011907264471473513, 0.0011907264471473513, 0.0011907264471473513, 0.0011907264471473513, 0.0011907264471473513, 0.0011907264471473513, 0.0011907264471473513, 0.0011907264471473513, 0.0011907264471473513, 0.0011907264471473513, 0.0011907264471473513, 0.0011907264471473513, 0.0011907264471473513]], "CN": [[0.024104851456133964, 0.024104851456133964, 0.02371286431331908, 0.023516870903969637, 0.023320877606320983, 0.023516870903969637, 0.023320877606320983, 0.023320877606320983, 0.023320877606320983, 0.023320877606320983, 0.023320877606320983, 0.023320877606320983, 0.023320877606320983, 0.023320877606320983, 0.023320877606320983, 0.023320877606320983, 0.023320877606320983, 0.023320877606320983, 0.023320877606320983, 0.023320877606320983], [0.0049000228302900585, 0.02351561701420423, 0.019989011703738006, 0.019989011851303144, 0.019793021169403072, 0.019989011851303144, 0.020380993757874735, 0.020185002715900683, 0.020185002715900683, 0.020185002715900683, 0.020185002715900683, 0.020185002715900683, 0.020185002715900683, 0.020185002715900683, 0.020185002715900683, 0.020185002715900683, 0.020185002715900683, 0.020772976353681995, 0.02057698497210897, 0.020968967897858026]], "CS": [[0.021164959603655744, 0.02469283294341361, 0.02547680959681985, 0.025672803984653537, 0.027632747080752067, 0.027240763653419375, 0.028612729680126753, 0.02900472059936342, 0.02900472059936342, 0.03116067495607088, 0.03018069485109311, 0.03043976649238835, 0.03043976649238835, 0.03043976649238835, 0.03043976649238835, 0.03043976649238835, 0.0294676323648269, 0.0294676323648269, 0.030245291273465195, 0.030439766495652026], [0.04182924887207342, 0.04464086301016246, 0.038908813811538975, 0.03319615012620605, 0.029791864045404775, 0.031233628520099897, 0.028893287679760377, 0.030577945883660116, 0.030577945883660116, 0.02861889274699323, 0.032537168354215704, 0.030577945883660116, 0.032537168354215704, 0.030577945883660116, 0.032537168354215704, 0.02861889274699323, 0.02959839534320336, 0.026660060019395214, 0.02763944494152541, 0.02137298208351739]], "NC": [[0.020772976353848158, 0.019404832278398964, 0.018425293331232554, 0.01827951597960217, 0.018669617593916898, 0.018669617593916898, 0.018669617593916898, 0.018669617593916898, 0.018669617593916898, 0.018669617593916898, 0.018669617593916898, 0.018669617593916898, 0.018669617593916898, 0.018669617593916898, 0.018669617593916898, 0.018669617593916898, 0.018669617593916898, 0.018669617593916898, 0.018669617593916898, 0.016723160916313883], [0.05389642349963158, 0.054415658871088, 0.05474069962624572, 0.05434776484749241, 0.05395481857639347, 0.05395481857639347, 0.05395481857639347, 0.05395481857639347, 0.05395481857639347, 0.05395481857639347, 0.05395481857639347, 0.05395481857639347, 0.05395481857639347, 0.05395481857639347, 0.05395481857639347, 0.05395481857639347, 0.05395481857639347, 0.05395481857639347, 0.05198991215951427, 0.05198991215951427]], "NN": [[0.0062874208005671995, 0.011119314233060151, 0.010172588577752918, 0.009210800388359818, 0.010581480409664197, 0.011169083243093882, 0.012344488184004862, 0.01371602568339335, 0.014499838419188886, 0.014695798449152779, 0.014107926262224967, 0.01489176093040466, 0.01489176093040466, 0.015479661905269828, 0.015479661905269828, 0.015479661905269828, 0.015479661905269828, 0.015675633071043117, 0.015675633075960965, 0.018027422766324967], [0.014000477907462873, 0.012073253887311293, 0.03272842608440477, 0.05441506978595094, 0.07511030215867989, 0.019205179489663948, 0.020018378278072606, 0.020999308524260997, 0.02237617207060337, 0.02198251332751881, 0.023557763437036028, 0.023557763437035962, 0.024542681264358695, 0.02434569516942463, 0.02493664688121519, 0.025330596719478134, 0.02572452438368535, 0.02631536437330694, 0.026906133650141772, 0.02828429218125884]], "NS": [[0.04336462866429513, 0.03948800272141157, 0.036200219404997395, 0.03118999848172906, 0.02779626605650192, 0.02611839911571017, 0.02481583790050889, 0.023268294823537917, 0.022495624187251775, 0.021916663882296825, 0.02153096896488876, 0.021338209507790962, 0.021145510808800755, 0.021338209507790962, 0.021338209507790962, 0.021338209507790962, 0.021338209507790962, 0.021338209507790962, 0.021338209507790962, 0.02153096896488876], [0.021654028016594076, 0.02279837627814586, 0.020359709962638233, 0.018086600455792436, 0.01711643804491104, 0.015570288612820454, 0.01470876461045497, 0.014317547490544603, 0.013730849159695403, 0.013339813166015789, 0.013144327361310543, 0.012948864679598783, 0.012948864679598783, 0.012948864679598783, 0.012948864679598783, 0.012948864679598783, 0.012948864679598783, 0.012948864679598783, 0.011581401085571572, 0.010605729910451353]], "SC": [[0.048220242396020054, 0.060488596089519446, 0.0606835943901687, 0.06204876164005819, 0.06380441396623472, 0.06146365216866789, 0.061073610485288816, 0.060488596089519446, 0.060488596089519446, 0.06029360436912765, 0.060488596089519446, 0.06029360436912765, 0.06029360436912765, 0.060488596089519446, 0.06029360436912765, 0.06029360436912765, 0.06029360436912765, 0.06029360436912765, 0.06029360436912765, 0.05386302867717079], [0.003529611831518614, 0.00960204061237241, 0.018225103005763948, 0.029788703299396885, 0.030376691157449124, 0.03076868332225281, 0.030572687214576882, 0.03135667193903234, 0.0317486645858895, 0.031944660977400854, 0.03292464358317203, 0.033708630400159034, 0.03331663691366149, 0.0339046272002102, 0.033512633637753364, 0.03331663691366149, 0.033708630400159034, 0.03312064022856753, 0.033708630400159034, 0.033708630400159034]], "SN": [[0.006972982072452836, 0.013419586273074699, 0.011250964903585247, 0.009173201948775482, 0.023012316403356062, 0.01680165761092322, 0.01441733025970567, 0.012099920714161395, 0.011925556303745997, 0.01106460390461741, 0.010894827863075955, 0.010558001921411805, 0.010391040388339863, 0.010558001921411805, 0.010391040388339863, 0.010391040388339863, 0.010725946228937595, 0.010391040388339863, 0.009734028988054895, 0.005827514115462429], [0.0052468768822346076, 0.026515956732344546, 0.01295329795508916, 0.02978783187686121, 0.021318394106758166, 0.03493447291577844, 0.025685565440797885, 0.025494120068727283, 0.020357918274710205, 0.018665216930796726, 0.01773083699708122, 0.017172651171895155, 0.01698703641636291, 0.016431639780981992, 0.016616522651927475, 0.015878591686065365, 0.014962770614066366, 0.014417330272614711, 0.014055610539626145, 0.012803639028916996]], "SS": [[0.048066536254416994, 0.06391480048290721, 0.06554171263320743, 0.05866820848723369, 0.04471364337586282, 0.027911677980407078, 0.010581467879501026, 0.00831095260158139, 0.006849606894199967, 0.006492092133626608, 0.006138803731022028, 0.0059639791026450594, 0.0057905140838498586, 0.005790514083849859, 0.0056185344672119, 0.00544818078674548, 0.00544818078674548, 0.005279610302344285, 0.005112999258840861, 0.004317184666327075], [0.03472030139059375, 0.03782414516587203, 0.02434572757050013, 0.008232286704747835, 0.00823037526245468, 0.006271115346115088, 0.004508356027911489, 0.0037253049754472417, 0.0037253049754472417, 0.002747309683143834, 0.002747309683143834, 0.0025519102351796667, 0.0019665068959764725, 0.002161469440487918, 0.0017718011463164595, 0.0015774604959394164, 0.0013836636911589272, 0.0013836636911589272, 0.001190727776406827, 0.000810682894045361]]}