{"CC": [[8.333333333333334, 8.333333333333334, 8.333333333333334, 8.333333333333334, 8.333333333333334, 8.333333333333334, 8.333333333333334, 8.333333333333334, 8.333333333333334, 8.333333333333334, 8.333333333333334, 8.333333333333334, 8.333333333333334, 8.333333333333334, 8.333333333333334, 8.333333333333334, 8.333333333333334, 8.333333333333334, 8.333333333333334, 8.333333333333334], [10.0, 9.666666666666666, 9.333333333333334, 9.0, 9.333333333333334, 9.666666666666666, 10.0, 10.0, 10.0, 10.0, 10.0, 10.0, 10.0, 10.0, 10.0, 10.0, 10.0, 10.0, 10.0, 10.0]], "CN": [[8.333333333333334, 6.666666666666667, 6.666666666666667, 6.666666666666667, 6.666666666666667, 6.666666666666667, 6.666666666666667, 7.0, 6.666666666666667, 6.666666666666667, 6.666666666666667, 6.666666666666667, 6.666666666666667, 6.666666666666667, 6.666666666666667, 6.666666666666667, 6.666666666666667, 6.666666666666667, 6.666666666666667, 6.666666666666667], [6.0, 7.666666666666667, 7.0, 7.0, 7.0, 7.0, 7.333333333333333, 7.0, 7.333333333333333, 7.0, 7.0, 7.0, 7.0, 7.0, 7.0, 7.0, 7.0, 7.0, 7.0, 7.0]], "CS": [[5.666666666666667, 5.333333333333333, 5.666666666666667, 5.666666666666667, 5.666666666666667, 6.0, 5.666666666666667, 5.666666666666667, 5.666666666666667, 5.666666666666667, 5.666666666666667, 5.666666666666667, 5.666666666666667, 5.666666666666667, 5.666666666666667, 5.666666666666667, 5.666666666666667, 5.666666666666667, 5.666666666666667, 5.666666666666667], [3.6666666666666665, 5.0, 5.0, 4.0, 4.0, 4.0, 4.0, 4.0, 4.0, 4.0, 4.0, 4.0, 4.0, 4.0, 4.0, 3.6666666666666665, 4.0, 3.3333333333333335, 2.6666666666666665, 1.6666666666666667]], "NC": [[5.0, 5.0, 5.0, 5.0, 4.666666666666667, 4.666666666666667, 4.666666666666667, 4.666666666666667, 4.666666666666667, 4.666666666666667, 4.666666666666667, 4.666666666666667, 4.666666666666667, 4.666666666666667, 4.666666666666667, 4.666666666666667, 4.666666666666667, 4.666666666666667, 4.666666666666667, 4.666666666666667], [9.0, 8.333333333333334, 8.0, 7.666666666666667, 8.333333333333334, 8.0, 8.0, 8.0, 8.0, 8.0, 8.0, 8.0, 8.0, 8.0, 8.0, 8.0, 8.0, 8.0, 8.0, 8.0]], "NN": [[5.0, 5.333333333333333, 4.666666666666667, 4.666666666666667, 4.666666666666667, 4.666666666666667, 4.666666666666667, 4.666666666666667, 3.3333333333333335, 3.3333333333333335, 3.3333333333333335, 3.3333333333333335, 3.3333333333333335, 3.3333333333333335, 3.3333333333333335, 3.3333333333333335, 3.3333333333333335, 3.3333333333333335, 3.3333333333333335, 3.3333333333333335], [6.333333333333333, 6.333333333333333, 6.333333333333333, 6.0, 5.666666666666667, 5.666666666666667, 5.666666666666667, 5.666666666666667, 5.666666666666667, 5.0, 4.666666666666667, 4.333333333333333, 4.333333333333333, 4.333333333333333, 4.333333333333333, 4.333333333333333, 4.333333333333333, 4.333333333333333, 4.333333333333333, 4.333333333333333]], "NS": [[5.0, 5.666666666666667, 5.333333333333333, 5.333333333333333, 5.666666666666667, 5.666666666666667, 5.666666666666667, 5.666666666666667, 6.0, 5.666666666666667, 5.666666666666667, 5.666666666666667, 5.666666666666667, 5.666666666666667, 5.666666666666667, 5.666666666666667, 5.666666666666667, 5.666666666666667, 5.333333333333333, 5.0], [4.666666666666667, 5.333333333333333, 5.666666666666667, 5.666666666666667, 6.666666666666667, 6.0, 6.0, 6.666666666666667, 6.0, 6.333333333333333, 6.0, 6.0, 6.0, 6.0, 6.0, 5.666666666666667, 5.666666666666667, 5.0, 4.333333333333333, 2.0]], "SC": [[3.3333333333333335, 3.3333333333333335, 3.3333333333333335, 3.3333333333333335, 3.3333333333333335, 3.3333333333333335, 3.3333333333333335, 3.3333333333333335, 3.3333333333333335, 3.3333333333333335, 3.3333333333333335, 3.3333333333333335, 3.3333333333333335, 3.3333333333333335, 3.3333333333333335, 3.3333333333333335, 3.3333333333333335, 3.3333333333333335, 3.3333333333333335, 3.3333333333333335], [8.0, 7.333333333333333, 7.0, 6.0, 5.333333333333333, 7.333333333333333, 8.0, 5.666666666666667, 5.666666666666667, 5.666666666666667, 5.666666666666667, 5.666666666666667, 5.666666666666667, 5.666666666666667, 7.0, 5.666666666666667, 5.666666666666667, 5.666666666666667, 5.666666666666667, 5.666666666666667]], "SN": [[5.0, 5.333333333333333, 4.666666666666667, 4.333333333333333, 4.0, 3.6666666666666665, 3.3333333333333335, 3.3333333333333335, 3.3333333333333335, 3.3333333333333335, 3.3333333333333335, 3.3333333333333335, 3.3333333333333335, 3.3333333333333335, 3.3333333333333335, 3.3333333333333335, 3.3333333333333335, 3.3333333333333335, 3.3333333333333335, 1.6666666666666667], [6.333333333333333, 5.666666666666667, 6.0, 5.666666666666667, 5.333333333333333, 4.666666666666667, 5.0, 4.0, 4.333333333333333, 4.0, 4.0, 4.0, 4.0, 4.0, 4.0, 4.0, 4.0, 4.0, 4.0, 4.0]], "SS": [[5.0, 5.0, 5.0, 5.0, 5.0, 5.0, 5.0, 5.0, 5.0, 5.0, 5.0, 5.0, 5.0, 5.0, 5.0, 4.333333333333333, 4.0, 3.6666666666666665, 3.3333333333333335, 3.3333333333333335], [5.666666666666667, 5.666666666666667, 5.0, 5.0, 5.0, 5.0, 5.0, 5.0, 5.0, 5.0, 5.0, 5.0, 5.0, 5.0, 3.3333333333333335, 3.3333333333333335, 3.3333333333333335, 3.3333333333333335, 3.3333333333333335, 3.3333333333333335]]}