{"CC": [0.09759341326432391, 0.9598708088856314], "CN": [0.6420843574644529, 0.3859788105727871], "CS": [0.031896277444965745, 0.4377764733005109], "NC": [0.27699382568826253, 0.2785164758462859], "NN": [0.36049156034546415, 0.1477003014209899], "NS": [0.19138112704461888, 0.1381007545130626], "SC": [0.17400402795322537, 0.7928473697749705], "SN": [0.8305719549178633, 0.4040362438085194], "SS": [0.3309985694855612, 0.3298340560099799]}