{
    "CC": [[0.32699999999999996, 0.321, 0.321, 0.319, 0.32, 0.31799999999999995, 0.319, 0.31799999999999995, 0.31799999999999995, 0.31799999999999995, 0.31799999999999995, 0.31799999999999995, 0.31799999999999995, 0.31799999999999995, 0.31799999999999995, 0.31799999999999995, 0.31799999999999995, 0.31799999999999995, 0.31799999999999995, 0.304], 
            [0.15199999999999994, 0.04499999999999993, 0.05500000000000007, 0.05500000000000007, 0.04900000000000002, 0.050999999999999976, 0.04900000000000002, 0.04900000000000002, 0.04800000000000004, 0.04700000000000006, 0.04800000000000004, 0.04800000000000004, 0.04800000000000004, 0.04800000000000004, 0.04800000000000004, 0.04800000000000004, 0.04800000000000004, 0.04800000000000004, 0.04800000000000004, 0.04800000000000004]], 
            
    "CN": [[0.17300000000000004, 0.18099999999999997, 0.17800000000000002, 0.18300000000000002, 0.18200000000000005, 0.18600000000000005, 0.188, 0.18700000000000003, 0.18700000000000003, 0.188, 0.18700000000000003, 0.18700000000000003, 0.188, 0.188, 0.188, 0.188, 0.188, 0.188, 0.18899999999999997, 0.192], 
            [0.05599999999999996, 0.13200000000000003, 0.15300000000000002, 0.13399999999999998, 0.12999999999999998, 0.13099999999999998, 0.13200000000000003, 0.13499999999999998, 0.133, 0.13499999999999998, 0.13499999999999998, 0.133, 0.133, 0.13399999999999998, 0.13399999999999998, 0.13399999999999998, 0.12300000000000004, 0.11799999999999998, 0.10700000000000004, 0.10099999999999998]], 
    
    "CS": [[0.137, 0.12999999999999998, 0.13399999999999998, 0.13399999999999998, 0.14100000000000001, 0.14299999999999996, 0.146, 0.14699999999999996, 0.151, 0.154, 0.15499999999999997, 0.15499999999999997, 0.154, 0.15499999999999997, 0.15499999999999997, 0.15499999999999997, 0.154, 0.154, 0.154, 0.176], 
            [0.46900000000000003, 0.37300000000000005, 0.29100000000000004, 0.29100000000000004, 0.28200000000000003, 0.278, 0.274, 0.273, 0.274, 0.27199999999999996, 0.271, 0.26500000000000007, 0.269, 0.27, 0.269, 0.25599999999999995, 0.23399999999999999, 0.18600000000000005, 0.13799999999999998, 0.06699999999999999]], 
            
    "NC": [[0.053000000000000026, 0.03200000000000003, 0.07100000000000001, 0.07300000000000004, 0.172, 0.172, 0.17099999999999999, 0.172, 0.172, 0.172, 0.172, 0.172, 0.172, 0.172, 0.172, 0.172, 0.17300000000000004, 0.17300000000000004, 0.17300000000000004, 0.17400000000000004], 
            [0.14800000000000005, 0.233, 0.23100000000000007, 0.23100000000000007, 0.23100000000000007, 0.22899999999999993, 0.22899999999999993, 0.22899999999999993, 0.22899999999999993, 0.22899999999999993, 0.22899999999999993, 0.22899999999999993, 0.22899999999999993, 0.22899999999999993, 0.22899999999999993, 0.22699999999999995, 0.225, 0.225, 0.225, 0.22300000000000003]], 
            
    "NN": [[0.07100000000000001, 0.09100000000000003, 0.08399999999999999, 0.08700000000000002, 0.08399999999999999, 0.07999999999999997, 0.08099999999999996, 0.079, 0.079, 0.079, 0.07999999999999997, 0.079, 0.079, 0.079, 0.079, 0.079, 0.079, 0.07800000000000003, 0.07999999999999997, 0.088], 
            [0.053000000000000026, 0.17, 0.18600000000000005, 0.172, 0.154, 0.14400000000000004, 0.14400000000000004, 0.14100000000000001, 0.13799999999999998, 0.14000000000000004, 0.13899999999999996, 0.13899999999999996, 0.13799999999999998, 0.13799999999999998, 0.137, 0.13200000000000003, 0.129, 0.11799999999999998, 0.10700000000000004, 0.083]], 
            
    "NS": [[0.041999999999999996, 0.058, 0.05700000000000003, 0.05700000000000003, 0.05, 0.04599999999999999, 0.041000000000000016, 0.03700000000000001, 0.03099999999999996, 0.029, 0.020000000000000018, 0.020999999999999998, 0.020000000000000018, 0.020000000000000018, 0.019000000000000038, 0.01799999999999997, 0.016999999999999994, 0.016999999999999994, 0.025, 0.289], 
            [0.09000000000000004, 0.020000000000000018, 0.176, 0.0040000000000000036, 0.0030000000000000248, 0.12199999999999998, 0.021999999999999974, 0.029, 0.029, 0.03700000000000001, 0.040000000000000036, 0.03399999999999999, 0.03399999999999999, 0.03700000000000001, 0.041999999999999996, 0.05, 0.12400000000000003, 0.19, 0.25699999999999995, 0.28400000000000003]], 
            
    "SC": [[0.08899999999999997, 0.07100000000000001, 0.07100000000000001, 0.07100000000000001, 0.07199999999999998, 0.07100000000000001, 0.07300000000000004, 0.07300000000000004, 0.07300000000000004, 0.07300000000000004, 0.075, 0.07699999999999996, 0.07800000000000003, 0.079, 0.07999999999999997, 0.079, 0.07999999999999997, 0.07999999999999997, 0.08200000000000003, 0.15499999999999997], 
            [0.041999999999999996, 0.07599999999999997, 0.08800000000000008, 0.10199999999999995, 0.10999999999999997, 0.11300000000000007, 0.11899999999999995, 0.11500000000000005, 0.11899999999999995, 0.12100000000000008, 0.125, 0.12599999999999997, 0.1289999999999999, 0.13000000000000006, 0.133, 0.13699999999999993, 0.13699999999999993, 0.13699999999999993, 0.13699999999999993, 0.13699999999999993]], 
            
    "SN": [[0.22999999999999998, 0.15300000000000002, 0.041000000000000016, 0.029, 0.012999999999999989, 0.0009999999999999788, 0.014999999999999993, 0.018000000000000016, 0.02200000000000002, 0.022999999999999996, 0.022999999999999996, 0.022999999999999996, 0.02400000000000002, 0.02400000000000002, 0.02400000000000002, 0.02400000000000002, 0.025, 0.02400000000000002, 0.027, 0.131], 
            [0.03600000000000003, 0.08499999999999996, 0.06200000000000001, 0.06399999999999996, 0.08399999999999999, 0.11100000000000003, 0.12800000000000003, 0.13799999999999998, 0.14400000000000004, 0.14200000000000002, 0.15, 0.15, 0.15199999999999994, 0.15300000000000002, 0.15499999999999997, 0.158, 0.16100000000000003, 0.16799999999999998, 0.176, 0.18600000000000005]], 
            
    "SS": [[0.05, 0.05, 0.07199999999999998, 0.08399999999999999, 0.11, 0.127, 0.14500000000000002, 0.148, 0.152, 0.152, 0.15, 0.15, 0.152, 0.154, 0.156, 0.158, 0.16, 0.17099999999999999, 0.182, 0.282], 
            [0.009999999999999964, 0.019000000000000038, 0.040000000000000036, 0.07800000000000003, 0.10499999999999998, 0.13199999999999998, 0.14300000000000002, 0.13999999999999999, 0.139, 0.14200000000000002, 0.14200000000000002, 0.152, 0.151, 0.156, 0.16099999999999998, 0.17200000000000001, 0.204, 0.217, 0.23199999999999998, 0.27599999999999997]]
}