{"gpt": [0.5780000000000001, 0.6419999999999999, 0.6239999999999999, 0.6439999999999999, 0.6199999999999999, 0.6000000000000001, 0.592, 0.5900000000000002, 0.565, 0.5580000000000002, 0.563, 0.562, 0.562, 0.546, 0.555, 0.5790000000000001, 0.5350000000000001, 0.5519999999999999, 0.585, 0.5030000000000001], "claude": [0.49500000000000005, 0.7019999999999998, 0.7460000000000001, 0.7300000000000001, 0.7229999999999999, 0.7239999999999999, 0.748, 0.7290000000000001, 0.7170000000000001, 0.72, 0.7080000000000001, 0.7110000000000001, 0.6830000000000004, 0.655, 0.652, 0.6170000000000002, 0.6139999999999999, 0.5660000000000001, 0.5549999999999999, 0.48]}