{"CC": [233.35, 203.01666666666665], "CN": [216.2833333333334, 211.2833333333334], "CS": [191.35, 227.6833333333333], "NC": [246.13333333333333, 179.46666666666667], "NN": [220.85, 197.1833333333333], "NS": [211.3166666666667, 210.98333333333335], "SC": [238.20000000000007, 180.8666666666667], "SN": [217.65, 198.64999999999998], "SS": [208.08333333333334, 210.41666666666666]}