{"CC": [[0.06416802485359029, 0.0629899025031284, 0.0629899025031284, 0.06259717829183126, 0.06279354146471466, 0.06240081296749366, 0.06259717829183126, 0.06240081296749366, 0.06240081296749366, 0.06240081296749366, 0.06240081296749366, 0.06240081296749366, 0.06240081296749366, 0.06240081296749366, 0.06240081296749366, 0.06240081296749366, 0.06240081296749366, 0.06240081296749366, 0.06240081296749366, 0.05965146276865459], [0.009999004830943634, 0.009459711127691223, 0.01127632323554983, 0.011276323235549314, 0.01017996895481303, 0.01054351142481488, 0.01017996895481303, 0.01017996895481303, 0.009999004830943634, 0.009818618471472832, 0.009999004830943634, 0.009999004830943634, 0.009999004830943634, 0.009999004830943634, 0.009999004830943634, 0.009999004830943634, 0.009999004830943634, 0.009999004830943634, 0.009999004830943634, 0.009999004830943634]], "CN": [[0.03410034000300367, 0.03566825018252498, 0.035080282078129826, 0.03606023001651711, 0.035864239993251786, 0.03664820131195972, 0.03704018314979911, 0.03684419213649165, 0.03684419213649165, 0.03704018314979911, 0.03684419213649165, 0.03684419213649165, 0.03704018314979911, 0.03704018314979911, 0.03704018314979911, 0.03704018314979911, 0.03704018314979911, 0.03704018314979911, 0.03723617434752363, 0.03782414900541118], [0.0111301304324536, 0.02606375649363417, 0.030055614742826437, 0.026597711116837997, 0.0452719268476239, 0.04546792304266277, 0.045663919312388425, 0.04625190855653841, 0.04585991565546996, 0.04625190855653551, 0.04625190855653841, 0.04585991565546996, 0.04585991565546996, 0.046055912070605234, 0.046055912070605234, 0.046055912070605234, 0.0438999556938467, 0.08202828650187632, 0.09945056082602514, 0.11786037781408201]], "CS": [[0.03211040510676655, 0.03346800520110278, 0.03269208483825696, 0.032577534976009015, 0.03133438574613117, 0.030947769468131867, 0.030367662232452405, 0.030174080523151698, 0.029275574281550587, 0.02868299616298507, 0.028486241259084777, 0.028486241259084777, 0.02869260260607331, 0.02849833272810216, 0.02849833272810216, 0.02849833272810216, 0.02869260260607331, 0.02869260260607331, 0.028692602605690856, 0.02442582396804216], [0.006271115360503285, 0.014895204221532956, 0.017889814441197607, 0.01823882311698638, 0.016498698540194777, 0.015962704958117954, 0.015447961938093826, 0.015505575346608194, 0.01592668501715179, 0.015565706934529765, 0.015385787231610673, 0.014315139499488504, 0.015027154669494348, 0.015206265060805609, 0.015027154669494247, 0.012744039155743571, 0.009202735949978681, 0.00664806747222838, 0.013443370205631584, 0.026594130631217544]], "NC": [[0.01058185568351092, 0.01342382893575752, 0.014262161398753288, 0.0148941244848922, 0.014708483644046443, 0.014708483644046443, 0.014523115153788874, 0.014708483644046443, 0.014708483644046443, 0.014708483644046443, 0.014708483644046443, 0.014708483644046443, 0.014708483644046443, 0.014708483644046443, 0.014708483644046443, 0.014708483644046443, 0.014894124484877239, 0.014894124484877239, 0.014894124484877239, 0.015080027619696533], [0.010385889863962473, 0.013325465248160754, 0.013717476890587948, 0.013717476890587948, 0.013717476890587948, 0.014109433870507344, 0.014109433870507344, 0.014109433870507344, 0.014109433870507344, 0.014109433870507344, 0.014109433870507344, 0.014109433870507344, 0.014109433870507344, 0.014109433870507344, 0.014109433870507344, 0.01450139353734263, 0.014893355641216239, 0.014893355641216239, 0.014893355641216239, 0.015285319962562646]], "NN": [[0.01410940556464894, 0.018027418819389417, 0.016659775212597788, 0.01724756529083052, 0.016662325628748177, 0.01588165814800385, 0.016080109478927563, 0.015691428901187247, 0.015691428901187247, 0.015691428901187247, 0.01588707848599881, 0.015691428901187247, 0.015691428901187247, 0.015691428901187247, 0.015691428901187247, 0.015691428901187247, 0.015691428901187247, 0.015495791928210519, 0.01588707848599881, 0.01745266639260735], [0.010581468041218569, 0.03335643045065895, 0.03647186616499075, 0.033749395171305124, 0.03024771396041738, 0.028306226796401955, 0.028308309519408183, 0.027727656540317475, 0.027147169562684554, 0.027535430868662777, 0.027339352428739135, 0.027341284187120136, 0.027147169562684554, 0.027147169562684554, 0.026953087494516744, 0.025983184579590743, 0.025401670567949848, 0.02327255784101332, 0.021149316474157614, 0.016547444512328223]], "NS": [[0.008426320628403323, 0.011560854982955199, 0.01137045312665397, 0.011375830708050427, 0.01001449987936692, 0.009242104813562515, 0.00827057618925497, 0.007495609122955261, 0.006338992597744361, 0.005955712734567333, 0.004257178853707964, 0.004442801114845691, 0.004257178853707964, 0.004257178853707964, 0.004072713507126871, 0.003889577961047629, 0.003708015495929158, 0.004215146857472647, 0.006114378483276511, 0.0034294313611479854], [0.017663612432481515, 0.01573064304097189, 0.004914865126454625, 0.0014564096419039168, 0.0014814379667564877, 0.004617344519803795, 0.004638591337411683, 0.005964127206526123, 0.005964127206526123, 0.007503120668790244, 0.008083805829049166, 0.006924073113772214, 0.006924073113772214, 0.007503120668790244, 0.008471651289608004, 0.010027174480494332, 0.015934746405051135, 0.022233174235671838, 0.02850582249900472, 0.04258997662648289]], "SC": [[0.0806082286617544, 0.08409803024217162, 0.08411622510102666, 0.06452601432946704, 0.044749445823766304, 0.04494434030271873, 0.04455456104615512, 0.04455456104615512, 0.04455456104615512, 0.04455456104615512, 0.04416482110830498, 0.043775121538696615, 0.04358028723021429, 0.04338546342452378, 0.04319065026368648, 0.04338546342452378, 0.04319065026368648, 0.04319065026368648, 0.042801056457725764, 0.02862589325191908], [0.008426326549781296, 0.01508931910825701, 0.022104083521203497, 0.05847434258556352, 0.03735203089334463, 0.017301826279658056, 0.004785647255190919, 0.004168533724080762, 0.004785647255190919, 0.005111387783410931, 0.005787572933651532, 0.0059607473874415005, 0.006488068165492442, 0.006666098231421161, 0.007205787200569354, 0.007936058365744405, 0.007936058365744405, 0.007936058365744405, 0.007936058365744405, 0.007936058365744405]], "SN": [[0.013913424494123144, 0.028877230039509833, 0.03123831348723534, 0.03359826283887482, 0.0367433942815873, 0.03910132807610679, 0.04224424526529473, 0.042833435347656726, 0.04361896921258056, 0.043815344328936294, 0.043815344328936294, 0.043815344328936294, 0.044011716190297874, 0.044011716190297874, 0.044011716190297874, 0.044011716190297874, 0.04420808483794283, 0.044011716190297874, 0.04460081265387556, 0.0650107242780408], [0.012654596199523246, 0.0422160380260997, 0.04669851272291125, 0.051771462583245796, 0.05567791302201492, 0.06096741753725423, 0.06430687286749698, 0.06627156058414876, 0.06745032883656256, 0.06705741477746431, 0.0686290321114327, 0.0686290321114327, 0.06902191922313752, 0.06921836003539313, 0.06961123607871483, 0.07020053597911792, 0.07078981864767944, 0.07216474388432667, 0.07373597140328843, 0.07569983636496994]], "SS": [[0.009993962207780776, 0.009993964812709403, 0.014305433784256832, 0.016657182653092642, 0.021752933198144083, 0.02508482517632005, 0.02861274146634931, 0.02920072724717933, 0.029984709241520902, 0.029984709241520902, 0.029592718113246423, 0.029592718113246423, 0.029984709241520902, 0.030376700620630994, 0.03076869223986146, 0.0311606840891066, 0.03155267615882728, 0.033707779411284756, 0.03586373964077275, 0.05553173095830945], [0.00227596917529377, 0.005510494879500268, 0.009331426429869364, 0.015481339748884293, 0.020772990244299926, 0.02606480364183272, 0.028220751327067216, 0.0276327666760806, 0.027436771955242453, 0.028024756363934204, 0.028024756363934204, 0.029984709255851994, 0.029788713659906024, 0.030768692253287124, 0.03174867228593904, 0.033904632745589025, 0.04017695307671872, 0.0427247750091396, 0.0456646104861519, 0.05425234858978836]]}