{"CC": [220.0, 220.0], "CN": [217.00000000000003, 210.33333333333334], "CS": [142.70000000000002, 277.3666666666667], "NC": [265.0, 165.0], "NN": [214.95000000000002, 205.95000000000002], "NS": [187.5666666666667, 222.9], "SC": [271.0833333333333, 152.08333333333331], "SN": [212.9, 201.5666666666667], "SS": [198.15, 203.15]}