{"CC": [[10.0, 10.0, 10.0, 10.0, 10.0, 10.0, 10.0, 10.0, 10.0, 10.0, 10.0, 10.0, 10.0, 10.0, 10.0, 10.0, 10.0, 10.0, 10.0, 10.0], [10.0, 10.0, 10.0, 10.0, 10.0, 10.0, 10.0, 10.0, 10.0, 10.0, 10.0, 10.0, 10.0, 10.0, 10.0, 10.0, 10.0, 10.0, 10.0, 10.0]], "CN": [[6.666666666666667, 6.666666666666667, 6.666666666666667, 6.666666666666667, 6.666666666666667, 6.666666666666667, 6.666666666666667, 6.666666666666667, 6.666666666666667, 6.666666666666667, 6.666666666666667, 6.666666666666667, 6.666666666666667, 6.666666666666667, 6.666666666666667, 6.666666666666667, 6.666666666666667, 6.666666666666667, 6.666666666666667, 6.666666666666667], [6.666666666666667, 7.333333333333333, 7.0, 7.0, 7.0, 7.0, 7.0, 7.0, 7.0, 7.0, 7.0, 7.0, 7.0, 7.0, 7.0, 7.0, 7.0, 7.0, 7.0, 7.0]], "CS": [[8.333333333333334, 8.333333333333334, 8.333333333333334, 8.333333333333334, 8.333333333333334, 8.333333333333334, 8.333333333333334, 8.333333333333334, 8.333333333333334, 8.333333333333334, 8.333333333333334, 8.333333333333334, 8.333333333333334, 8.333333333333334, 8.333333333333334, 8.333333333333334, 8.333333333333334, 8.333333333333334, 8.666666666666666, 9.0], [3.6666666666666665, 3.6666666666666665, 2.3333333333333335, 1.6666666666666667, 1.6666666666666667, 1.6666666666666667, 1.6666666666666667, 1.6666666666666667, 1.6666666666666667, 1.6666666666666667, 1.6666666666666667, 1.6666666666666667, 1.6666666666666667, 1.6666666666666667, 1.6666666666666667, 1.6666666666666667, 1.6666666666666667, 0.0, 0.0, 0.0]], "NC": [[5.0, 5.0, 5.0, 5.0, 5.0, 5.0, 5.0, 5.0, 5.0, 5.0, 5.0, 5.0, 5.0, 5.0, 5.0, 5.0, 5.0, 5.0, 5.0, 5.0], [10.0, 10.0, 10.0, 10.0, 10.0, 10.0, 10.0, 10.0, 10.0, 10.0, 10.0, 10.0, 10.0, 10.0, 10.0, 10.0, 10.0, 10.0, 10.0, 10.0]], "NN": [[5.0, 5.0, 5.0, 5.0, 5.0, 5.0, 5.0, 5.0, 5.0, 5.0, 5.0, 5.0, 5.0, 5.0, 5.0, 5.0, 5.0, 5.0, 5.0, 5.0], [7.0, 6.0, 5.333333333333333, 5.333333333333333, 5.333333333333333, 5.333333333333333, 5.333333333333333, 5.333333333333333, 5.333333333333333, 5.333333333333333, 5.333333333333333, 5.333333333333333, 5.333333333333333, 5.333333333333333, 5.333333333333333, 5.333333333333333, 5.333333333333333, 5.333333333333333, 5.333333333333333, 5.333333333333333]], "NS": [[5.0, 3.3333333333333335, 4.666666666666667, 3.3333333333333335, 3.3333333333333335, 3.3333333333333335, 3.6666666666666665, 3.3333333333333335, 3.3333333333333335, 3.3333333333333335, 3.3333333333333335, 3.3333333333333335, 3.3333333333333335, 3.3333333333333335, 3.3333333333333335, 3.3333333333333335, 3.3333333333333335, 3.3333333333333335, 3.3333333333333335, 3.3333333333333335], [1.6666666666666667, 2.3333333333333335, 1.6666666666666667, 1.6666666666666667, 2.3333333333333335, 1.6666666666666667, 1.6666666666666667, 1.6666666666666667, 1.6666666666666667, 1.6666666666666667, 1.6666666666666667, 1.6666666666666667, 1.6666666666666667, 1.6666666666666667, 1.6666666666666667, 1.6666666666666667, 1.6666666666666667, 1.6666666666666667, 1.6666666666666667, 1.6666666666666667]], "SC": [[4.0, 4.0, 3.3333333333333335, 3.3333333333333335, 3.0, 2.6666666666666665, 2.6666666666666665, 2.6666666666666665, 2.6666666666666665, 2.6666666666666665, 2.6666666666666665, 2.6666666666666665, 2.6666666666666665, 2.6666666666666665, 2.6666666666666665, 2.6666666666666665, 2.6666666666666665, 2.6666666666666665, 2.6666666666666665, 1.3333333333333333], [9.333333333333334, 9.333333333333334, 9.333333333333334, 8.666666666666666, 8.333333333333334, 9.0, 9.0, 8.333333333333334, 8.666666666666666, 8.666666666666666, 8.666666666666666, 8.666666666666666, 8.666666666666666, 8.666666666666666, 8.666666666666666, 8.666666666666666, 8.666666666666666, 8.666666666666666, 8.666666666666666, 8.666666666666666]], "SN": [[3.3333333333333335, 3.3333333333333335, 3.3333333333333335, 3.3333333333333335, 3.3333333333333335, 3.3333333333333335, 3.3333333333333335, 3.3333333333333335, 3.3333333333333335, 3.3333333333333335, 3.3333333333333335, 3.3333333333333335, 3.3333333333333335, 3.3333333333333335, 3.3333333333333335, 3.3333333333333335, 3.3333333333333335, 3.3333333333333335, 3.3333333333333335, 3.3333333333333335], [6.666666666666667, 5.0, 4.0, 3.6666666666666665, 3.6666666666666665, 3.6666666666666665, 3.6666666666666665, 3.6666666666666665, 3.6666666666666665, 3.6666666666666665, 3.6666666666666665, 3.6666666666666665, 3.6666666666666665, 3.6666666666666665, 3.6666666666666665, 3.6666666666666665, 3.6666666666666665, 3.6666666666666665, 3.6666666666666665, 3.6666666666666665]], "SS": [[3.3333333333333335, 2.3333333333333335, 2.0, 1.0, 0.3333333333333333, 0.0, 0.0, 0.0, 0.0, 0.0, 0.0, 0.0, 0.0, 0.0, 0.0, 0.0, 0.0, 0.0, 0.0, 0.0], [2.6666666666666665, 1.0, 0.3333333333333333, 0.0, 0.0, 0.0, 0.0, 0.0, 0.0, 0.0, 0.0, 0.0, 0.0, 0.0, 0.0, 0.0, 0.0, 0.0, 0.0, 0.0]]}