{"llama": [0.6190954773869348, 0.8530000000000002, 0.9190000000000002, 0.9560000000000002, 0.9656565656565658, 0.9616161616161616, 0.9567839195979898, 0.9547738693467337, 0.9688442211055276, 0.9547738693467337, 0.9618090452261305, 0.9698492462311559, 0.9530000000000001, 0.9583756345177664, 0.9129999999999999, 0.909, 0.9079999999999999, 0.9206030150753768, 0.8939393939393939, 0.306], "qwen": [0.5326633165829148, 0.9179999999999999, 0.9330000000000003, 0.9600000000000003, 0.9656565656565655, 0.9505050505050504, 0.9577889447236182, 0.9597989949748744, 0.964824120603015, 0.963819095477387, 0.9577889447236182, 0.9587939698492463, 0.968, 0.9543147208121827, 0.938, 0.9250000000000002, 0.9330000000000002, 0.9195979899497487, 0.7939393939393938, 0.6780000000000002]}