{"llama": [0.393, 0.5760000000000002, 0.6310000000000001, 0.66, 0.7537688442211053, 0.628, 0.613, 0.6350000000000001, 0.577, 0.5780000000000001, 0.605, 0.6713567839195979, 0.5798994974874372, 0.48399999999999993, 0.4759999999999999, 0.42211055276381926, 0.5015075376884423, 0.345, 0.131, 0.0], "qwen": [0.6470000000000006, 0.7179999999999999, 0.7670000000000001, 0.764, 0.6512562814070352, 0.7300000000000001, 0.7430000000000001, 0.7390000000000001, 0.7390000000000001, 0.737, 0.732, 0.6100502512562813, 0.642211055276382, 0.685, 0.6140000000000001, 0.5869346733668341, 0.4170854271356785, 0.49300000000000005, 0.44999999999999996, 0.155]}