{"llama": [0.43, 0.586, 0.659, 0.666, 0.6600000000000001, 0.622, 0.667, 0.6545000000000002, 0.6589999999999999, 0.639, 0.6180000000000001, 0.5969999999999999, 0.5690000000000001, 0.542, 0.5199999999999999, 0.5557788944723618, 0.4200000000000001, 0.358, 0.08100000000000002, 0.01], "qwen": [0.4910000000000001, 0.682, 0.7210000000000001, 0.75, 0.753, 0.753, 0.742, 0.73, 0.7260000000000001, 0.7269999999999999, 0.7299999999999999, 0.7099999999999999, 0.6759999999999999, 0.667, 0.667, 0.5467336683417086, 0.551, 0.508, 0.442, 0.049]}