{
    "CC": [1.475103031606945, 5.659125809205513], 
    "CN": [3.511171462212575, 4.786497921672589], 
    "CS": [8.916728201006466, 7.316386293381725], 
    "NC": [2.159233214950162, 4.409882851421792], 
    "NN": [3.592933860752798, 3.5028505849584843], 
    "NS": [5.460215532853626, 5.2600624693415945], 
    "SC": [6.901271887760978, 7.787122179598829], 
    "SN": [5.479681321297436, 4.349458942123263], 
    "SS": [1.6021685966913717, 2.3322707352415146]
}