{
    "CC": [[0.3574031919275483, 0.3574031919275483, 0.3574031919275483, 0.3574031919275483, 0.3574031919275483, 0.3574031919275483, 0.3574031919275483, 0.3574031919275483, 0.3574031919275483, 0.3574031919275483, 0.3574031919275483, 0.3574031919275483, 0.3574031919275483, 0.3574031919275483, 0.3574031919275483, 0.3574031919275483, 0.3574031919275483, 0.3574031919275483, 0.3574031919275483, 0.3574031919275483], 
    [0.06932417760060322, 0.07681599833368043, 0.06085476480933941, 0.057977581874376176, 0.057977581874376176, 0.057977581874376176, 0.057977581874376176, 0.057977581874376176, 0.057977581874376176, 0.057977581874376176, 0.057977581874376176, 0.057977581874376176, 0.057977581874376176, 0.057977581874376176, 0.057977581874376176, 0.057977581874376176, 0.057977581874376176, 0.057977581874376176, 0.057977581874376176, 0.057977581874376176]], 
    
    "CN": [[0.3876441997502351, 0.3836596741905516, 0.37701352760875834, 0.3736307032351595, 0.37020659313415816, 0.3736307032351595, 0.3712428337355485, 0.3712428337355485, 0.3712428337355485, 0.3712428337355485, 0.3712428337355485, 0.3712428337355485, 0.3712428337355485, 0.3712428337355485, 0.3712428337355485, 0.3712428337355485, 0.3712428337355485, 0.3712428337355485, 0.3712428337355485, 0.3712428337355485], 
    [0.11128934540197466, 0.30325577059637304, 0.31051621278123326, 0.32620312444855604, 0.3220608638130377, 0.32383921689628653, 0.3308338338199405, 0.3279473030838949, 0.3279473030838949, 0.3279473030838949, 0.3279473030838949, 0.3279473030838949, 0.3279473030838949, 0.3279473030838949, 0.3279473030838949, 0.3279473030838949, 0.3279473030838949, 0.3421589689018834, 0.33483317398370205, 0.3460052346424836]], 
    
    "CS": [[0.3843349601584536, 0.3874409890551076, 0.4206426683064857, 0.4244655934230712, 0.44436273471118154, 0.4389524912789538, 0.4557790254059528, 0.45500292922134045, 0.45500292922134045, 0.4881777315691488, 0.46831697129188044, 0.4674302086943032, 0.4674302086943032, 0.4674302086943032, 0.4674302086943032, 0.4674302086943032, 0.46340634436744604, 0.46340634436744604, 0.4649952842771633, 0.4875438441822436], 
    [0.3847345703208901, 0.5479979138646424, 0.6005761114130332, 0.5957110386756318, 0.5764499617486322, 0.5984230196107098, 0.58106975966746, 0.6049863138947859, 0.6049863138947859, 0.5823377370564264, 0.6262038965065609, 0.6049863138947859, 0.6262038965065609, 0.6049863138947859, 0.6262038965065609, 0.5823377370564264, 0.6018827792851362, 0.5750354076054793, 0.5951432768670082, 0.5293306505389612]], 
    
    "NC": [[0.2675669217223983, 0.28193358366821086, 0.2773174902525982, 0.27856833990961744, 0.27881645862466575, 0.27881645862466575, 0.27881645862466575, 0.27881645862466575, 0.27881645862466575, 0.27881645862466575, 0.27881645862466575, 0.27881645862466575, 0.27881645862466575, 0.27881645862466575, 0.27881645862466575, 0.27881645862466575, 0.27881645862466575, 0.27881645862466575, 0.27881645862466575, 0.27881645862466575], 
    [0.2081294827745456, 0.14235322265407271, 0.14424321682491703, 0.1311150639705446, 0.12351110719283521, 0.12351110719283521, 0.12351110719283521, 0.12351110719283521, 0.12351110719283521, 0.12351110719283521, 0.12351110719283521, 0.12351110719283521, 0.12351110719283521, 0.12351110719283521, 0.12351110719283521, 0.12351110719283521, 0.12351110719283521, 0.12351110719283521, 0.12351110719283521, 0.12351110719283521]], 
    
    "NN": [[0.18507216322289, 0.1948598840192614, 0.21380177361284905, 0.21545740739180924, 0.23266281524988047, 0.2484179188383963, 0.26409863611915907, 0.28898536710359585, 0.30848058869238454, 0.3167932423521688, 0.30401489174051993, 0.3201166662327971, 0.3201166662327971, 0.3344428584975316, 0.3344428584975316, 0.3344428584975316, 0.3344428584975316, 0.33526314202429097, 0.3375470550901013, 0.368870750263558], 
    [0.11527399706785565, 0.20574399237887847, 0.26181961423850575, 0.29184261786106563, 0.2615774026937341, 0.2613790626657001, 0.27155727499001026, 0.2910517507248496, 0.3111650468802689, 0.30651291914044987, 0.3417376771735887, 0.3417376771735887, 0.363921914701492, 0.35940222369929753, 0.373795175998835, 0.3711548657905483, 0.37260110359471554, 0.37825461054691706, 0.3827323472088557, 0.3981454287066474]], 
    
    "NS": [[0.19517506398103227, 0.2868505366911488, 0.3404932398741565, 0.4032982796888671, 0.4321744444087363, 0.44744700870605936, 0.45385322561374397, 0.45752882488429086, 0.45989469403331884, 0.46164553674870534, 0.460145222294006, 0.4605958297683556, 0.4641311452596131, 0.46557323634418685, 0.46247278838867917, 0.4587028162111065, 0.4694639854131519, 0.4543608064082991, 0.4557790254059525, 0.4565538023059278], 
    [0.394442391230963, 0.4556483626657733, 0.4643007921595657, 0.4768241336174165, 0.4599072236875605, 0.46330270882005453, 0.45987381051762466, 0.4600116242009543, 0.4558675175969441, 0.45657483767724233, 0.45652014369576294, 0.4573608658379071, 0.45392516740097116, 0.4513067586464885, 0.449430179671993, 0.4442589803256651, 0.4294144850840502, 0.4035696638747761, 0.3838999119562286, 0.3649812619847764]], 
    
    "SC": [[0.5158748297794732, 0.5471735900059506, 0.5495659654672949, 0.5450914697553062, 0.5356038461400366, 0.5436341872987753, 0.5466221788401928, 0.5520662800787602, 0.5520662800787602, 0.5538552171822525, 0.5520662800787602, 0.5538552171822525, 0.5538552171822525, 0.5520662800787602, 0.5538552171822525, 0.5538552171822525, 0.5538552171822525, 0.5538552171822525, 0.5538552171822525, 0.5630490195355999], 
    [0.11447138332351893, 0.18897490203728126, 0.2889654263056395, 0.455036700058358, 0.4820325034683864, 0.5090871265314023, 0.5195848727590132, 0.541822139082559, 0.5445097303079163, 0.5535256539673661, 0.5741528869560791, 0.599192869116447, 0.5936535541879623, 0.6123737629911978, 0.6138900227239401, 0.6096167176185376, 0.618748749008836, 0.6059412195914718, 0.618748749008836, 0.618748749008836]], 
    
    "SN": [[0.5011279613032983, 0.4455498625294367, 0.4143488211640042, 0.3901286331455305, 0.3952936629899347, 0.4029981161246292, 0.39754192533618377, 0.4076800000000002, 0.40489539389822626, 0.4059613774732764, 0.4040595975843169, 0.4068640873805405, 0.406831039130497, 0.40780719169725305, 0.406831039130497, 0.406831039130497, 0.4097103288910351, 0.40871522408640465, 0.40375999999999984, 0.371775370889466], 
    [0.12910732899413574, 0.38144540893815987, 0.5421233866934722, 0.4868499547088405, 0.46733157565052236, 0.48476232691907917, 0.502994964587122, 0.4982256773792375, 0.5107257565465052, 0.5146110546811059, 0.5205303925804907, 0.519839889196664, 0.5193482238344519, 0.5193075389400775, 0.5198214139490602, 0.5109964712206924, 0.5005335009767076, 0.4963833018948159, 0.4943359359787635, 0.4935153898309552]], 
    
    "SS": [[0.4867552567769559, 0.37045555522896423, 0.3497597895699274, 0.30803194379804205, 0.2745119771521819, 0.2602891807202135, 0.22080250360899448, 0.20944505341497083, 0.17760455399566755, 0.16560550232404725, 0.1623253966574547, 0.16181577673391437, 0.15644434665400977, 0.15396919691938377, 0.15338174076466854, 0.15276688122757498, 0.15276688122757498, 0.14434970869385227, 0.13819042513864702, 0.11218325008663281], 
    [0.4156447925813578, 0.33911965086087253, 0.2787337769270167, 0.266004568381823, 0.22191320465443232, 0.1954012855638366, 0.16533851819827106, 0.15277945411605595, 0.14504000000000003, 0.12898825372877948, 0.12898825372877948, 0.11851113702939478, 0.10406474138727287, 0.11259342787214542, 0.09870307796619104, 0.0970348473487746, 0.08232, 0.08232, 0.06998599859971993, 0.058505261301869255]]
}