{
    "CC": [322.872, 305.332], 
    "CN": [306.4719999999999, 305.59199999999987], 
    "CS": [191.40600000000003, 330.37600000000003], 
    "NC": [334.0040000000001, 250.06400000000005], 
    "NN": [273.70399999999995, 261.10400000000004], 
    "NS": [212.38199999999998, 244.64199999999994], 
    "SC": [324.19000000000005, 214.62], 
    "SN": [233.558, 217.418], 
    "SS": [203.044, 208.46400000000003]
}