{"CCCC": [4.651672785823183, 6.505077091783615, 10.36695914797622, 4.5902472233342735], "NNNN": [6.754242221670169, 5.665596599422873, 11.01696907530705, 6.515585852464225], "SSSS": [7.231600020797607, 6.540160235835202, 9.688533571433803, 6.953173965779942]}