{"CC": [4.730257250369447, 1.7019918903475397], "CN": [0.36246757296646104, 0.24017741030137915], "CS": [0.1900074413334101, 0.2369543866758089], "NC": [0.3599633127097825, 0.0758933797026667], "NN": [0.18185170376895268, 0.05021626856647094], "NS": [0.25146368778734984, 0.5148776494754147], "SC": [1.123680986509908, 0.061315564094617095], "SN": [0.6136817512993032, 0.49997649104258673], "SS": [0.17119097293598687, 0.16805550693041196]}