{"CC": [[0.0, 0.019055712669863167, 0.031464291151198524, 0.040830572479688035, 0.05021355512443237, 0.05647377759042877, 0.05647377741662998, 0.059604868707688045, 0.05647377741662998, 0.059604868707688045, 0.05647377741662998, 0.059604868707688045, 0.05647377741662998, 0.059604868707688045, 0.05647377741662998, 0.059604868707688045, 0.05647377741662998, 0.05647377741662998, 0.05647377741662998, 0.20365890604880452], [0.28678515606767374, 0.3088473418549672, 0.3056964251347347, 0.2993937944663943, 0.2930900499050264, 0.28678515144720385, 0.2804790563432855, 0.28363225604831926, 0.2804790563432855, 0.28363225604831926, 0.2804790563432855, 0.28363225604831926, 0.2804790563432855, 0.28363225604831926, 0.28363225604831926, 0.2867851514458419, 0.28363225604831926, 0.28363225604831926, 0.28363225604831926, 0.31206388773269395]], "CN": [[0.0, 0.008124419810573554, 0.013177253498206249, 0.016130301962017656, 0.010675745743076346, 0.022209996305943783, 0.0191673754599321, 0.025285347512586327, 0.022209996305943783, 0.02837954305509717, 0.025285347512586327, 0.02837954305509717, 0.025285347512586327, 0.02837954305509717, 0.025285347512586327, 0.02837954305509717, 0.025285347512586327, 0.02837954305509717, 0.025285347512586327, 0.0972034635225847], [0.02568534770764847, 0.022138646603172323, 0.022151310367050318, 0.008383518859416846, 0.0252689442143557, 0.025277675560428047, 0.03771676046512469, 0.03459849836424785, 0.04083857534694536, 0.03771676046512469, 0.04083857534694536, 0.03771676046512469, 0.04083857534694536, 0.03771676046512469, 0.04083857534694536, 0.03771676046512469, 0.04083857534694536, 0.03771676046512469, 0.016185855897175125, 0.016185855897175125]], "CS": [[0.0, 0.007464127989683011, 0.01005776523219169, 0.012970527797160675, 0.015988270745579354, 0.019051623154357412, 0.019051623154357412, 0.019051623154357412, 0.019051623154357412, 0.019051623154357412, 0.019051623154357412, 0.019051623154357412, 0.019051623154357412, 0.019051623154357412, 0.019051623154357412, 0.019051623154357412, 0.019051623154357412, 0.019051623154357412, 0.019051623154357412, 0.13184348815326558], [0.019051623190986577, 0.012970529845861733, 0.012970529845861733, 0.01598827094006077, 0.019051623180197173, 0.022138612573229185, 0.025239365671578935, 0.025239365671578935, 0.025239365671578935, 0.025239365671578935, 0.025239365671578935, 0.025239365671578935, 0.025239365671578935, 0.025239365671578935, 0.025239365671578935, 0.025239365671578935, 0.025239365671578935, 0.025239365671578935, 0.025239365671578935, 0.04396297332687525]], "NC": [[0.0, 0.007464129038801561, 0.0, 0.0, 0.007464130555674825, 0.010057765258902502, 0.010057765258902502, 0.010057765258902502, 0.010057765258902502, 0.010057765258902502, 0.010057765258902502, 0.010057765258902502, 0.010057765258902502, 0.010057765258902502, 0.010057765258902502, 0.010057765258902502, 0.010057765258902502, 0.010057765258902502, 0.010057765258902502, 0.11287629755903483], [0.05647381264814189, 0.03770594343885501, 0.03458359564434643, 0.02834921558004596, 0.025240210773130815, 0.025240210773130815, 0.02214045725918187, 0.02214045725918187, 0.02214045725918187, 0.02214045725918187, 0.02214045725918187, 0.02214045725918187, 0.02214045725918187, 0.02214045725918187, 0.02214045725918187, 0.02214045725918187, 0.02214045725918187, 0.02214045725918187, 0.02214045725918187, 0.02214045725918187]], "NN": [[0.0, 0.0, 0.01297052779716094, 0.01005776523224114, 0.015988270745579354, 0.01297052779716094, 0.015988270745579354, 0.01297052779716094, 0.015988270745579354, 0.01297052779716094, 0.01297052779716094, 0.019051623154357412, 0.0, 0.019051623154357412, 0.019051623154357412, 0.019051623154357412, 0.019051623154357412, 0.019051623154357412, 0.019051623154357412, 0.14422676280920643], [0.022138740936728265, 0.025239401181525883, 0.022138700242811345, 0.028348833096967348, 0.025239401181525883, 0.028348833096967348, 0.025239401181525883, 0.028348833096967348, 0.025239401181525883, 0.025239401181525883, 0.022138700242811345, 0.025239401181525883, 0.007527301805756164, 0.015989022339084693, 0.007527301805756164, 0.007527301805756164, 0.007527301805756164, 0.007527301805756164, 0.007527301805756164, 0.007527301805756164]], "NS": [[0.0, 0.00721360658525961, 0.00838425146599362, 0.010597645008848598, 0.03459555535625121, 0.04396297405440986, 0.04396297472673543, 0.050217115465077664, 0.040838578048968295, 0.04396297472673543, 0.04708930420354591, 0.04708930420354591, 0.04708930420354591, 0.04708930420354591, 0.04708930420354591, 0.04708930420354591, 0.04708930420354591, 0.04708930420354591, 0.04708930420354591, 0.12541800049351315], [0.010057765232402972, 0.0061855776809410755, 0.008154503462645213, 0.025258705437122615, 0.022186143996086285, 0.03148132662217341, 0.03771676181784351, 0.03459850194810347, 0.03771676181784351, 0.03148529482367217, 0.03459850194810347, 0.03771676181784351, 0.03771676181784351, 0.03771676181784351, 0.03771676181784351, 0.03771676181784351, 0.03771676181784351, 0.03771676181784351, 0.03771676181784351, 0.01074854304167518]], "SC": [[0.03458484272199164, 0.02271808259207083, 0.033404254419278974, 0.049266189635569356, 0.05990458872105431, 0.06379427696939077, 0.03458458218050877, 0.022043413624649406, 0.03798736444368762, 0.04551543523612035, 0.044820541972837566, 0.033340764929917145, 0.022140484484332215, 0.021798520028074364, 0.03843913597865496, 0.02179841098448408, 0.006999268021814709, 0.021798520028074364, 0.044820514986758646, 0.08153349322502643], [0.10444132899925744, 0.08720605975675602, 0.10893647504401924, 0.10338463375134319, 0.10894881978191587, 0.08715713315585749, 0.07721084702763813, 0.09520371209698786, 0.09520371209698786, 0.07481331579218525, 0.07237244391069395, 0.08469356939292404, 0.07247221927302427, 0.07009641576512639, 0.08469356939292404, 0.0872707079466901, 0.0872707079466901, 0.06788895987791768, 0.0872707079466901, 0.08469356803758636]], "SN": [[0.019051623154363206, 0.021985655173340404, 0.03625285863245989, 0.03995990094659354, 0.04655499449044552, 0.053722559558040534, 0.053722559558040534, 0.053722559558040534, 0.053722559558040534, 0.053722559558040534, 0.053722559558040534, 0.053722559558040534, 0.053722559558040534, 0.053722559558040534, 0.053722559558040534, 0.053722559558040534, 0.053722559558040534, 0.053722559558040534, 0.4043274013312361, 0.0914818444008581], [0.022740959680828225, 0.03109082143296709, 0.041062598474947705, 0.05581435728553825, 0.05821866274818403, 0.05508394168980539, 0.0565861260085375, 0.0565861260085375, 0.0565861260085375, 0.0565861260085375, 0.0565861260085375, 0.0565861260085375, 0.0565861260085375, 0.0565861260085375, 0.0565861260085375, 0.0565861260085375, 0.0565861260085375, 0.0565861260085375, 0.0565861260085375, 0.41050837000811635]], "SS": [[0.019051623154393335, 0.0, 0.015988270746081376, 0.019051623154393335, 0.015988270746081376, 0.019051623154393335, 0.019051623154393335, 0.019051623154393335, 0.019051623154393335, 0.019051623154393335, 0.019051623154393335, 0.019051623154393335, 0.019051623154393335, 0.019051623154393335, 0.019051623154393335, 0.019051623154393335, 0.019051623154393335, 0.019051623154393335, 0.019051623154393335, 0.0], [0.007464657216801761, 0.010060451716715864, 0.007464657216801761, 0.012970529212941364, 0.019051623172226844, 0.015988270878870194, 0.015988270878870194, 0.015988270878870194, 0.015988270878870194, 0.015988270878870194, 0.015988270878870194, 0.015988270878870194, 0.015988270878870194, 0.015988270878870194, 0.015988270878870194, 0.015988270878870194, 0.015988270878870194, 0.015988270878870194, 0.015988270878870194, 0.08153349316538981]]}