{"CC": [[0.10974156219277935, 0.12855092145131464, 0.1222809018091856, 0.13482112959433695, 0.14422674030688468, 0.1410915005522007, 0.14109150055181832, 0.1410915005522007, 0.14422674030688468, 0.13795629614052077, 0.14109150055181832, 0.13795629614052077, 0.13482112959433695, 0.131686003683908, 0.13168600368323966, 0.131686003683908, 0.13168600368323966, 0.13168600368323966, 0.13168600368323966, 0.14053641797365116], [0.24261570000718102, 0.2394583337211209, 0.23945833348794696, 0.2394583591055313, 0.24577276115116822, 0.23630071919373474, 0.2426157109607263, 0.24261571095436785, 0.2426157109607263, 0.23314280882445254, 0.24892949958922928, 0.24892949958452443, 0.24892949958922928, 0.24892949958452443, 0.25208591898967836, 0.25524201448395745, 0.2552420144884076, 0.2552420144884076, 0.2552420144884076, 0.2603588517490692]], "CN": [[0.08153349316538977, 0.09406911580868484, 0.10033781384519265, 0.10660692246353477, 0.10660697502293837, 0.10660702684182312, 0.10974166852926291, 0.10974166852926291, 0.10974166852926291, 0.10974166852926291, 0.10974166852926291, 0.10974166852926291, 0.10974166852926291, 0.10974166852926291, 0.10974166852926291, 0.10974166852926291, 0.10974166852926291, 0.10974166852926291, 0.10974166852926291, 0.5017067510245177], [0.09399685710035939, 0.1191459730583975, 0.12855089776802908, 0.12541585741495603, 0.13482112263749887, 0.134821143317742, 0.1285509670080157, 0.1285509670080157, 0.13168604326723637, 0.1285509670080157, 0.12541593870426937, 0.1285509670080157, 0.1285509670080157, 0.12541593870426937, 0.12541593870426937, 0.12541593870426937, 0.12541593870426937, 0.12228096222634752, 0.12228096222634752, 0.1191460418773256]], "CS": [[0.07840000000000001, 0.08153349316538977, 0.07840000000000001, 0.07840000000000001, 0.07840000000000001, 0.07526672453590229, 0.07213369640446718, 0.06273648562925192, 0.06900095086708281, 0.059604879605516185, 0.059604879605516185, 0.056473789304297826, 0.056473789304297826, 0.056473789304297826, 0.05334331109167924, 0.05334331109167924, 0.056473789304297826, 0.047084713354963545, 0.03458351087758009, 0.4017963056718671], [0.028348817461681376, 0.06900095086708281, 0.07526672453590229, 0.0909350459392207, 0.08466717895058576, 0.07840000000000001, 0.06900095086708281, 0.08153349316538977, 0.06586853021813671, 0.06900095086708281, 0.0596048796055162, 0.053343311091679314, 0.05647378930429785, 0.053343311091679314, 0.05021356691001373, 0.03770591007567962, 0.03146410996254327, 0.0074648681374482355, 0.025239365671867756, 0.0690018892759005]], "NC": [[0.03458351087758009, 0.050213566910013586, 0.04395695490769876, 0.05334331109167924, 0.040830563720606845, 0.040830563720606845, 0.02213861256878574, 0.019051623154357954, 0.006146635948003936, 0.007464131526846719, 0.012970527797523123, 0.012970527797523123, 0.010057765258902502, 0.007464131526846719, 0.007464131526846719, 0.007464131526846719, 0.006146635948003936, 0.007464131583327737, 0.010057765260055765, 0.40449304472752023], [0.1442267400839353, 0.11601110197807339, 0.11287629630795776, 0.106606901921033, 0.106606901921033, 0.07526671710488878, 0.08780103188786866, 0.05647377569959607, 0.06586851971721693, 0.03770594343885499, 0.04083057124776691, 0.03458359564434643, 0.031464297589631395, 0.031464297589631395, 0.03770594343885499, 0.03458359564434643, 0.03770594343885499, 0.04083057124776691, 0.04395694967294863, 0.04708470217156569]], "NN": [[0.040830563720606845, 0.059604879605516185, 0.059604879605516185, 0.059604879605516185, 0.06586853021813671, 0.07213369640446718, 0.06900095086708281, 0.06900095086708281, 0.06586853021813671, 0.06586853021813671, 0.06586853021813671, 0.06586853021813671, 0.06586853021813671, 0.06586853021813671, 0.06586853021813671, 0.06586853021813671, 0.06586853021813671, 0.06586853021813671, 0.06273648562925192, 0.4515318098903052], [0.08780103598743744, 0.08780103598244969, 0.09720346352139503, 0.08466717895006551, 0.09406919301688609, 0.08780103598244969, 0.09720346352139503, 0.0909350459382721, 0.08780103598244969, 0.08466717895006551, 0.08780103598244969, 0.08466717895006551, 0.08466717895006551, 0.08466717895006551, 0.08466717895006551, 0.08466717895006551, 0.08466717895006551, 0.08153349316538977, 0.07840000000088879, 0.07213369640922539]], "NS": [[0.06273648562925192, 0.05960466677716417, 0.07213375627670976, 0.06900133800223503, 0.06586935711579897, 0.05021711588299989, 0.04708930471441548, 0.047089303656392724, 0.037716764140083466, 0.028379550502750466, 0.03148529035307028, 0.03148529035307028, 0.03148529035307028, 0.03459850026447799, 0.03148529035307028, 0.03148529035307028, 0.03459850026447799, 0.03148529035307028, 0.03148529035307028, 0.41076471324961006], [0.025239365670645615, 0.07213369640447553, 0.07526657653059296, 0.09720343361484332, 0.08466729987103659, 0.07213424003832228, 0.06900188938209281, 0.05647598560711427, 0.056475985365262646, 0.04396297534697597, 0.03148529272533271, 0.03771676181784351, 0.03771676181784351, 0.03459850026447799, 0.03771676181784351, 0.03459850026447799, 0.03148529035307028, 0.03148529035307028, 0.013327915046979506, 0.01333662248112138]], "SC": [[0.02214919575683644, 0.028934360393362085, 0.031079899764140082, 0.038044258498216806, 0.05208419195403827, 0.06575701691526548, 0.05960498032264939, 0.07233729071239295, 0.08424626157514038, 0.08988340502027045, 0.10090490204939574, 0.07863638776558496, 0.0972034659697238, 0.10266998060287331, 0.10155149026292425, 0.10454700146183152, 0.10974156518541299, 0.11187979413149077, 0.11247597432079175, 0.2821941997927677], [0.14923446255319672, 0.112484594466127, 0.09790047227416791, 0.08215532990946109, 0.07247220743790338, 0.05502215001271655, 0.049404988147913914, 0.0581459165067599, 0.059893285374900504, 0.06575702298351348, 0.06584700942414749, 0.07955227402148085, 0.06788898304993084, 0.08215533352839433, 0.08976803841211829, 0.09241160007236891, 0.09508508989891001, 0.09252864281435484, 0.10051227874783565, 0.10326176250377336]], "SN": [[0.03770591007567289, 0.04104880740645589, 0.04413076318375057, 0.04551541478481283, 0.04655499449044552, 0.0514680489029155, 0.05059537522476506, 0.049089181410007156, 0.049878028461424764, 0.049878028461424764, 0.050560845847824214, 0.049878028461424764, 0.050560845847824214, 0.05142618361936947, 0.05142618361936947, 0.05142618361936947, 0.05142618361936947, 0.052464984455047464, 0.38580374172997267, 0.3611738015626695], [0.09502380641176912, 0.09328318535932328, 0.09575865389458485, 0.08717089258788316, 0.07721085827106032, 0.06798255858283046, 0.07019323831321178, 0.06183267226617479, 0.05508394168980539, 0.052514448269977754, 0.05508394168980539, 0.04990631531854995, 0.053723051014195465, 0.04990631531854995, 0.04910174589022605, 0.049406121821896645, 0.049406121821896645, 0.04910174589022605, 0.04938869988600663, 0.39197527942005483]], "SS": [[0.010057765683030502, 0.025239365670645615, 0.02834881746131634, 0.03770591007567289, 0.01598827074610013, 0.010057765683030502, 0.006146949740543413, 0.007464157076075753, 0.007464156933023848, 0.007464157076075753, 0.010057765677130934, 0.010057765677130934, 0.012970527808302714, 0.012970527808302714, 0.015988270746081376, 0.015988270746081376, 0.010057765677130934, 0.010057765677130934, 0.019051623154393335, 0.36686226172698744], [0.0564737893042978, 0.05960487960397186, 0.06273648562925192, 0.05021356691001354, 0.05021356691001354, 0.028348817461382687, 0.03146410996249414, 0.022138612570537966, 0.028348817461382687, 0.015988270843641433, 0.022138612570537966, 0.012970528959245399, 0.019051623165923664, 0.010057786279485786, 0.015988270843641433, 0.007464657715232576, 0.015988270878870194, 0.015988270878870194, 0.02834881746149095, 0.09406919301788452]]}