{"CC": [4.448524633030169, 3.0784243928351507], "CN": [1.4625706394023072, 1.4845229348535127], "CS": [0.4213684507627878, 1.0596315340909341], "NC": [0.8535620327367994, 0.27968555330299666], "NN": [1.0141243509238445, 0.9545406433918622], "NS": [0.46532992334919526, 0.7695178227054057], "SC": [0.15755804284202968, 0.6511605577532689], "SN": [0.736465295935482, 0.4658108706589993], "SS": [0.16366588955659866, 0.2545992561968875]}