{
    "CC": [0.6960589968297856, 0.1439078944162791], 
    "CN": [2.569575948737907, 2.691880416664214], 
    "CS": [0.16542715036503444, 1.7129288146253199], 
    "NC": [1.5820736600873933, 0.5119583421574782], 
    "NN": [2.993726270674088, 3.366390694614152], 
    "NS": [1.427132735187843, 1.1693954290809543], 
    "SC": [3.0083398806598614, 3.6092831951368574], 
    "SN": [3.2058096273182626, 3.1552459337874885], 
    "SS": [2.557471199814883, 2.8617678537274567]
}