{"CC": [[0.0, 0.0525649217095523, 0.12048629004067539, 0.18917264190521368, 0.17999500896905582, 0.10255064451995295, 0.1769221606342958, 0.10255064451995295, 0.1769221606342958, 0.16401275476813107, 0.1923201970444364, 0.11766180297542095, 0.1923201970444364, 0.11766180297542095, 0.11766180297542095, 0.11766180297542095, 0.11766180297542095, 0.11766180297542095, 0.11766180297542095, 0.14842235809203083], [0.03281701393797258, 0.05547722511038369, 0.11744563762920378, 0.1860923866474346, 0.25801794877771156, 0.1769221606342958, 0.10255064451995295, 0.1769221606342958, 0.10255064451995295, 0.1769221606342958, 0.16401275476813107, 0.139129403657633, 0.05924677696672247, 0.12376186438557657, 0.11766180297542095, 0.11766180297542095, 0.11766180297542095, 0.11766180297542095, 0.11766180297542095, 0.11766180297542095]], "CN": [[0.010057765232402972, 0.02654657557588608, 0.01598828462000658, 0.019051623314840855, 0.028645137207802762, 0.02568534773882683, 0.031654190031803545, 0.028645137207802762, 0.034697025146810986, 0.011987513707362884, 0.031654190031803545, 0.017426239261417172, 0.02279906831733659, 0.02279906831733659, 0.02279906831733659, 0.02279906831733659, 0.02279906831733659, 0.02279906831733659, 0.02279906831733659, 0.01198778439879334], [0.018888619958928574, 0.03473790715755491, 0.038643115188635085, 0.02838092321965933, 0.03166490559289943, 0.0377672854042597, 0.034703899696183114, 0.04084813526134738, 0.0377672854042597, 0.04394171840867624, 0.012084680553420116, 0.034703899696183114, 0.028660655684189188, 0.028660655684189188, 0.028660655684189188, 0.028660655684189188, 0.028660655684189188, 0.028660655684189188, 0.028660655684189188, 0.028660655684189188]], "CS": [[0.010057765232932607, 0.029982933335419043, 0.03381048318326235, 0.02817053200540737, 0.0235856752906168, 0.023285426432755156, 0.022620719506860284, 0.023006420927461534, 0.023723374330572963, 0.08509775587246407, 0.02818770824835216, 0.025077035620293276, 0.0951515437202289, 0.05900041811947072, 0.08269077163779102, 0.04479136427260115, 0.08033412899469593, 0.03696070720423616, 0.07150897726370264, 0.04936625892327488], [0.0, 0.1889689836676197, 0.11744019703586228, 0.10522953420998596, 0.09053708404333538, 0.07874592537400618, 0.08174571011865381, 0.07597428232780087, 0.08174703216474778, 0.1114882573094924, 0.18207617187136485, 0.20902373707607239, 0.15454276831292033, 0.17023271168289117, 0.1452130528979316, 0.16728783897450147, 0.15558320491973188, 0.16435005139174916, 0.14978193576727314, 0.18803205490170852]], "NC": [[0.0, 0.03989365201028013, 0.047325332342482686, 0.05781335551455227, 0.06584663794205892, 0.05056543162301417, 0.037710831160037234, 0.043753377584728845, 0.05127599195717236, 0.049178074912183734, 0.05502357643513041, 0.03771083121336095, 0.030932458017545756, 0.02529451120901661, 0.031111902796792268, 0.03989730784509132, 0.04988377701838795, 0.02529451120901661, 0.028795717778927452, 0.04941031636100038], [0.034583551277549855, 0.04083196584253474, 0.055098126878353054, 0.056410872225101695, 0.06551026124375799, 0.07403312965597285, 0.05989598375109746, 0.056481459941816727, 0.06727124057972415, 0.06727124057972415, 0.03805478911518595, 0.049110296060860384, 0.04398061577530903, 0.04654060681211797, 0.053820144324209, 0.060503202651525055, 0.06668077810237356, 0.05502659256189062, 0.04398061577530903, 0.043779739149116655]], "NN": [[0.0, 0.007464345883069244, 0.0, 0.07556817059061413, 0.07556817059061413, 0.08826107947191557, 0.0850377985771168, 0.07865304809410353, 0.06956804339712797, 0.23116398642253574, 0.3423032658765807, 0.32999984769827767, 0.3143980130547037, 0.32999984769827767, 0.31447962375674354, 0.31447962375674354, 0.32999984769827767, 0.31447962375674354, 0.32068469019281637, 0.2680757684708689], [0.0, 0.22287660070381618, 0.06956789031222321, 0.06659818184571178, 0.07556817059061413, 0.07556817059061413, 0.08826107947191557, 0.0850377985771168, 0.07865304809410353, 0.06956804339712797, 0.23116398642253574, 0.29582822596182057, 0.2989845920246976, 0.3143980130547037, 0.31447962375674354, 0.3454070694851962, 0.31447962375674354, 0.32989420062537034, 0.2989845920246976, 0.3236935933287541]], "NS": [[0.0, 0.012970615103719678, 0.015990213277284348, 0.019053089802603628, 0.019053089802603628, 0.00646579495915516, 0.00646579495915516, 0.019053089802603628, 0.00646579495915516, 0.08988340374368786, 0.01905335185830282, 0.034583574758240955, 0.05021357433671663, 0.03458357475821777, 0.08988340374179539, 0.07721083430751506, 0.07721083430751506, 0.06584699669266135, 0.07721083430751506, 0.08988340374368786], [0.0, 0.010083613099404852, 0.019053089802570217, 0.01905308961640692, 0.022139233519982135, 0.022139233519982135, 0.007614742418815078, 0.01905335185830282, 0.006465794247951602, 0.006465794247951602, 0.08988340374368786, 0.08215532961465437, 0.06584699669266145, 0.07721083430751506, 0.061832526879795936, 0.06586853173012261, 0.05021357433671663, 0.05021357433671663, 0.03458357475821777, 0.05021357433671663]], "SC": [[0.0, 0.06394481333496893, 0.12631558718503777, 0.34850646224862414, 0.34229290513467225, 0.34539922883927, 0.3578340687965343, 0.34850646225261445, 0.3547238198760054, 0.5024640699007665, 0.41420384579840025, 0.47410395850296905, 0.45519017839231385, 0.45203740883708615, 0.45203740883709087, 0.4457315622648463, 0.45203740883709087, 0.44888453133416506, 0.44888453133416506, 0.44888453133416506], [0.11125660143127838, 0.17667976436973912, 0.26093757872147566, 0.3298763988528144, 0.3298763988519349, 0.3267744715339224, 0.32987639885193615, 0.3422929051324966, 0.3298763988519349, 0.3391874679144259, 0.48671006655774274, 0.4299653673525672, 0.45834282692526457, 0.44888453133416506, 0.4299662469742092, 0.4551901739156354, 0.45203740883709087, 0.4425785221185411, 0.45519017839232184, 0.474103955295821]], "SN": [[0.0, 0.0074641280512121695, 0.012970527797161735, 0.019051623154357412, 0.0221386125687857, 0.01453725759545178, 0.01453725759545178, 0.028348817461316254, 0.028348817461316254, 0.18544874248613416, 0.3236976363669548, 0.2773361377280587, 0.2947166055532813, 0.23202175467206743, 0.25397210082386484, 0.23202190594262287, 0.2696507865551886, 0.23202190594262287, 0.25397210082386484, 0.20066517075240572], [0.007464217697161967, 0.010057768298636744, 0.01297052791217907, 0.01598827074919983, 0.022138612568819445, 0.025239365670650347, 0.017061471273636535, 0.017061471273636535, 0.03146410996247925, 0.03146410996247925, 0.18847579706844153, 0.2288756269018893, 0.250836150663734, 0.2571076721731488, 0.26499154050581286, 0.24142909155981115, 0.2508361506627477, 0.27278657871138123, 0.23515762713608554, 0.2508361506627477]], "SS": [[0.0, 0.013019755928268355, 0.025242967060929593, 0.02524171730533318, 0.03146486640006592, 0.01301941954851264, 0.01301941954851264, 0.01301941954851264, 0.01301941954851264, 0.14736201340759317, 0.05391255048321968, 0.15990340576317041, 0.22575035428248216, 0.1755806623026931, 0.17872803114373212, 0.20693639592708554, 0.19125844081961665, 0.19125844081961665, 0.21947110292736563, 0.15990394201768746], [0.0, 0.022718066197998082, 0.007736556374815591, 0.02214308528098897, 0.022143085291230442, 0.028350122245779298, 0.01301941954851264, 0.01301941954851264, 0.01301941954851264, 0.010190201934845326, 0.1504973171038503, 0.039159109255825116, 0.1599033952559407, 0.23248493638589632, 0.17558065795939012, 0.20693298742001673, 0.19125844081961674, 0.17559503101043533, 0.15990394201768746, 0.1693100413195941]]}