{"CC": [[0.16617423718283938, 0.08737239347609484, 0.03343794620732317, 0.06815122269563754, 0.06821237601039419, 0.038168453596192996, 0.06821321023031196, 0.038168453596192996, 0.06821321023031196, 0.03816845359620207, 0.06821321023031704, 0.03816845359620207, 0.06821321023031704, 0.03816845359620207, 0.03816845359620207, 0.03816845359620207, 0.03816845359620207, 0.03816845359620207, 0.03816845359620207, 0.03816845359620207], [0.1786813106899374, 0.13654494990622226, 0.06431855849584706, 0.04934244155597147, 0.1096255370806819, 0.04401590599122047, 0.06442174772720742, 0.04401590599122047, 0.06717983573374088, 0.041225858636956, 0.06442174772721057, 0.06442174772721057, 0.13658712670024345, 0.06442174772721057, 0.06442174772721057, 0.06442174772721057, 0.06442174772721057, 0.06442174772721057, 0.06442174772721057, 0.06996986937500065]], "CN": [[0.22575048895044109, 0.21944965074095488, 0.21947910364150555, 0.22575048895044109, 0.22573622896389392, 0.22573622896389392, 0.22573622896389392, 0.22573622896389392, 0.22573622896389392, 0.22573622896389392, 0.22573622896389392, 0.22573622896389392, 0.22573622896389392, 0.22573622896389392, 0.22573622896389392, 0.22573622896389392, 0.22573622896389392, 0.22573622896389392, 0.22573622896389392, 0.22573622896389392], [0.11596217280558097, 0.18810131301366775, 0.22571304294954006, 0.2257502948204062, 0.2320081289448405, 0.2320081289448405, 0.22573593251972954, 0.22573593251972954, 0.22573593251972954, 0.22573593251972954, 0.22573593251972954, 0.22573593251972954, 0.22573593251972954, 0.22573593251972954, 0.22573593251972954, 0.22573593251972954, 0.22573593251972954, 0.22573593251972954, 0.22573593251972954, 0.22573593251972954]], "CS": [[0.17244516487455172, 0.16614423381429508, 0.10263408875994068, 0.10269063855012173, 0.11185400206939237, 0.11188876973582053, 0.114929862103674, 0.10881864819009147, 0.11496361324345851, 0.12496995383847943, 0.11804162455161436, 0.11496439886351437, 0.1278080261207822, 0.11496439886364981, 0.1278080261207123, 0.11496439886341323, 0.1278080261206869, 0.11496439886346616, 0.12780802612071399, 0.11499070912320877], [0.10974156219277935, 0.07340381547566646, 0.06432010909635949, 0.056264381776508915, 0.04639638404095777, 0.046314848624038125, 0.04412497697444684, 0.04412542155265225, 0.03993638092173574, 0.04412736533523337, 0.06593689695191444, 0.06748097037246192, 0.04412939904779775, 0.06748097037232753, 0.04640048497630113, 0.06748097037227649, 0.06593689695185981, 0.06748097037230602, 0.06593689695191444, 0.06748097037246192]], "NC": [[0.07526672453590229, 0.07575895480351354, 0.0788239189157993, 0.07658406789650363, 0.08469280846527719, 0.08976754298636021, 0.06899693523364563, 0.06394667950136405, 0.06175778180050129, 0.06808984440954646, 0.074710391060456, 0.056469712489633284, 0.06049470242215159, 0.0564697124845391, 0.05507642417612531, 0.05906135424844442, 0.074710391060456, 0.0564697124845391, 0.06049470242427416, 0.07471039110319483], [0.1975295673068055, 0.16930923537771994, 0.16792732246365688, 0.13875697825123706, 0.11922359167141783, 0.11827872066561519, 0.1259093054984943, 0.10974038258307646, 0.10823793324201011, 0.10222600535140676, 0.10739783720876599, 0.10882327193507145, 0.10033680968958765, 0.09502064789818557, 0.09625244452125284, 0.09864704168824134, 0.1010376002866177, 0.10882327193517242, 0.09720251255452, 0.09819261744582944]], "NN": [[0.059604879605516185, 0.06273648562925192, 0.07213369640446718, 0.022174868658010133, 0.02406267482499089, 0.024062674809816796, 0.02406267482215941, 0.023027079523155712, 0.024062674839946844, 0.4773196003438385, 0.48039010676614513, 0.4804689599713334, 0.48039010676626837, 0.4804689599713334, 0.4804689599713334, 0.4804689599713334, 0.4804689599713334, 0.4804689599713334, 0.4804689599713334, 0.4804689604634226], [0.11287629749022386, 0.13417643858924222, 0.03343484977870269, 0.040954249292835886, 0.03115725346953089, 0.038355276983899504, 0.033434849776880736, 0.035842341895811904, 0.03343484977870269, 0.03343484978346427, 0.4930659374343849, 0.49614879211597973, 0.4930659371025996, 0.4961487921160336, 0.4930659371025996, 0.4961487921160336, 0.4930659371025996, 0.4961487921160336, 0.49621502582431753, 0.4961487921160336]], "NS": [[0.08153349316538977, 0.0972034635223856, 0.10660690345375196, 0.10974156216691301, 0.1160111029862527, 0.1160111029862527, 0.112876297466024, 0.10974156216691301, 0.11914597303810998, 0.1144585616769747, 0.10660690346734782, 0.10660690346734782, 0.1034723285422092, 0.10033784549112394, 0.10882344155268685, 0.10882344155268685, 0.11163251320629529, 0.11163251320629529, 0.11163251320629529, 0.1116325132088182], [0.1222809025497279, 0.17244516487211164, 0.16303880486101544, 0.17244516487011197, 0.15049731708825773, 0.13168600418434587, 0.11914597303810998, 0.1034723285422092, 0.09406919298861852, 0.10347232854220917, 0.10603269588935964, 0.10882344155554245, 0.10603269588611125, 0.10603269588611125, 0.11163251320629529, 0.10660690346734782, 0.10660690346734782, 0.10660690346734782, 0.10660690346734779, 0.10660690346734782]], "SC": [[0.07213369640446718, 0.022073838411251486, 0.09022514384089803, 0.32057333771452595, 0.3298763988528144, 0.33297921367218486, 0.33918746791442417, 0.3453992288392609, 0.34850646225261445, 0.34541281502491195, 0.3423041690711079, 0.342306408590131, 0.3454128145125507, 0.34541281451254646, 0.34230640849273897, 0.3454128145125682, 0.3454128145125682, 0.34230640849273897, 0.3454128145125682, 0.3454128145125682], [0.03337558877815191, 0.06301906248507323, 0.14785599930055898, 0.2680176609500973, 0.26801766095008855, 0.2865337546530891, 0.28344501400327293, 0.2958059743392285, 0.3019922402061426, 0.2988986392730934, 0.3050971247818513, 0.30200055052299324, 0.3020020477815022, 0.3050971245393439, 0.305097095829251, 0.3020020386334434, 0.3050971245393439, 0.3050971245393439, 0.3020020477815033, 0.30509711497526804]], "SN": [[0.050213566910013586, 0.06273648562925192, 0.06900095086708281, 0.06273648562925192, 0.059604879605516185, 0.05340580149405209, 0.050287111944270955, 0.050213566910013586, 0.047084713354963545, 0.436383255756529, 0.4362452731565168, 0.43638238210411406, 0.4389688494067277, 0.4389879792987811, 0.43898811283603373, 0.43898811283603373, 0.4389879792961996, 0.43898811283603373, 0.43898811283603373, 0.43898798605895045], [0.1160111030087618, 0.09720346352238778, 0.09406919301788451, 0.08780103598325735, 0.08780103598325735, 0.07840000000000001, 0.0721608421155672, 0.06903169934099232, 0.06586853021813671, 0.06273648562925192, 0.4521257705422563, 0.45465055056824255, 0.45466761642509224, 0.45466761642509224, 0.45212507473298824, 0.46093959357089676, 0.4546676164236181, 0.4546676164236181, 0.45466773678253847, 0.4546676164236181]], "SS": [[0.050213566910013586, 0.06273649640291297, 0.06273651639831034, 0.07213369894023906, 0.06900095508262459, 0.06586853685259167, 0.04708478920971262, 0.040830742228703316, 0.040830742228703316, 0.4201726024567883, 0.17600433083617828, 0.4170366871595802, 0.41076470110676083, 0.4107648626105534, 0.40133646990119903, 0.39822107065562273, 0.39822107065562296, 0.39822107065562296, 0.3981984848453307, 0.3825415523119323], [0.10974156219277935, 0.11725327372919062, 0.1254158862970083, 0.09406919212220843, 0.08466717857061476, 0.06586853685258945, 0.05021361732066685, 0.040830742228703316, 0.03770619151514124, 0.010190201934845326, 0.41703668823061923, 0.15513646971735656, 0.3919494242231839, 0.3869284664558272, 0.388813522953582, 0.3887902984035371, 0.3888133546954132, 0.3887902984035371, 0.3888133546954135, 0.3888133546954132]]}