{"CC": [1.475103031606945, 5.659125809205513], "CN": [3.511171462212575, 4.786497921672589], "CS": [8.916728201006466, 7.316386293381725], "NC": [11.688705791965845, 5.426973761905986], "NN": [3.592933860752798, 3.5028505849584843], "NS": [4.214802593708986, 5.68808045838453], "SC": [6.901271887760978, 7.787122179598829], "SN": [5.479681321297436, 4.349458942123263], "SS": [1.6021685966913717, 2.3322707352415146]}