{"CCCC": [301.34000000000003, 303.14, 302.24, 301.34000000000003], "NNNN": [296.0, 295.2, 292.3, 295.7], "SSSS": [258.71999999999997, 259.12, 255.32, 258.91999999999996]}