{"CCCC": [[0.607283788685323, 0.48408429018095606, 0.6470969015533916, 0.6320810074666063, 0.6351125884439703, 0.7937395038676103, 0.7937395038676103, 0.9621983163568724, 1.1361239369012521, 1.3133462605116748, 1.492691528749326, 1.673477337761106, 1.8552826199800394, 1.8552826199800394, 1.8552826199800394, 1.8552826199800394, 1.8552826199800394, 1.8552826199800394, 1.8552826199800394, 1.8552826199800394], [0.7359793475363287, 0.5148498810332969, 0.48408429018095606, 0.49970391233209294, 0.5714332856948394, 0.5714332856948394, 0.7437677056716028, 0.7437677056716028, 1.1017919948883272, 1.2837625948749247, 1.466729695615385, 1.650361899705637, 1.8344594844258624, 1.8344594844258624, 1.8344594844258624, 1.8344594844258624, 1.8344594844258624, 1.8344594844258624, 1.8344594844258624, 1.8344594844258624], [0.7359793475363287, 0.5403347110819368, 0.4958451371144018, 0.39686975193380514, 0.39686975193380514, 0.4958451371144018, 0.6351125884439703, 0.7937395038676103, 0.9621983163568724, 1.3133462605116748, 1.492691528749326, 1.673477337761106, 1.8552826199800394, 1.8552826199800394, 1.8552826199800394, 1.8552826199800394, 1.8552826199800394, 1.8552826199800394, 1.8552826199800394, 1.8552826199800394], [0.607283788685323, 0.690187220977033, 0.5578257792537022, 0.6320810074666063, 0.6351125884439703, 0.6351125884439703, 0.7937395038676103, 0.9621983163568724, 1.1361239369012521, 1.3133462605116748, 1.492691528749326, 1.673477337761106, 1.8552826199800394, 1.8552826199800394, 1.8552826199800394, 1.8552826199800394, 1.8552826199800394, 1.8552826199800394, 1.8552826199800394, 1.8552826199800394]], "NNNN": [[0.28403098422531303, 0.28403098422531303, 0.24792256855720096, 0.4338644949751016, 0.39686975193380514, 0.746345764374663, 0.9276413099900197, 1.1156515585074043, 1.301593484925305, 1.4875354113432055, 1.6734773377611065, 1.859419264179007, 1.859419264179007, 1.859419264179007, 1.859419264179007, 1.859419264179007, 1.859419264179007, 1.859419264179007, 1.859419264179007, 1.859419264179007], [0.1859419264179007, 0.2479225685572009, 0.3036418943426615, 0.41577878733768997, 1.8480212119994726, 0.1859419264179007, 0.3718838528358014, 0.7437677056716028, 1.1156515585074043, 1.4875354113432055, 1.6734773377611065, 1.859419264179007, 1.859419264179007, 1.859419264179007, 1.859419264179007, 1.859419264179007, 1.859419264179007, 1.859419264179007, 1.859419264179007, 1.859419264179007], [0.27718585822512665, 0.28403098422531303, 0.3337759727721574, 0.4338644949751016, 0.41113306848269937, 0.746345764374663, 0.5578257792537021, 0.9297096320895035, 1.1156515585074043, 1.4875354113432055, 1.6734773377611065, 1.859419264179007, 1.859419264179007, 1.859419264179007, 1.859419264179007, 1.859419264179007, 1.859419264179007, 1.859419264179007, 1.859419264179007, 1.859419264179007], [0.4338644949751016, 0.3036418943426615, 0.3337759727721574, 0.4338644949751016, 0.39686975193380514, 0.746345764374663, 0.9276413099900197, 1.1156515585074043, 1.301593484925305, 1.4875354113432055, 1.6734773377611065, 1.859419264179007, 1.859419264179007, 1.859419264179007, 1.859419264179007, 1.859419264179007, 1.859419264179007, 1.859419264179007, 1.859419264179007, 1.859419264179007]], "SSSS": [[0.4111330684826995, 0.392, 0.7228122854517625, 0.7333648478076925, 1.124227023336479, 1.2941938031067832, 1.708688385867944, 1.9609797551224235, 1.9997763874993624, 2.225269062383244, 2.5290836285105325, 2.658673353385105, 2.786372839373798, 2.936077383176404, 2.9601840483321302, 3.0421069014746998, 3.0990321069650117, 3.0990321069650117, 3.0990321069650117, 3.0990321069650117], [0.3036418943426615, 0.41577878733768997, 0.6817870635323027, 1.0445163474067793, 1.0753239511886639, 1.387314528144213, 1.5874790077352205, 1.8552826199800396, 2.115529248202445, 2.4164502891638384, 2.5883876062135673, 2.7829239299700594, 2.8645519021305934, 2.9236210424745543, 2.9601840483321302, 3.0421069014746998, 3.0990321069650117, 3.0990321069650117, 3.0990321069650117, 3.0990321069650117], [0.3036418943426615, 0.39686975193380514, 0.4958451371144019, 0.9601999791710059, 1.3307808234266076, 1.554466596617631, 1.5874790077352205, 1.5874790077352205, 2.2209489863569583, 2.4164502891638384, 2.5290836285105325, 2.6988281901595736, 2.7966940483363567, 2.870580429111855, 2.9956597937683105, 3.0990321069650117, 3.0990321069650117, 3.0990321069650117, 3.0990321069650117, 3.0990321069650117], [0.2479225685572009, 0.4338644949751016, 0.6320810074666063, 1.0013279183164725, 1.0663552878848588, 1.301593484925305, 1.593517367335543, 1.968800243803317, 2.0779697784135363, 2.276470601611187, 2.5290836285105325, 2.658673353385105, 2.782923929970059, 2.936077383176404, 2.9956597937683105, 3.0421069014746998, 3.0990321069650117, 3.0990321069650117, 3.0990321069650117, 3.0990321069650117]]}