{"CCCC": [[0.8787272614412279, 0.7437677056716028, 0.7437677056716028, 0.7864461837913641, 0.7937395038676103, 0.8338642575383598, 0.8338642575383598, 0.8338642575383598, 0.8338642575383598, 0.8338642575383598, 0.8338642575383598, 0.8338642575383598, 0.8338642575383598, 0.8338642575383598, 0.8338642575383598, 0.8338642575383598, 0.8338642575383598, 0.8338642575383598, 0.8338642575383598, 0.8338642575383598], [0.5714332856948394, 0.9297096320895035, 0.6351125884439703, 0.6351125884439703, 0.6351125884439703, 0.6351125884439703, 0.6351125884439703, 0.6351125884439703, 0.6351125884439703, 0.6351125884439703, 0.6351125884439703, 0.6351125884439703, 0.6351125884439703, 0.6351125884439703, 0.6351125884439703, 0.6351125884439703, 0.6351125884439703, 0.6351125884439703, 0.6351125884439703, 0.6351125884439703], [0.8852606395858792, 0.7864461837913641, 0.7437677056716028, 0.7961557636543241, 0.7961557636543241, 0.7961557636543241, 0.7961557636543241, 0.7961557636543241, 0.7937395038676103, 0.7961557636543241, 0.7961557636543241, 0.7961557636543241, 0.7961557636543241, 0.7961557636543241, 0.7961557636543241, 0.7961557636543241, 0.7961557636543241, 0.7961557636543241, 0.7961557636543241, 0.7961557636543241], [1.0663552878848588, 0.7864461837913641, 0.7741379721987548, 0.7437677056716028, 0.7864461837913641, 0.7937395038676103, 0.7937395038676103, 0.8338642575383598, 0.8338642575383598, 0.8338642575383598, 0.8338642575383598, 0.8338642575383598, 0.8338642575383598, 0.8338642575383598, 0.8338642575383598, 0.8338642575383598, 0.8338642575383598, 0.8338642575383598, 0.8338642575383598, 0.8338642575383598]], "NNNN": [[0.3718838528358014, 0.484084290180956, 0.568061968450626, 0.5403347110819366, 0.5403347110819366, 0.5403347110819366, 0.5403347110819366, 0.5403347110819366, 0.5403347110819366, 0.5403347110819366, 0.5403347110819366, 0.5403347110819366, 0.5403347110819366, 0.5403347110819366, 0.5403347110819366, 0.5403347110819366, 0.5403347110819366, 0.5403347110819366, 0.5403347110819366, 0.5403347110819366], [1.276259534734217, 1.1776322006467046, 1.182515285313471, 1.0735362127101256, 1.0735362127101256, 1.0735362127101256, 1.0735362127101256, 1.0735362127101256, 1.0735362127101256, 1.0735362127101256, 1.0735362127101256, 1.0735362127101256, 1.0735362127101256, 1.0735362127101256, 1.0735362127101256, 1.0735362127101256, 1.0735362127101256, 1.0735362127101256, 1.0735362127101256, 1.0735362127101256], [0.6351125884439703, 0.568061968450626, 0.6320810074666062, 0.607283788685323, 0.607283788685323, 0.6470969015533916, 0.6470969015533916, 0.6470969015533916, 0.6470969015533916, 0.6470969015533916, 0.6470969015533916, 0.6470969015533916, 0.6470969015533916, 0.6470969015533916, 0.6470969015533916, 0.6470969015533916, 0.6470969015533916, 0.6470969015533916, 0.6470969015533916, 0.6470969015533916], [0.6351125884439703, 0.39686975193380514, 0.484084290180956, 0.6351125884439703, 0.5578257792537021, 0.5403347110819366, 0.5403347110819366, 0.5403347110819366, 0.5403347110819366, 0.5403347110819366, 0.5403347110819366, 0.5403347110819366, 0.5403347110819366, 0.5403347110819366, 0.5403347110819366, 0.5403347110819366, 0.5403347110819366, 0.5403347110819366, 0.5403347110819366, 0.5403347110819366]], "SSSS": [[0.6320810074666062, 1.0165581144233713, 0.6228977444171715, 0.6228977444171715, 0.6228977444171715, 0.6228977444171715, 0.690187220977033, 0.7359793475363287, 0.8407463351094668, 0.9276413099900197, 1.0753239511886639, 1.2717364506846536, 1.2717364506846536, 1.2717364506846536, 1.2717364506846536, 1.2717364506846536, 1.2717364506846536, 1.2717364506846536, 1.2717364506846536, 1.2396128427860047], [0.0, 0.1859419264179007, 0.27718585822512665, 0.27718585822512665, 0.27718585822512665, 0.27718585822512665, 0.392, 0.3337759727721574, 0.392, 0.3718838528358014, 0.6320810074666062, 0.6320810074666062, 0.6320810074666062, 0.968168580361912, 0.968168580361912, 0.968168580361912, 0.968168580361912, 0.968168580361912, 0.968168580361912, 1.2098138699816596], [0.3718838528358014, 0.3337759727721574, 0.3718838528358014, 0.6675519455443151, 0.5847242084949109, 0.5847242084949109, 0.46382065499500985, 0.5847242084949109, 0.6198064213930023, 0.6198064213930023, 0.7039647718458644, 0.7565701553722562, 0.9109256830279844, 1.0753239511886639, 1.0753239511886639, 1.0753239511886639, 1.0753239511886639, 1.0753239511886639, 1.0753239511886639, 1.0806694221638733], [0.1859419264179007, 0.5714332856948394, 0.6320810074666062, 0.607283788685323, 0.6675519455443151, 0.690187220977033, 0.6320810074666062, 0.7359793475363287, 0.7961557636543241, 0.9701505037879432, 1.0753239511886639, 1.2333992054480984, 1.2717364506846536, 1.2717364506846536, 1.2717364506846536, 1.2717364506846536, 1.2717364506846536, 1.2717364506846536, 1.2717364506846536, 1.2717364506846536]]}