{"CCCC": [5.673866553242162, 19.495039280391303, 9.00099777935757, 5.306006353558202], "NNNN": [6.385678796807755, 14.125000789238914, 9.850586399600797, 6.386701428437062], "SSSS": [7.434536040937588, 13.052840698637215, 15.587193750768613, 6.767661745684396]}