{"CCCC": [11.806920264997135, 17.378386173175024, 19.58853456652641, 11.544489846849016], "NNNN": [13.70312802596546, 13.940596966270839, 17.809871939348678, 14.11117786494097], "SSSS": [12.374316844820166, 13.63117084098061, 21.21052920263897, 12.791122781679492]}