{
    "CCCC": [[0.475, 0.5, 0.49000000000000005, 0.475, 0.5, 0.475, 0.49000000000000005, 0.5, 0.475, 0.5, 0.5, 0.485, 0.485, 0.475, 0.475, 0.5, 0.5, 0.5, 0.5, 0.5], [0.41500000000000004, 0.475, 0.465, 0.47000000000000003, 0.45, 0.475, 0.45, 0.485, 0.49000000000000005, 0.5, 0.5, 0.475, 0.475, 0.475, 0.5, 0.5, 0.475, 0.5, 0.475, 0.45999999999999996], [0.49000000000000005, 0.5, 0.48, 0.5, 0.5, 0.5, 0.5, 0.5, 0.5, 0.5, 0.485, 0.5, 0.5, 0.49000000000000005, 0.5, 0.5, 0.5, 0.5, 0.5, 0.5], [0.45, 0.49000000000000005, 0.485, 0.495, 0.485, 0.47000000000000003, 0.485, 0.475, 0.475, 0.49000000000000005, 0.5, 0.5, 0.475, 0.5, 0.49000000000000005, 0.5, 0.5, 0.475, 0.5, 0.5]],
    "NNNN": [[0.39499999999999996, 0.425, 0.45499999999999996, 0.475, 0.465, 0.43000000000000005, 0.43, 0.47000000000000003, 0.45499999999999996, 0.425, 0.44000000000000006, 0.41, 0.45, 0.385, 0.395, 0.43499999999999994, 0.44000000000000006, 0.43499999999999994, 0.45, 0.44000000000000006], [0.34500000000000003, 0.365, 0.445, 0.36, 0.4, 0.385, 0.375, 0.41500000000000004, 0.365, 0.345, 0.32, 0.315, 0.32999999999999996, 0.335, 0.35, 0.32999999999999996, 0.315, 0.31, 0.29500000000000004, 0.365], [0.39, 0.375, 0.395, 0.425, 0.43, 0.44000000000000006, 0.47000000000000003, 0.43000000000000005, 0.44000000000000006, 0.45999999999999996, 0.395, 0.4, 0.395, 0.365, 0.35, 0.375, 0.4, 0.4, 0.365, 0.385], [0.35500000000000004, 0.395, 0.44000000000000006, 0.49000000000000005, 0.4600000000000001, 0.43499999999999994, 0.45, 0.43499999999999994, 0.45999999999999996, 0.45, 0.45, 0.44000000000000006, 0.43000000000000005, 0.44000000000000006, 0.44000000000000006, 0.45, 0.43499999999999994, 0.4, 0.41500000000000004, 0.425]],
    "SSSS": [[0.33, 0.36500000000000005, 0.34500000000000003, 0.35500000000000004, 0.43, 0.35, 0.33999999999999997, 0.35500000000000004, 0.38, 0.33999999999999997, 0.32, 0.29, 0.325, 0.25, 0.25, 0.29, 0.325, 0.305, 0.31, 0.3], [0.305, 0.34500000000000003, 0.355, 0.335, 0.315, 0.375, 0.29500000000000004, 0.32999999999999996, 0.28500000000000003, 0.29, 0.28500000000000003, 0.185, 0.24, 0.26, 0.26, 0.23500000000000001, 0.275, 0.28500000000000003, 0.225, 0.23000000000000004], [0.29500000000000004, 0.40499999999999997, 0.375, 0.36, 0.325, 0.385, 0.3, 0.375, 0.26, 0.31, 0.27, 0.28500000000000003, 0.19, 0.275, 0.24500000000000002, 0.28500000000000003, 0.31, 0.275, 0.26, 0.23500000000000001], [0.275, 0.385, 0.375, 0.37, 0.375, 0.36, 0.38, 0.335, 0.35, 0.3, 0.305, 0.3, 0.29, 0.3, 0.335, 0.275, 0.3, 0.315, 0.265, 0.325]]
}