{
    "CCCC": [[0.25, 0.37, 0.42000000000000004, 0.395, 0.42000000000000004, 0.45, 0.45500000000000007, 0.45, 0.43499999999999994, 0.45500000000000007, 0.42000000000000004, 0.45499999999999996, 0.41500000000000004, 0.45, 0.425, 0.39, 0.425, 0.43000000000000005, 0.4, 0.425], [0.275, 0.39499999999999996, 0.38500000000000006, 0.4, 0.41500000000000004, 0.41500000000000004, 0.41, 0.41, 0.45500000000000007, 0.44000000000000006, 0.375, 0.40499999999999997, 0.4050000000000001, 0.385, 0.425, 0.33999999999999997, 0.4, 0.33999999999999997, 0.35, 0.4], [0.29500000000000004, 0.325, 0.41, 0.41500000000000004, 0.445, 0.47000000000000003, 0.445, 0.41, 0.45, 0.375, 0.395, 0.41500000000000004, 0.42000000000000004, 0.41500000000000004, 0.4, 0.36, 0.375, 0.425, 0.4, 0.31], [0.275, 0.36, 0.41500000000000004, 0.45999999999999996, 0.43500000000000005, 0.465, 0.45999999999999996, 0.43, 0.47000000000000003, 0.335, 0.40499999999999997, 0.41500000000000004, 0.45, 0.40499999999999997, 0.385, 0.4, 0.40499999999999997, 0.395, 0.41500000000000004, 0.36]],
    "NNNN": [[0.25, 0.315, 0.325, 0.315, 0.325, 0.345, 0.365, 0.36, 0.31, 0.325, 0.35500000000000004, 0.36, 0.4, 0.40499999999999997, 0.31, 0.34500000000000003, 0.425, 0.365, 0.425, 0.335], [0.25, 0.30999999999999994, 0.315, 0.29500000000000004, 0.31, 0.31, 0.31, 0.28, 0.305, 0.26, 0.275, 0.35, 0.26, 0.28500000000000003, 0.315, 0.31, 0.275, 0.29, 0.24, 0.33999999999999997], [0.25, 0.32999999999999996, 0.31, 0.3, 0.32999999999999996, 0.33999999999999997, 0.37, 0.4, 0.36, 0.305, 0.305, 0.28500000000000003, 0.31, 0.325, 0.28500000000000003, 0.275, 0.325, 0.26, 0.31, 0.31999999999999995], [0.25, 0.32999999999999996, 0.32999999999999996, 0.33, 0.3, 0.31, 0.34500000000000003, 0.315, 0.325, 0.28500000000000003, 0.28500000000000003, 0.35, 0.41, 0.325, 0.375, 0.325, 0.39, 0.39, 0.4, 0.375]],
    "SSSS": [[0.25, 0.28500000000000003, 0.275, 0.2, 0.21000000000000005, 0.21500000000000002, 0.205, 0.225, 0.21500000000000002, 0.16999999999999998, 0.16, 0.1, 0.11499999999999999, 0.125, 0.13, 0.13999999999999999, 0.095, 0.12, 0.125, 0.13999999999999999], [0.25, 0.28, 0.29500000000000004, 0.24500000000000002, 0.26, 0.305, 0.29500000000000004, 0.215, 0.25, 0.215, 0.135, 0.11000000000000001, 0.125, 0.15, 0.135, 0.125, 0.13999999999999999, 0.125, 0.125, 0.06], [0.25, 0.29500000000000004, 0.265, 0.26, 0.22999999999999998, 0.27999999999999997, 0.28, 0.27999999999999997, 0.225, 0.125, 0.16, 0.11000000000000001, 0.125, 0.11499999999999999, 0.11499999999999999, 0.1, 0.075, 0.08499999999999999, 0.13, 0.1], [0.25, 0.285, 0.26, 0.27, 0.25, 0.275, 0.24, 0.21000000000000002, 0.22000000000000003, 0.195, 0.14500000000000002, 0.18, 0.11000000000000001, 0.1, 0.1, 0.125, 0.13, 0.1, 0.125, 0.11499999999999999]]
}