{"CCCC": [308.76, 307.96, 307.26, 308.56], "NNNN": [307.62, 305.82000000000005, 307.22, 307.62], "SSSS": [278.20000000000005, 278.00000000000006, 277.1, 277.80000000000007]}