{"CCCC": [265.5000000000001, 259.80000000000007, 258.80000000000007, 267.30000000000007], "NNNN": [266.24, 273.64, 262.24000000000007, 267.64], "SSSS": [242.28000000000003, 243.08, 243.28000000000003, 240.98000000000002]}