{
    "CC": [251.06800000000004, 275.26800000000003], 
    "CN": [268.7980000000001, 278.74800000000005], 
    "CS": [276.68600000000004, 281.576], 
    "NC": [241.11800000000005, 246.81800000000007], 
    "NN": [257.728, 254.47800000000004], 
    "NS": [261.08, 262.49], 
    "SC": [247.99199999999996, 235.612], 
    "SN": [246.81399999999988, 238.4039999999999], 
    "SS": [244.70200000000006, 240.52200000000005]
}