{"CC": [3.074404269359512, 6.4501493933409035], "CN": [3.880222331147533, 5.314953636788943], "CS": [7.490067987669007, 5.444353018126581], "NC": [3.611621643749522, 4.398433462768306], "NN": [3.7294314492243976, 4.158538720548842], "NS": [5.801220118373722, 4.1264906629512685], "SC": [5.4892472582677465, 4.509565597704507], "SN": [5.242745464924273, 4.830901681076113], "SS": [5.226284470659437, 4.5771471556435674]}