{"CC": [1.8717864560965156, 2.8070715657174548], "CN": [1.437880996838244, 2.0305698965932515], "CS": [2.0081865601580864, 2.271888045313299], "NC": [3.180049841516472, 3.049072633997652], "NN": [1.134015280170234, 1.517345281599656], "NS": [1.0246849735670631, 1.7583607184019312], "SC": [4.78691795293535, 4.262926989906948], "SN": [1.7618481936384467, 1.6329860979252662], "SS": [1.4607554705955834, 1.5484887218553318]}