{"CC": [[0.2867853020308472, 0.26783727371924987, 0.27415101057884567, 0.2615215702831947, 0.25204416642449357, 0.2552038280431393, 0.2552038280431393, 0.2552038280431393, 0.25204417099920984, 0.2583629589918121, 0.25520382804317315, 0.2583629589918121, 0.26152157028180395, 0.2646796703842458, 0.2646796703842458, 0.2646796703842458, 0.2646796703842458, 0.2646796703842458, 0.2646796703842458, 0.2646796703842458], [0.010057765832146032, 0.23942242019647503, 0.2394002916290606, 0.23940350758616594, 0.2457232651375669, 0.23623793809459895, 0.2425620165606001, 0.2425620165748527, 0.2425620165748527, 0.23307513776114314, 0.2488839837029455, 0.2488839837029455, 0.24888398370294554, 0.24888398369197362, 0.2520441708700256, 0.2552038279337796, 0.2552038279337796, 0.2552038279337796, 0.2552038279337796, 0.2552038279337796]], "CN": [[0.0843807685363695, 0.09575718266091317, 0.10155006806505062, 0.10739739244644839, 0.038129273592255944, 0.038129273592255944, 0.04003205779496461, 0.04003205779496461, 0.04003205779496461, 0.04003205779496461, 0.04003205779496461, 0.04003205779496461, 0.04003205779496461, 0.04003205779496461, 0.04003205779496461, 0.04003205779496461, 0.04003205779496461, 0.04003205779496461, 0.04003205779496461, 0.04003205779496461], [0.06659803275898674, 0.12222914524060126, 0.053813092422500076, 0.12513966056706638, 0.13414218291498933, 0.05906135488149722, 0.053813092422500076, 0.053813092422500076, 0.03822498941405614, 0.053813092422500076, 0.05127595449014894, 0.053813092422500076, 0.053813092422500076, 0.05127595449014894, 0.05127595449014894, 0.05127595449014894, 0.05127595449014894, 0.04880897234709801, 0.04880897234709801, 0.04642330772082616]], "CS": [[0.08159644685593598, 0.08153753865797467, 0.07864092521796617, 0.07864092521789047, 0.07864092521790216, 0.07576827935866784, 0.07291355322471745, 0.06450998526917714, 0.07008347223845746, 0.06177430855314004, 0.06177430855314004, 0.059078948661651094, 0.059078948661651094, 0.059078948661651094, 0.0564296480695979, 0.0564296480695979, 0.059073333934558936, 0.05129084549759577, 0.0346412590350616, 0.022776958071188316], [0.03564636947369936, 0.024173923419604885, 0.08551384155356892, 0.09032730113845837, 0.08445190642072527, 0.07864092516720063, 0.07008347220997861, 0.08154149378175266, 0.06728109496835345, 0.07008347220997861, 0.06177430853138288, 0.056429648053887074, 0.05907894864271798, 0.056429648053887074, 0.05382015497453446, 0.04413209714114632, 0.03989389215818851, 0.04900524784743581, 0.052522140746449036, 0.07966360763671876]], "NC": [[0.03459229646327013, 0.03594063932481902, 0.04395596380122856, 0.033549358589396075, 0.1171247218259932, 0.11711970442413143, 0.17603304925195581, 0.1736229512298364, 0.23538215193444562, 0.23225485913353736, 0.30436612826755616, 0.30436612826755616, 0.30748295717079016, 0.31060581301374446, 0.3106055297659403, 0.3106055297659403, 0.31373553023124406, 0.31687345641148573, 0.3200183572494868, 0.3231686272015849], [0.019051623616406277, 0.038226089932448304, 0.03632499789536135, 0.10746623890177683, 0.03164286942951492, 0.15236359231178254, 0.085797526628239, 0.21072451584291502, 0.1432728973407288, 0.2703371765534149, 0.1952797020765502, 0.3454850105914722, 0.26414242739530397, 0.34237793358034546, 0.27033714211999377, 0.3454849735157942, 0.3485929515596426, 0.35170190227364756, 0.35481187174716355, 0.35792290689260203]], "NN": [[0.04086212588615032, 0.05961061220951369, 0.05961061220951385, 0.05961061220951398, 0.06587158206571526, 0.07213509517565972, 0.06900307874911048, 0.0690030787491106, 0.06587158206571539, 0.06587158206571549, 0.06587158206571549, 0.06587158206571549, 0.06587158206571549, 0.06587158206571549, 0.06587158206571549, 0.06587158206571549, 0.06587158206571549, 0.06587158206571549, 0.06274071344738365, 0.059610612209514205], [0.010981344465625044, 0.07277314388010866, 0.06577969352518846, 0.07575634059623276, 0.06666786583590065, 0.07568275460135825, 0.06721011561507956, 0.07283250495595354, 0.07568275460136184, 0.07855542221904221, 0.07568275460136487, 0.07855542221904678, 0.07855542221904678, 0.07855542221904678, 0.07855542221904678, 0.07855542221904678, 0.07855542221904678, 0.0814482302561156, 0.08435917492395353, 0.09022859235499048]], "NS": [[0.17868167508604113, 0.18180775880885117, 0.16926111458169354, 0.1723955429097326, 0.17553432614752337, 0.19121800665187022, 0.19435473920077442, 0.19435473920089374, 0.2037648193692684, 0.21317469004377315, 0.21003809058656348, 0.21003809058632042, 0.21003809058632028, 0.2069014670357309, 0.21003809058632028, 0.21003809058632028, 0.2069014670357309, 0.21003809058632028, 0.21003809058632028, 0.2225843485709986], [0.03631567937150552, 0.02516324016672961, 0.08770879195133577, 0.14417393094665323, 0.15518046391229234, 0.1678385464848813, 0.1710011638865105, 0.18364385332847535, 0.18364385332949962, 0.19627458679679258, 0.2088948302896601, 0.20258591471376117, 0.2025859147136826, 0.20574066114363562, 0.20258591471376117, 0.20574066114363562, 0.20776589447269678, 0.20889483028948785, 0.2278090374631488, 0.24670780941992876]], "SC": [[0.02213861260097893, 0.025240213342874056, 0.08780040258743144, 0.16471807154630902, 0.2106689783065481, 0.2734346637325581, 0.3361844225042436, 0.3268652106519268, 0.31758190965673333, 0.31447987167099783, 0.22712102703671094, 0.3175819096567799, 0.29898483081763183, 0.2958889092881519, 0.2958889124357484, 0.2897002663669037, 0.2866075837772637, 0.2866075837772637, 0.2866075837772637, 0.2804256094916557], [0.06956754368410735, 0.10752714451123704, 0.0908473155419174, 0.1478654531650211, 0.21410414711096362, 0.2579337127724858, 0.3233880607219763, 0.36420302169240254, 0.36108463091464027, 0.27352799144565887, 0.34554642067505104, 0.25491988929654197, 0.34865906027698207, 0.3237889850190226, 0.3206849436949084, 0.317581907021721, 0.314479872040965, 0.3113788389632639, 0.30827881097909315, 0.3051797940909645]], "SN": [[0.037781702058151644, 0.04086207876401774, 0.03774828929912131, 0.03154344873776312, 0.022371090293262, 0.09808469120114197, 0.09477139756167674, 0.07894002246512613, 0.15084263509550982, 0.15084263505040482, 0.0697510656703202, 0.07278234778398959, 0.06975106567281059, 0.06674808117769711, 0.06674808117769711, 0.1446654317422003, 0.14466543174132665, 0.14159047430963181, 0.147748879684524, 0.20129405283747537], [0.02549685430043564, 0.01626393527842571, 0.027027447583975708, 0.022386016496471754, 0.06587148342173428, 0.05335343386966172, 0.05641154683560587, 0.12030494029011118, 0.10755046236862861, 0.17920799292120848, 0.18555943833636113, 0.09158017896070854, 0.10435691447743217, 0.09158017896031126, 0.16335833229791638, 0.08839515614570612, 0.16651894195542058, 0.16335830979623733, 0.23225331198657176, 0.3106055313878551]], "SS": [[0.1507332061672723, 0.13615906139876804, 0.13298734151764632, 0.12346624428860879, 0.1473044887184823, 0.1520030167428274, 0.15833562949422514, 0.15516995156089675, 0.16150221546305876, 0.15516943343335698, 0.16466779734821566, 0.16466779734821566, 0.16783262219466377, 0.16783262219466377, 0.17099651371953006, 0.17099651371953006, 0.16466779734821566, 0.16466929477816264, 0.1741598308836151, 0.18680214104787635], [0.10454143483512991, 0.10156341534620013, 0.09840660737493229, 0.1129884282947298, 0.11118513892369111, 0.13320461574697998, 0.1300400626893571, 0.13953211363874593, 0.13320462689346454, 0.14585714958042678, 0.13953211363869428, 0.14901868592800716, 0.14269495571951976, 0.15217955910903946, 0.14585714958042678, 0.1553397699054522, 0.17113127349022256, 0.17113127349022256, 0.18375371150867656, 0.24990807648297858]]}