{"CC": [283.2720000000001, 279.2320000000001], "CN": [279.616, 274.89599999999996], "CS": [266.328, 269.488], "NC": [271.84799999999996, 259.52799999999996], "NN": [273.896, 268.13599999999997], "NS": [266.896, 265.776], "SC": [260.184, 247.74400000000003], "SN": [267.19199999999995, 258.592], "SS": [263.048, 259.20799999999997]}