{"llama": [0.519, 0.679, 0.8599999999999999, 0.885, 0.8859999999999999, 0.8839999999999999, 0.89, 0.904, 0.8520000000000002, 0.5109999999999999, 0.6409999999999998, 0.5919999999999999, 0.615, 0.6139999999999999, 0.617, 0.6150000000000001, 0.627, 0.632, 0.6250000000000001, 0.563], "qwen": [0.5080000000000001, 0.909, 0.9100000000000001, 0.9689999999999999, 0.9620000000000001, 0.98, 0.9460000000000001, 0.95, 0.946, 0.8999999999999999, 0.5660000000000001, 0.6140000000000002, 0.617, 0.6530000000000001, 0.6220000000000001, 0.6480000000000001, 0.6459999999999999, 0.637, 0.618, 0.609]}