{"CC": [293.72800000000007, 284.80800000000005], "CN": [292.73600000000005, 294.29600000000005], "CS": [287.976, 288.376], "NC": [280.16, 266.48], "NN": [276.768, 271.528], "NS": [278.136, 274.81600000000003], "SC": [279.24800000000005, 265.56800000000004], "SN": [271.856, 266.216], "SS": [265.38400000000007, 264.26400000000007]}