{"CC": [[0.16455085210070647, 0.1614961995565546, 0.16760903987409456, 0.1767430368121111, 0.1767430368121111, 0.1767430368121111, 0.1767430368121111, 0.1767430368121111, 0.1767430368121111, 0.1767430368121111, 0.1767430368121111, 0.1767430368121111, 0.1767430368121111, 0.1767430368121111, 0.1767430368121111, 0.1767430368121111, 0.1767430368121111, 0.1767430368121111, 0.1767430368121111, 0.1767430368121111], [0.10385701314714324, 0.13243652934267014, 0.13273327863984316, 0.12353756735014637, 0.13260200122634117, 0.13260200122634117, 0.13260200122634117, 0.13260200122634117, 0.1356783100579288, 0.13876176251807612, 0.13260200122634117, 0.13260200122634117, 0.13260200122634117, 0.13260200122634117, 0.13260200122634117, 0.13260200122634117, 0.13260200122634117, 0.13260200122634117, 0.13260200122634117, 0.13876176251807612]], "CN": [[0.03930272409060624, 0.0411018021734147, 0.0411018021734147, 0.03908104737995804, 0.03908104737995804, 0.03908104737995804, 0.03908104737995804, 0.03908104737995804, 0.03908104737995804, 0.03908104737995804, 0.03908104737995804, 0.03908104737995804, 0.03908104737995804, 0.03908104737995804, 0.03908104737995804, 0.03908104737995804, 0.03908104737995804, 0.03908104737995804, 0.03908104737995804, 0.03908104737995804], [0.046849757930904345, 0.060611198861487005, 0.03913570301683955, 0.039082614790591746, 0.03820829294981965, 0.03812444088987933, 0.03908104737995804, 0.03908104737995804, 0.03908104737995804, 0.03908104737995804, 0.03908104737995804, 0.03908104737995804, 0.03908104737995804, 0.03908104737995804, 0.03908104737995804, 0.03908104737995804, 0.03908104737995804, 0.03908104737995804, 0.03908104737995804, 0.03908104737995804]], "CS": [[0.07338640548476555, 0.07575580693949477, 0.0644970133496338, 0.06449701271206063, 0.05218948550277244, 0.05641262724831967, 0.05381444754247717, 0.05906344012210349, 0.053814447675425106, 0.053814447129744626, 0.05127686617058974, 0.053814447129744626, 0.05127686617058974, 0.053814447129744626, 0.05127686617058974, 0.053814447129744626, 0.05127686617058974, 0.053814447129744626, 0.05127686617058974, 0.053814447129744626], [0.053339478756954675, 0.0700725238418974, 0.038130303710687936, 0.039148326845493034, 0.053933903305961074, 0.04933256620025014, 0.056382474460168676, 0.05638186736247052, 0.0617142837408185, 0.056381867541576765, 0.05638186653989479, 0.05379187233301203, 0.05638186653989479, 0.05379187233301203, 0.05379187147430749, 0.05379187233301203, 0.05638186653989479, 0.05379187233301203, 0.05638186653989479, 0.05379187233301203]], "NC": [[0.09044534384786951, 0.08548081993696884, 0.08548131821801089, 0.09175523872375846, 0.08778563400122724, 0.08771978768468344, 0.09404231091464112, 0.09717196989339545, 0.10343337239141735, 0.10030235497591612, 0.1065649423805278, 0.1065649423805278, 0.1065649423805278, 0.1065649423805278, 0.1065649423805278, 0.1065649423805278, 0.1065649423805278, 0.1065649423805278, 0.1065649423805278, 0.1065649423805278], [0.11710846743868968, 0.0230628100239865, 0.01525874487285686, 0.027206085169354684, 0.04411508486833947, 0.04735758263755611, 0.04704785076532575, 0.05351987466647204, 0.05351987419350703, 0.06347770125192087, 0.056614560034521505, 0.0659338607691362, 0.06282268282588346, 0.0659338607691362, 0.0659338607691362, 0.0659338607691362, 0.0659338607691362, 0.0659338607691362, 0.0659338607691362, 0.066421769711626]], "NN": [[0.05801201747655933, 0.06449701950412966, 0.07290345945319712, 0.0786363825982326, 0.08737914055127632, 0.08737914055127632, 0.08737914518407629, 0.08444831648085876, 0.08737914518407629, 0.08737914055127632, 0.09032450135264775, 0.09032450135264775, 0.09032450135264775, 0.09032450135264775, 0.09032450135264775, 0.09032450135264775, 0.09032450135264775, 0.09032450135264775, 0.09032450135264775, 0.09032450135264775], [0.03587023158778563, 0.10454124888886783, 0.10222786900195416, 0.11125931105777173, 0.09923569903957649, 0.10824025749224968, 0.10222786905075225, 0.10522959788227072, 0.10222787203412885, 0.10222787203412885, 0.10222786905075225, 0.10522959788227072, 0.10222786905075225, 0.10522959788227072, 0.10222786905075225, 0.10522959788227072, 0.10222786905075225, 0.10522959788227072, 0.10522959788227072, 0.10522959788227072]], "NS": [[0.08153364554307153, 0.06578700677179485, 0.06047191455568599, 0.057563257316255056, 0.05182662732619236, 0.05182662732619236, 0.054777681198417895, 0.05765315952843121, 0.04912377217949908, 0.06356208816624882, 0.06055482866154741, 0.06055482866154741, 0.06347907697129562, 0.06642290478484458, 0.06938380451674207, 0.06938380451674207, 0.06642290478484458, 0.06642290478484458, 0.06642290478484458, 0.06642290478484458], [0.04104881394642609, 0.02411374709095415, 0.01559737642937813, 0.024937250928096767, 0.025171556826095124, 0.04404099389798896, 0.04900844247871316, 0.06348016803830234, 0.07236118314558247, 0.06348016803830235, 0.0724287995422178, 0.06938518663427042, 0.07236118314558256, 0.07236118314558256, 0.0664241457577822, 0.06055575902990136, 0.06055575902990136, 0.06055575902990136, 0.06055575902990136, 0.06055575902990136]], "SC": [[0.07230236971174861, 0.022770327914672872, 0.07230121692243054, 0.07541099037578915, 0.14265148267971958, 0.13949209524977915, 0.21103108201589693, 0.2828718687527525, 0.3579830103837161, 0.361134720196874, 0.364286770970531, 0.364286770970531, 0.361134720196874, 0.361134720196874, 0.364286770970531, 0.361134720196874, 0.361134720196874, 0.364286770970531, 0.361134720196874, 0.361134720196874], [0.01510461669368433, 0.029390965597721676, 0.06765921187398564, 0.050276788701185134, 0.036033918788703476, 0.18610686873264717, 0.18918388532225253, 0.2549006593427103, 0.3268845513625103, 0.4082521183091202, 0.40203103698124065, 0.4051412705704883, 0.4051412705704883, 0.40203103698124065, 0.40203103698124065, 0.4051412705704883, 0.40203103698124065, 0.40203103698124065, 0.4051412705704883, 0.40203103698124065]], "SN": [[0.05820753797313451, 0.031384533216866364, 0.027399296709725896, 0.14025167138127298, 0.13723615571527192, 0.20863025521177775, 0.2834886939384257, 0.2834886939384257, 0.358517022091116, 0.358517022091116, 0.358517022091116, 0.358517022091116, 0.358517022091116, 0.358517022091116, 0.358517022091116, 0.358517022091116, 0.358517022091116, 0.358517022091116, 0.358517022091116, 0.358517022091116], [0.04651553621039246, 0.025929127909851662, 0.02453802585405524, 0.0228236060932175, 0.08757471755044516, 0.15540235283452644, 0.2270609101428381, 0.3020398721032453, 0.29894559538517884, 0.37402840085650735, 0.37402840085650735, 0.37402840085650735, 0.37402840085650735, 0.37402840085650735, 0.37402840085650735, 0.38027626984452545, 0.37402840085650735, 0.37402840085650735, 0.37402840085650735, 0.37402840085650735]], "SS": [[0.05381449929444663, 0.02280315829674803, 0.0223049512757428, 0.0883521094669755, 0.023870894608497686, 0.02529814961303197, 0.03841412169712532, 0.04375460809008926, 0.04378081141244359, 0.05508391876128634, 0.060970449217459984, 0.05803320304944134, 0.0639575762772488, 0.0639575762772488, 0.07307615344142596, 0.07616384100089828, 0.07616384100089828, 0.07616384100089828, 0.07616384100089828, 0.09185575399213558], [0.05206868130115252, 0.041426784761300565, 0.11430099240529332, 0.06678058297035298, 0.07583926755407017, 0.09615184309352824, 0.03589626095248946, 0.04375449490462237, 0.046518685011655195, 0.07309379685774885, 0.05801188187133618, 0.08554070845789462, 0.08241281847657955, 0.08554070845789462, 0.08554070845789462, 0.08554070845789462, 0.08554070845789462, 0.08554070845789462, 0.08554070845789462, 0.08554070845789462]]}