{"gpt": [0.27999999999999997, 0.4600000000000001, 0.48, 0.48, 0.495, 0.475, 0.495, 0.43499999999999994, 0.445, 0.465, 0.45999999999999996, 0.45999999999999996, 0.475, 0.465, 0.475, 0.465, 0.45, 0.45, 0.45, 0.45], "claude": [0.28, 0.475, 0.48500000000000004, 0.45999999999999996, 0.49000000000000005, 0.465, 0.47000000000000003, 0.485, 0.45999999999999996, 0.475, 0.44499999999999995, 0.45, 0.45499999999999996, 0.45500000000000007, 0.45499999999999996, 0.45, 0.45, 0.45, 0.45, 0.45], "llama": [0.27999999999999997, 0.45499999999999996, 0.4750000000000001, 0.49000000000000005, 0.49000000000000005, 0.5, 0.485, 0.495, 0.485, 0.48, 0.475, 0.45999999999999996, 0.47000000000000003, 0.45999999999999996, 0.45499999999999996, 0.45, 0.45, 0.45, 0.45, 0.45], "qwen": [0.29500000000000004, 0.465, 0.48500000000000004, 0.495, 0.495, 0.475, 0.47000000000000003, 0.44000000000000006, 0.43499999999999994, 0.45999999999999996, 0.45499999999999996, 0.45999999999999996, 0.45999999999999996, 0.475, 0.45999999999999996, 0.43499999999999994, 0.45, 0.45, 0.45, 0.45]}