{"gpt": [0.25, 0.32, 0.375, 0.425, 0.34500000000000003, 0.33999999999999997, 0.335, 0.36, 0.275, 0.275, 0.24500000000000002, 0.255, 0.18, 0.16499999999999998, 0.16, 0.125, 0.095, 0.1, 0.039999999999999994, 0.025], "claude": [0.25, 0.39, 0.425, 0.4, 0.37499999999999994, 0.32999999999999996, 0.38499999999999995, 0.26999999999999996, 0.305, 0.29, 0.23500000000000001, 0.195, 0.215, 0.16, 0.125, 0.09, 0.075, 0.04, 0.039999999999999994, 0.01], "llama": [0.25, 0.38, 0.36500000000000005, 0.39, 0.34500000000000003, 0.36, 0.36, 0.33999999999999997, 0.35500000000000004, 0.31, 0.255, 0.22999999999999998, 0.23500000000000001, 0.21000000000000002, 0.195, 0.11000000000000001, 0.08, 0.08, 0.05500000000000001, 0.03], "qwen": [0.255, 0.31, 0.375, 0.40499999999999997, 0.36, 0.36499999999999994, 0.35000000000000003, 0.315, 0.305, 0.28, 0.23000000000000004, 0.21000000000000002, 0.185, 0.185, 0.14500000000000002, 0.12000000000000002, 0.1, 0.075, 0.045, 0.025]}