{"gpt": [0.26, 0.42000000000000004, 0.45, 0.47000000000000003, 0.475, 0.475, 0.465, 0.4525, 0.4800000000000001, 0.43, 0.43, 0.43000000000000005, 0.41500000000000004, 0.41, 0.395, 0.39, 0.39499999999999996, 0.37, 0.34249999999999997, 0.305], "claude": [0.26, 0.4375000000000001, 0.45, 0.465, 0.49000000000000005, 0.475, 0.45999999999999996, 0.465, 0.45500000000000007, 0.445, 0.38, 0.40499999999999997, 0.40499999999999997, 0.385, 0.37500000000000006, 0.37, 0.39, 0.37, 0.335, 0.32], "llama": [0.25, 0.4375, 0.45500000000000007, 0.4600000000000001, 0.45999999999999996, 0.495, 0.49000000000000005, 0.49000000000000005, 0.495, 0.475, 0.44499999999999995, 0.45, 0.45500000000000007, 0.43, 0.4149999999999999, 0.39, 0.41999999999999993, 0.38499999999999995, 0.355, 0.34], "qwen": [0.25, 0.41999999999999993, 0.44000000000000006, 0.475, 0.485, 0.43499999999999994, 0.49000000000000005, 0.48, 0.48, 0.4800000000000001, 0.475, 0.43000000000000005, 0.43500000000000005, 0.43000000000000005, 0.365, 0.375, 0.37499999999999994, 0.355, 0.355, 0.33]}