{"gpt": [0.275, 0.39, 0.40499999999999997, 0.39, 0.42000000000000004, 0.41500000000000004, 0.4, 0.4050000000000001, 0.43, 0.45, 0.45, 0.45500000000000007, 0.48, 0.475, 0.43000000000000005, 0.47000000000000003, 0.48, 0.45999999999999996, 0.475, 0.10500000000000001], "claude": [0.27999999999999997, 0.34, 0.42000000000000004, 0.4149999999999999, 0.395, 0.425, 0.43999999999999995, 0.445, 0.44499999999999995, 0.44000000000000006, 0.475, 0.44000000000000006, 0.475, 0.465, 0.465, 0.49000000000000005, 0.47000000000000003, 0.43499999999999994, 0.45, 0.0], "llama": [0.295, 0.395, 0.385, 0.4, 0.42000000000000004, 0.43999999999999995, 0.47000000000000003, 0.43, 0.41500000000000004, 0.45, 0.395, 0.465, 0.45, 0.44000000000000006, 0.45500000000000007, 0.43499999999999994, 0.44000000000000006, 0.4800000000000001, 0.445, 0.04], "qwen": [0.28500000000000003, 0.38, 0.38, 0.43499999999999994, 0.44000000000000006, 0.4, 0.43999999999999995, 0.395, 0.43499999999999994, 0.45, 0.445, 0.45499999999999996, 0.465, 0.43499999999999994, 0.385, 0.475, 0.425, 0.45499999999999996, 0.37, 0.135]}