{"gpt": [0.325, 0.41500000000000004, 0.4800000000000001, 0.49749999999999994, 0.49749999999999994, 0.475, 0.49000000000000005, 0.4, 0.49000000000000005, 0.45499999999999996, 0.47000000000000003, 0.495, 0.5, 0.485, 0.5, 0.475, 0.5, 0.475, 0.5, 0.5], "claude": [0.35, 0.45499999999999996, 0.44000000000000006, 0.475, 0.475, 0.47000000000000003, 0.48, 0.45, 0.49000000000000005, 0.5, 0.5, 0.5, 0.5, 0.475, 0.49000000000000005, 0.45999999999999996, 0.5, 0.5, 0.5, 0.5], "llama": [0.31, 0.44000000000000006, 0.48, 0.44000000000000006, 0.445, 0.5, 0.4800000000000001, 0.49000000000000005, 0.475, 0.465, 0.47000000000000003, 0.5, 0.5, 0.49000000000000005, 0.475, 0.465, 0.49000000000000005, 0.49000000000000005, 0.5, 0.5], "qwen": [0.32, 0.44000000000000006, 0.465, 0.48500000000000004, 0.475, 0.465, 0.45499999999999996, 0.475, 0.485, 0.485, 0.495, 0.5, 0.5, 0.485, 0.5, 0.5, 0.495, 0.5, 0.5, 0.5]}