{"gpt": [0.27, 0.425, 0.425, 0.45, 0.48, 0.475, 0.4225, 0.45999999999999996, 0.465, 0.5, 0.49000000000000005, 0.5, 0.5, 0.45, 0.475, 0.475, 0.44000000000000006, 0.45, 0.45, 0.5], "claude": [0.26, 0.38, 0.44000000000000006, 0.465, 0.45, 0.465, 0.495, 0.5, 0.485, 0.5, 0.49000000000000005, 0.5, 0.5, 0.465, 0.5, 0.485, 0.5, 0.485, 0.5, 0.5], "llama": [0.27, 0.39499999999999996, 0.44000000000000006, 0.475, 0.44499999999999995, 0.475, 0.475, 0.425, 0.5, 0.5, 0.5, 0.45, 0.5, 0.475, 0.475, 0.475, 0.48, 0.475, 0.5, 0.495], "qwen": [0.26, 0.43000000000000005, 0.45, 0.45, 0.49000000000000005, 0.485, 0.48, 0.45, 0.45500000000000007, 0.495, 0.475, 0.41, 0.5, 0.45, 0.475, 0.49000000000000005, 0.475, 0.5, 0.5, 0.5]}