{"gpt": [0.265, 0.45000000000000007, 0.45500000000000007, 0.47000000000000003, 0.4375, 0.47000000000000003, 0.5, 0.465, 0.5, 0.5, 0.495, 0.495, 0.465, 0.45, 0.5, 0.465, 0.5, 0.475, 0.49000000000000005, 0.475], "claude": [0.26, 0.39499999999999996, 0.45500000000000007, 0.465, 0.45499999999999996, 0.475, 0.5, 0.465, 0.49000000000000005, 0.45499999999999996, 0.445, 0.49000000000000005, 0.5, 0.5, 0.5, 0.475, 0.475, 0.5, 0.425, 0.45], "llama": [0.27, 0.45, 0.45, 0.49000000000000005, 0.44000000000000006, 0.5, 0.49000000000000005, 0.5, 0.485, 0.5, 0.475, 0.495, 0.5, 0.485, 0.425, 0.5, 0.475, 0.475, 0.5, 0.475], "qwen": [0.25, 0.4, 0.475, 0.475, 0.475, 0.445, 0.485, 0.5, 0.5, 0.5, 0.475, 0.445, 0.5, 0.5, 0.45, 0.5, 0.5, 0.5, 0.5, 0.5]}