{"gpt": [0.255, 0.3625, 0.365, 0.47000000000000003, 0.39, 0.39, 0.375, 0.32999999999999996, 0.36500000000000005, 0.325, 0.30500000000000005, 0.305, 0.27, 0.27, 0.26, 0.255, 0.25, 0.25, 0.25, 0.24500000000000002], "claude": [0.27, 0.32999999999999996, 0.38500000000000006, 0.385, 0.41999999999999993, 0.4, 0.39499999999999996, 0.36, 0.35, 0.325, 0.28500000000000003, 0.28500000000000003, 0.275, 0.265, 0.255, 0.25, 0.25, 0.25, 0.25, 0.25], "llama": [0.25, 0.335, 0.42000000000000004, 0.4225, 0.41, 0.39, 0.41500000000000004, 0.4, 0.33, 0.335, 0.3, 0.29500000000000004, 0.27, 0.27, 0.255, 0.25, 0.25, 0.24, 0.25, 0.25], "qwen": [0.25, 0.39, 0.44000000000000006, 0.4, 0.41500000000000004, 0.4, 0.40499999999999997, 0.355, 0.365, 0.325, 0.32, 0.29500000000000004, 0.29000000000000004, 0.26, 0.26, 0.25, 0.25, 0.25, 0.25, 0.25]}