{"gpt": [0.315, 0.45, 0.45, 0.475, 0.465, 0.45499999999999996, 0.475, 0.475, 0.475, 0.49000000000000005, 0.49000000000000005, 0.5, 0.5, 0.45, 0.45, 0.475, 0.5, 0.5, 0.5, 0.5], "claude": [0.35, 0.40499999999999997, 0.445, 0.445, 0.44000000000000006, 0.45, 0.47000000000000003, 0.48, 0.475, 0.475, 0.45, 0.485, 0.5, 0.485, 0.485, 0.5, 0.5, 0.5, 0.475, 0.5], "llama": [0.32999999999999996, 0.44000000000000006, 0.44000000000000006, 0.47000000000000003, 0.45999999999999996, 0.47000000000000003, 0.49000000000000005, 0.485, 0.5, 0.44000000000000006, 0.495, 0.43000000000000005, 0.5, 0.475, 0.49000000000000005, 0.49000000000000005, 0.475, 0.45, 0.475, 0.45999999999999996], "qwen": [0.325, 0.41500000000000004, 0.44000000000000006, 0.49000000000000005, 0.465, 0.445, 0.45999999999999996, 0.475, 0.45, 0.465, 0.49000000000000005, 0.475, 0.475, 0.475, 0.44000000000000006, 0.45, 0.485, 0.475, 0.5, 0.5]}