{"gpt": [0.25, 0.315, 0.325, 0.315, 0.325, 0.345, 0.365, 0.36, 0.31, 0.325, 0.35500000000000004, 0.36, 0.4, 0.40499999999999997, 0.31, 0.34500000000000003, 0.425, 0.365, 0.425, 0.335], "claude": [0.25, 0.30999999999999994, 0.315, 0.29500000000000004, 0.31, 0.31, 0.31, 0.28, 0.305, 0.26, 0.275, 0.35, 0.26, 0.28500000000000003, 0.315, 0.31, 0.275, 0.29, 0.24, 0.33999999999999997], "llama": [0.25, 0.32999999999999996, 0.31, 0.3, 0.32999999999999996, 0.33999999999999997, 0.37, 0.4, 0.36, 0.305, 0.305, 0.28500000000000003, 0.31, 0.325, 0.28500000000000003, 0.275, 0.325, 0.26, 0.31, 0.31999999999999995], "qwen": [0.25, 0.32999999999999996, 0.32999999999999996, 0.33, 0.3, 0.31, 0.34500000000000003, 0.315, 0.325, 0.28500000000000003, 0.28500000000000003, 0.35, 0.41, 0.325, 0.375, 0.325, 0.39, 0.39, 0.4, 0.375]}