{"gpt": [0.27, 0.44000000000000006, 0.45499999999999996, 0.4600000000000001, 0.465, 0.48, 0.43, 0.41, 0.45249999999999996, 0.40499999999999997, 0.38, 0.40499999999999997, 0.365, 0.4, 0.375, 0.4, 0.4, 0.4, 0.39, 0.4], "claude": [0.26, 0.37, 0.475, 0.475, 0.445, 0.47000000000000003, 0.45999999999999996, 0.445, 0.40499999999999997, 0.42000000000000004, 0.395, 0.43499999999999994, 0.4, 0.33999999999999997, 0.385, 0.4, 0.4, 0.375, 0.375, 0.4], "llama": [0.25, 0.425, 0.445, 0.445, 0.4800000000000001, 0.4800000000000001, 0.445, 0.42000000000000004, 0.43499999999999994, 0.38, 0.40499999999999997, 0.335, 0.41, 0.375, 0.4, 0.4, 0.365, 0.4, 0.325, 0.4], "qwen": [0.27, 0.465, 0.43499999999999994, 0.47000000000000003, 0.425, 0.49000000000000005, 0.475, 0.425, 0.40499999999999997, 0.4149999999999999, 0.41500000000000004, 0.39, 0.375, 0.4, 0.35, 0.4, 0.4, 0.4, 0.4, 0.4]}