{"gpt": [0.38, 0.47000000000000003, 0.45500000000000007, 0.47000000000000003, 0.485, 0.475, 0.475, 0.47000000000000003, 0.475, 0.475, 0.475, 0.465, 0.45, 0.45, 0.45, 0.45, 0.45, 0.45, 0.45, 0.45], "claude": [0.37, 0.43000000000000005, 0.45999999999999996, 0.44000000000000006, 0.44000000000000006, 0.45499999999999996, 0.475, 0.485, 0.45999999999999996, 0.475, 0.45499999999999996, 0.45499999999999996, 0.45, 0.45, 0.45, 0.45, 0.45, 0.45, 0.45, 0.45], "llama": [0.38, 0.475, 0.485, 0.495, 0.48, 0.48, 0.45500000000000007, 0.475, 0.45999999999999996, 0.45499999999999996, 0.45999999999999996, 0.45, 0.43499999999999994, 0.425, 0.425, 0.425, 0.425, 0.425, 0.425, 0.43499999999999994], "qwen": [0.315, 0.45499999999999996, 0.495, 0.49000000000000005, 0.485, 0.475, 0.475, 0.475, 0.47000000000000003, 0.475, 0.475, 0.45999999999999996, 0.45, 0.45, 0.45, 0.45, 0.45499999999999996, 0.45, 0.45, 0.45]}