{
    "CCCC": [[0.38, 0.42199999999999993, 0.45599999999999996, 0.46, 0.46299999999999997, 0.45299999999999996, 0.463, 0.4639999999999999, 0.4679999999999999, 0.47800000000000004, 0.4739999999999999, 0.46099999999999997, 0.4759999999999999, 0.474, 0.4689999999999999, 0.478, 0.4749999999999999, 0.484, 0.46, 0.465], [0.27899999999999997, 0.43549999999999983, 0.4479999999999999, 0.44299999999999984, 0.44999999999999996, 0.455, 0.4379999999999999, 0.46399999999999997, 0.4660000000000001, 0.473, 0.451, 0.45199999999999996, 0.45300000000000007, 0.46, 0.46799999999999997, 0.479, 0.467, 0.467, 0.469, 0.46399999999999997], [0.382, 0.4099999999999999, 0.424, 0.445, 0.461, 0.47, 0.4589999999999999, 0.45, 0.4729999999999999, 0.47600000000000003, 0.49199999999999994, 0.4709999999999999, 0.485, 0.472, 0.48699999999999993, 0.48900000000000005, 0.49, 0.474, 0.491, 0.488], [0.3335, 0.4034999999999998, 0.47399999999999987, 0.46599999999999997, 0.46099999999999997, 0.46799999999999997, 0.4689999999999999, 0.4789999999999999, 0.493, 0.49200000000000005, 0.48599999999999993, 0.48300000000000004, 0.48400000000000004, 0.498, 0.483, 0.499, 0.48999999999999994, 0.48699999999999993, 0.48100000000000004, 0.495]],
    "NNNN": [[0.34600000000000003, 0.41999999999999976, 0.41699999999999987, 0.418, 0.4369999999999999, 0.43800000000000006, 0.43, 0.43099999999999994, 0.41999999999999993, 0.42999999999999994, 0.42300000000000004, 0.42699999999999994, 0.43699999999999994, 0.413, 0.42099999999999993, 0.42300000000000004, 0.414, 0.396, 0.39899999999999997, 0.39399999999999996], [0.2655, 0.3949999999999999, 0.44799999999999973, 0.4179999999999998, 0.39699999999999996, 0.42700000000000005, 0.434, 0.429, 0.42, 0.43200000000000005, 0.418, 0.41200000000000003, 0.39, 0.37549999999999994, 0.3819999999999999, 0.39099999999999996, 0.38900000000000007, 0.38500000000000006, 0.386, 0.39799999999999996], [0.30999999999999994, 0.41099999999999987, 0.41100000000000003, 0.423, 0.418, 0.3960000000000001, 0.428, 0.43199999999999994, 0.44699999999999995, 0.41600000000000004, 0.42099999999999993, 0.42699999999999994, 0.43699999999999994, 0.4050000000000001, 0.41100000000000003, 0.415, 0.407, 0.40199999999999997, 0.3789999999999999, 0.358], [0.26299999999999996, 0.37399999999999983, 0.42999999999999994, 0.45399999999999996, 0.44099999999999995, 0.4489999999999999, 0.44400000000000006, 0.4599999999999999, 0.44299999999999995, 0.46199999999999997, 0.45300000000000007, 0.455, 0.441, 0.445, 0.426, 0.43400000000000005, 0.43, 0.419, 0.419, 0.396]],
    "SSSS": [[0.30700000000000005, 0.3559999999999999, 0.379, 0.36, 0.33, 0.303, 0.298, 0.3, 0.27799999999999997, 0.274, 0.2929999999999999, 0.26400000000000007, 0.26599999999999996, 0.285, 0.24499999999999997, 0.27499999999999997, 0.256, 0.27, 0.22499999999999998, 0.16699999999999998], [0.244, 0.3450000000000001, 0.374, 0.3019999999999999, 0.3159999999999999, 0.2889999999999999, 0.252, 0.24599999999999997, 0.251, 0.255, 0.253, 0.24299999999999997, 0.214, 0.22499999999999998, 0.22, 0.21000000000000005, 0.201, 0.195, 0.195, 0.2], [0.30900000000000005, 0.373, 0.398, 0.37799999999999995, 0.34099999999999986, 0.3339999999999999, 0.32599999999999996, 0.32199999999999995, 0.27599999999999997, 0.298, 0.31, 0.28, 0.279, 0.28, 0.276, 0.273, 0.261, 0.26999999999999996, 0.245, 0.18999999999999997], [0.25999999999999995, 0.37199999999999994, 0.3969999999999999, 0.376, 0.3489999999999999, 0.324, 0.30899999999999994, 0.306, 0.31999999999999995, 0.306, 0.28300000000000003, 0.285, 0.304, 0.30599999999999994, 0.292, 0.27499999999999997, 0.275, 0.27799999999999997, 0.27299999999999996, 0.222]]
}