{"CC": [8.462930479118922, 6.753257861980393], "CN": [4.896827598968134, 4.040837915672444], "CS": [4.66978094544744, 3.693795345373645], "NC": [3.5316762641759887, 2.3016915493227965], "NN": [3.4755879267830365, 1.1761045286878253], "NS": [6.767248218180269, 6.018623749215762], "SC": [9.824155563797639, 5.902861736474603], "SN": [5.121690007481517, 4.648083100558339], "SS": [4.276446273916698, 4.161976518023139]}