{"CC": [[0.0, 0.2688559941678816, 0.3697289472032181, 0.5080900707551762, 0.622478226446516, 0.6419231904207855, 0.65856, 0.6419231904207855, 0.65856, 1.0513787854051462, 0.7924219643598985, 0.7770701734077817, 0.7924219643598985, 0.7770701734077817, 0.7770701734077817, 0.7770701734077817, 0.7770701734077817, 0.7770701734077817, 0.7770701734077817, 0.9749379664368394], [0.3303981016894619, 0.28741914758763026, 0.4166279568151902, 0.5303457227130242, 0.622478226446516, 0.65856, 0.6419231904207855, 0.65856, 0.6419231904207855, 0.65856, 1.0513787854051462, 0.9026560771412331, 0.8766788821455666, 0.8001410435666952, 0.7770701734077817, 0.7770701734077817, 0.7770701734077817, 0.7770701734077817, 0.7770701734077817, 0.7770701734077817]], "CN": [[0.15363199666736102, 0.2604957243411109, 0.14370957379381513, 0.2217486865801013, 0.2651728613565121, 0.23572208721288723, 0.3112391132232579, 0.2651728613565121, 0.3677285955701569, 0.4635555388516032, 0.3112391132232579, 0.28656245671755404, 0.22937862498497985, 0.22937862498497985, 0.22937862498497985, 0.22937862498497985, 0.22937862498497985, 0.22937862498497985, 0.22937862498497985, 0.4635555388516031], [0.18150912263575072, 0.2479225685572009, 0.3340980838017482, 0.2408807306531595, 0.24492942983643262, 0.3151640994783511, 0.27158556662679995, 0.369728947203218, 0.3151640994783511, 0.43112872138144537, 0.5017600000000002, 0.27158556662679995, 0.2408807306531595, 0.2408807306531595, 0.2408807306531595, 0.2408807306531595, 0.2408807306531595, 0.2408807306531595, 0.2408807306531595, 0.2408807306531595]], "CS": [[0.15363199666736102, 0.36301824527150134, 0.4130720343959394, 0.5349615253455149, 0.5900348789690317, 0.6165251579619441, 0.6220831275641544, 0.631886491072566, 0.6696663479674039, 1.2111214135667818, 0.993424216334593, 0.9321361067998601, 1.1758954620203277, 1.0132726101104281, 1.1069680219410134, 0.9609678321359151, 1.0976, 0.9729184138456832, 1.1675020966148197, 1.051846376615901], [0.0, 0.38407999166840234, 0.35271287813177454, 0.3954345538771238, 0.5579084139892496, 0.6604240286361484, 0.6559414608027153, 0.6827555275499424, 0.6834753543471777, 0.9408000000000002, 1.2655226879040933, 1.2346444346450522, 1.0130299391429654, 1.0572088111626765, 0.9321361067998599, 1.048803307393717, 1.036067197820682, 1.069233445043691, 1.0459864626275046, 1.1016246213660987]], "NC": [[0.0, 0.29082067601874523, 0.350615458871967, 0.4166279568151902, 0.4958451371144019, 0.5688188801367267, 0.40099128369579307, 0.4016039521717881, 0.4714441744257746, 1.0274887569214568, 0.6224782264465158, 0.4968358376767925, 0.629938023618197, 0.6322754640186509, 0.6244499710945628, 0.6453610660707696, 0.7431062847264851, 0.6322754640186509, 0.6369246109234593, 0.8467199999999999], [0.3326230298701519, 0.3159432455362831, 0.3080631208048116, 0.3112391132232579, 0.3923134746602518, 0.4571466285558717, 0.5866918782461541, 0.42538773654161677, 0.4294144850840504, 0.4832900578327678, 1.0040098804294708, 0.9596877358807916, 0.6570649696947783, 0.6472631069356573, 0.6652460597403042, 0.6733277549603907, 0.7075138489103945, 0.780227724706063, 0.6570649696947783, 0.6570649696947785]], "NN": [[0.0, 0.0768159983336805, 0.0, 0.07681599833368047, 0.07681599833368047, 0.404653380561685, 0.42826784889832664, 0.29334593912307705, 0.25573306082710545, 1.0396206569706088, 0.8062630994904828, 0.9075456131787538, 0.9601999791710057, 1.063469341354042, 0.9601999791710057, 0.9601999791710057, 0.9075456131787538, 0.9601999791710057, 0.920457402816665, 1.069233445043691], [0.0, 0.2398578779194046, 0.1688787683517381, 0.2398578779194047, 0.07681599833368047, 0.07681599833368047, 0.404653380561685, 0.42826784889832664, 0.29334593912307705, 0.25573306082710545, 1.0396206569706088, 0.9683590210247436, 1.0040098804294706, 0.9601999791710057, 0.9601999791710057, 0.8443938417586903, 0.9601999791710057, 0.9075456131787538, 1.0040098804294706, 0.9097103046574772]], "NS": [[0.0, 0.12738492218469188, 0.1815091226357507, 0.2217486865801013, 0.2217486865801013, 0.4571466285558716, 0.4571466285558716, 0.2217486865801013, 0.4571466285558716, 0.9075456131787538, 0.5970766114997303, 0.701230917743934, 0.784, 0.7012309177439341, 0.9075456131787538, 0.851641990510097, 0.851641990510097, 0.784, 0.851641990510097, 0.9075456131787538], [0.0, 0.10634693413540419, 0.19203999583420117, 0.2217486865801013, 0.22937862498497985, 0.22937862498497985, 0.4635555388516031, 0.5970766114997303, 0.4571466285558716, 0.4571466285558716, 0.9075456131787538, 0.8539484049988033, 0.784, 0.851641990510097, 0.7280654739788174, 0.851641990510097, 0.784, 0.784, 0.7012309177439341, 0.784]], "SC": [[0.0, 0.19203999583420117, 0.3136, 0.4446047341178454, 0.5303457227130243, 0.4832900578327678, 0.43055806762851395, 0.4446047341178454, 0.4311287213814454, 1.1361239369012521, 0.8766788821455666, 1.0604596256340928, 1.01011334017525, 1.023893194429966, 1.023893194429966, 1.0443397945113462, 1.023893194429966, 1.0372530368237058, 1.0313102066788633, 1.0372530368237058], [0.3677285955701569, 0.41898180581022854, 0.3954345538771239, 0.5317346706770211, 0.4832900578327678, 0.5726957670526297, 0.5200467671277268, 0.4418311279210645, 0.4832900578327678, 0.45336626076495806, 1.1361239369012521, 0.9545501843276761, 1.1014014171045907, 1.0722185329493237, 1.0108432788518704, 1.0806694221638733, 1.121311871693152, 1.0511449117985587, 1.1142733596384686, 1.1114012315991018]], "SN": [[0.0, 0.07681599833368051, 0.16887876835173812, 0.27158556662680017, 0.33775753670347625, 0.6003617895902439, 0.6003617895902439, 0.4395996433119571, 0.4395996433119571, 1.1875465154679201, 1.0059670165567058, 1.1204344757280544, 1.0892804700351515, 1.1781931549622924, 1.1415212306391858, 1.1781931549622924, 1.1197759775955192, 1.1781931549622924, 1.1415212306391858, 1.189615053031862], [0.0768159983336805, 0.153631996667361, 0.1688787683517381, 0.18150912263575067, 0.2778503078997756, 0.3420972119149757, 0.6040362585143377, 0.6040362585143377, 0.4418311279210645, 0.4418311279210645, 1.2037910888522148, 1.1802780851985688, 1.1769404239807555, 1.1537326525673097, 1.1569247622900984, 1.1706566608532156, 1.1769404239807555, 1.1311356813397764, 1.191473666347687, 1.1769404239807555]], "SS": [[0.0, 0.23044799500104143, 0.3236315534678285, 0.342097211914976, 0.4276933780174764, 0.6003617895902438, 0.6003617895902438, 0.6003617895902438, 0.6003617895902438, 1.123502363860442, 0.991690274228804, 1.1087434329005066, 1.0901829395106128, 1.1197759775955192, 1.093560566955484, 1.125251687401534, 1.1031857867104704, 1.125251687401534, 1.110294588656542, 1.1087434329005066], [0.0, 0.12738492218469186, 0.13488446018722836, 0.25476984436938377, 0.27785030789977544, 0.3630182452715014, 0.6003617895902438, 0.6003617895902438, 0.6003617895902438, 0.616525157961944, 1.137853856345357, 1.0464564633084357, 1.1087434329005066, 1.0662399999999999, 1.1197759775955192, 1.1031857867104704, 1.125251687401534, 1.0976000000000001, 1.1087434329005066, 1.0993905395263324]]}