{"CC": [[0.1288135593220339, 0.1380681818181818, 0.1348314606741573, 0.12651933701657458, 0.13646408839779006, 0.13480662983425415, 0.13259668508287292, 0.13646408839779006, 0.13535911602209943, 0.13259668508287292, 0.1292817679558011, 0.13425414364640884, 0.13591160220994475, 0.13591160220994475, 0.13535911602209943, 0.13701657458563535, 0.1287292817679558, 0.13535911602209943, 0.12596685082872927, 0.13259668508287292], [0.09116022099447514, 0.11666666666666665, 0.12499999999999999, 0.12698412698412698, 0.13020833333333334, 0.12708333333333333, 0.13020833333333334, 0.12916666666666668, 0.12797927461139896, 0.12628865979381443, 0.1296875, 0.13020833333333334, 0.13020833333333334, 0.13020833333333334, 0.13020833333333334, 0.13020833333333334, 0.13020833333333334, 0.13020833333333334, 0.13020833333333334, 0.1288659793814433]], "CN": [[0.11607142857142858, 0.12731958762886597, 0.12371134020618556, 0.12295918367346939, 0.12551020408163266, 0.1239795918367347, 0.11479591836734694, 0.125, 0.12653061224489795, 0.12551020408163266, 0.12653061224489795, 0.1229591836734694, 0.12244897959183673, 0.12346938775510204, 0.12244897959183673, 0.12244897959183673, 0.12244897959183673, 0.12091836734693877, 0.12448979591836734, 0.12346938775510204], [0.0981366459627329, 0.1201086956521739, 0.12295918367346939, 0.12142857142857141, 0.12575757575757576, 0.12474747474747475, 0.12448979591836734, 0.12755102040816327, 0.12755102040816327, 0.12755102040816327, 0.12755102040816327, 0.12755102040816327, 0.12755102040816327, 0.12755102040816327, 0.12755102040816327, 0.12755102040816327, 0.12755102040816327, 0.12755102040816327, 0.12755102040816327, 0.12755102040816327]], "CS": [[0.12513966480446925, 0.13559322033898308, 0.1287292817679558, 0.13812154696132597, 0.1298913043478261, 0.12445652173913042, 0.12864864864864864, 0.12459016393442623, 0.13027027027027027, 0.1297297297297297, 0.13064516129032255, 0.127027027027027, 0.13064516129032258, 0.1297297297297297, 0.13064516129032258, 0.12756756756756757, 0.13333333333333333, 0.13027027027027027, 0.13440860215053763, 0.127027027027027], [0.08050314465408805, 0.11787709497206705, 0.12031250000000002, 0.11216931216931217, 0.12324324324324325, 0.12648648648648647, 0.12717391304347825, 0.12554347826086956, 0.1313186813186813, 0.13206521739130433, 0.13152173913043477, 0.1297297297297297, 0.13043478260869565, 0.1297297297297297, 0.1324324324324324, 0.13135135135135134, 0.13315217391304346, 0.1324324324324324, 0.13152173913043477, 0.1297297297297297]], "NC": [[0.12094594594594596, 0.13783783783783782, 0.13175675675675677, 0.12739726027397258, 0.1310810810810811, 0.13851351351351351, 0.1232876712328767, 0.1296551724137931, 0.12937062937062938, 0.12083333333333333, 0.13098591549295777, 0.12323943661971831, 0.12746478873239434, 0.1274647887323944, 0.13028169014084506, 0.12042253521126763, 0.13521126760563382, 0.1274647887323944, 0.12464788732394366, 0.1323943661971831], [0.0890374331550802, 0.11629213483146064, 0.12696629213483146, 0.12189349112426037, 0.12839506172839504, 0.13416149068322983, 0.13664596273291924, 0.14088050314465406, 0.1490566037735849, 0.14713375796178343, 0.15063291139240506, 0.15161290322580645, 0.15512820512820513, 0.15419354838709676, 0.15483870967741933, 0.15483870967741933, 0.15806451612903225, 0.1567741935483871, 0.15806451612903225, 0.15705128205128205]], "NN": [[0.1188811188811189, 0.13472222222222222, 0.12993197278911564, 0.14362416107382553, 0.12960526315789472, 0.13552631578947366, 0.13421052631578947, 0.13112582781456952, 0.1355263157894737, 0.14407894736842103, 0.13071895424836602, 0.13790849673202615, 0.1392156862745098, 0.13464052287581701, 0.1287581699346405, 0.13594771241830067, 0.1372549019607843, 0.13333333333333333, 0.13594771241830067, 0.1326797385620915], [0.0825, 0.11898734177215192, 0.14140127388535031, 0.14374999999999996, 0.14935897435897436, 0.15408805031446537, 0.15414012738853503, 0.15632911392405063, 0.1554140127388535, 0.15859872611464967, 0.1592356687898089, 0.1582278481012658, 0.1573248407643312, 0.1582278481012658, 0.15796178343949044, 0.1582278481012658, 0.1573248407643312, 0.1582278481012658, 0.15759493670886074, 0.1582278481012658]], "NS": [[0.12266666666666669, 0.1335483870967742, 0.12151898734177215, 0.13270440251572327, 0.1279503105590062, 0.11242236024844718, 0.12312499999999998, 0.11132075471698112, 0.12098765432098764, 0.110828025477707, 0.10632911392405063, 0.11582278481012656, 0.11210191082802547, 0.11538461538461538, 0.10064516129032258, 0.11419354838709676, 0.11282051282051281, 0.11217948717948717, 0.11217948717948717, 0.11538461538461538], [0.0785276073619632, 0.11675977653631285, 0.11704545454545455, 0.12402234636871509, 0.11744186046511627, 0.11566265060240964, 0.1271604938271605, 0.13184713375796178, 0.1357142857142857, 0.13821656050955416, 0.13246753246753246, 0.13677419354838707, 0.13376623376623378, 0.13636363636363635, 0.13974358974358975, 0.13860759493670885, 0.1341772151898734, 0.1449367088607595, 0.13734177215189872, 0.1360759493670886]], "SC": [[0.12074829931972789, 0.13733333333333336, 0.12108843537414968, 0.11959459459459461, 0.1186206896551724, 0.1201388888888889, 0.123943661971831, 0.12357142857142861, 0.11151079136690648, 0.10214285714285715, 0.12056737588652484, 0.10425531914893617, 0.11571428571428574, 0.11285714285714286, 0.10638297872340426, 0.1085714285714286, 0.11357142857142859, 0.1177304964539007, 0.10642857142857143, 0.09785714285714285], [0.08511235955056179, 0.11311475409836065, 0.12011173184357542, 0.1272727272727273, 0.13636363636363638, 0.14276729559748425, 0.14374999999999996, 0.14423076923076922, 0.14545454545454545, 0.14709677419354839, 0.1431372549019608, 0.14805194805194805, 0.1487012987012987, 0.1503267973856209, 0.15359477124183005, 0.1525974025974026, 0.1503267973856209, 0.15228758169934642, 0.14935064935064934, 0.15228758169934642]], "SN": [[0.10785714285714286, 0.13611111111111113, 0.12260273972602742, 0.1145833333333333, 0.14615384615384616, 0.125531914893617, 0.13499999999999998, 0.10928571428571429, 0.11726618705035971, 0.1251798561151079, 0.13525179856115108, 0.13669064748201443, 0.11510791366906475, 0.13741007194244606, 0.11870503597122303, 0.11582733812949642, 0.11654676258992809, 0.12589928057553956, 0.12158273381294964, 0.11366906474820145], [0.08509316770186334, 0.12516129032258064, 0.15194805194805194, 0.15460526315789472, 0.14342105263157895, 0.15369127516778525, 0.15034013605442179, 0.1582191780821918, 0.15172413793103448, 0.1652777777777778, 0.1625, 0.16666666666666666, 0.16597222222222222, 0.16736111111111113, 0.16319444444444445, 0.16095890410958905, 0.16875, 0.16875, 0.17083333333333336, 0.1701388888888889]], "SS": [[0.09838274932614556, 0.12916666666666668, 0.13541666666666663, 0.12312925170068025, 0.11986301369863013, 0.12068965517241378, 0.12230215827338133, 0.12554744525547448, 0.11824817518248175, 0.09999999999999998, 0.12366412213740458, 0.11212121212121211, 0.11538461538461538, 0.10999999999999999, 0.09448818897637794, 0.11507936507936507, 0.09920634920634917, 0.10317460317460318, 0.11666666666666665, 0.11735537190082644], [0.08603298920137652, 0.11851851851851854, 0.13353658536585364, 0.12272727272727271, 0.13509933774834437, 0.13517241379310344, 0.14142857142857143, 0.145985401459854, 0.1551470588235294, 0.16062992125984252, 0.15606060606060607, 0.16016260162601625, 0.16370967741935485, 0.15528455284552847, 0.16178861788617885, 0.15934959349593497, 0.16178861788617885, 0.16585365853658535, 0.16585365853658535, 0.16666666666666666]]}