{"CC": [[0.13144654088050314, 0.13575757575757574, 0.13006134969325156, 0.1251497005988024, 0.12941176470588237, 0.13076923076923078, 0.1349112426035503, 0.13727810650887576, 0.13352941176470587, 0.13214285714285715, 0.12958579881656807, 0.13273809523809524, 0.1353293413173653, 0.14156626506024098, 0.13614457831325302, 0.14277108433734942, 0.14036144578313253, 0.14337349397590363, 0.13855421686746988, 0.14337349397590363], [0.07976878612716762, 0.1235632183908046, 0.13448275862068965, 0.13218390804597702, 0.13488372093023254, 0.13942857142857143, 0.13699421965317918, 0.14046242774566473, 0.13699421965317918, 0.13920454545454544, 0.13918128654970763, 0.14327485380116958, 0.14327485380116958, 0.14327485380116958, 0.1411764705882353, 0.13846153846153847, 0.14023668639053255, 0.14082840236686392, 0.14201183431952663, 0.14201183431952663]], "CN": [[0.13233333333333333, 0.15129870129870124, 0.15128205128205127, 0.15063291139240503, 0.1430379746835443, 0.15253164556962023, 0.14842767295597484, 0.14968553459119496, 0.14654088050314465, 0.1490566037735849, 0.1459119496855346, 0.1509433962264151, 0.15157232704402515, 0.15723270440251572, 0.15283018867924528, 0.15345911949685534, 0.1559748427672956, 0.1509433962264151, 0.1559748427672956, 0.15723270440251572], [0.0844155844155844, 0.1259259259259259, 0.1387878787878788, 0.13902439024390245, 0.14491017964071856, 0.14011976047904193, 0.14606060606060609, 0.14363636363636365, 0.14277108433734942, 0.14424242424242423, 0.14634146341463414, 0.14727272727272725, 0.14484848484848487, 0.14634146341463414, 0.14329268292682926, 0.14329268292682926, 0.14268292682926828, 0.14601226993865032, 0.15153374233128836, 0.15123456790123455]], "CS": [[0.13557046979865772, 0.15266666666666664, 0.14630872483221474, 0.14966442953020132, 0.14697986577181207, 0.14864864864864866, 0.14489795918367346, 0.1534722222222222, 0.1534246575342466, 0.15174825174825177, 0.16153846153846155, 0.1591549295774648, 0.1535211267605634, 0.16126760563380282, 0.15673758865248227, 0.15460992907801419, 0.15281690140845072, 0.1460431654676259, 0.1548148148148148, 0.16015625], [0.09699248120300752, 0.14178082191780828, 0.14189189189189189, 0.13790849673202613, 0.14370860927152318, 0.1476510067114094, 0.1547945205479452, 0.156, 0.1579310344827586, 0.16027397260273973, 0.14545454545454548, 0.1524822695035461, 0.14014084507042254, 0.14042553191489363, 0.1407142857142857, 0.1411764705882353, 0.14179104477611942, 0.14516129032258063, 0.14152542372881355, 0.16346153846153846]], "NC": [[0.12, 0.13928571428571426, 0.1268115942028986, 0.14326241134751777, 0.13941605839416055, 0.14817518248175182, 0.14198473282442745, 0.14307692307692305, 0.1408, 0.15564516129032258, 0.1540983606557377, 0.15737704918032788, 0.15853658536585366, 0.1620967741935484, 0.15806451612903225, 0.14838709677419354, 0.1584, 0.16269841269841268, 0.15905511811023626, 0.15234375], [0.0873529411764706, 0.12795031055900621, 0.14437499999999998, 0.13354430379746837, 0.13354430379746837, 0.14391891891891892, 0.15, 0.14577464788732394, 0.16000000000000003, 0.15367647058823528, 0.1656934306569343, 0.15777777777777777, 0.1567164179104478, 0.1582089552238806, 0.16691176470588232, 0.15703703703703703, 0.15955882352941175, 0.1583941605839416, 0.14855072463768115, 0.15467625899280577]], "NN": [[0.12043795620437955, 0.13916083916083916, 0.14265734265734267, 0.14895104895104896, 0.13931034482758625, 0.145578231292517, 0.14726027397260275, 0.13767123287671232, 0.1413793103448276, 0.14758620689655172, 0.14275862068965517, 0.1482758620689655, 0.15517241379310345, 0.14, 0.1496551724137931, 0.1482758620689655, 0.14482758620689656, 0.1503448275862069, 0.14930555555555555, 0.14825174825174828], [0.08815789473684212, 0.1328947368421053, 0.14838709677419357, 0.1456953642384106, 0.1448051948051948, 0.15789473684210525, 0.15483870967741933, 0.14640522875816991, 0.1539473684210526, 0.152317880794702, 0.15460526315789472, 0.1503311258278146, 0.15827814569536422, 0.1609271523178808, 0.15695364238410597, 0.16026490066225166, 0.16026490066225166, 0.16000000000000003, 0.16308724832214766, 0.16666666666666666]], "NS": [[0.1107638888888889, 0.14055944055944058, 0.14421768707482993, 0.13219178082191782, 0.12758620689655173, 0.13071428571428573, 0.14676258992805755, 0.1338129496402878, 0.13529411764705881, 0.14887218045112782, 0.13582089552238805, 0.14029850746268657, 0.13432835820895522, 0.1451851851851852, 0.14104477611940297, 0.1373134328358209, 0.1459259259259259, 0.14402985074626862, 0.13656716417910444, 0.14384615384615385], [0.09242424242424242, 0.1401360544217687, 0.14932432432432433, 0.13870967741935483, 0.13245033112582782, 0.1564625850340136, 0.14726027397260275, 0.1415492957746479, 0.14859154929577467, 0.15144927536231886, 0.1470149253731343, 0.15220588235294116, 0.1514705882352941, 0.1496296296296296, 0.1536764705882353, 0.15111111111111108, 0.1537313432835821, 0.158955223880597, 0.16093749999999998, 0.17131147540983607]], "SC": [[0.10992366412213739, 0.1462121212121212, 0.11417322834645668, 0.12992125984251968, 0.13675213675213677, 0.1348214285714286, 0.14205607476635512, 0.14134615384615387, 0.1425742574257426, 0.143, 0.13298969072164946, 0.15445544554455448, 0.14526315789473684, 0.1468085106382979, 0.15638297872340426, 0.15326086956521737, 0.15934065934065933, 0.15384615384615385, 0.15164835164835166, 0.12696629213483146], [0.08546511627906976, 0.12389937106918242, 0.14052287581699344, 0.1414965986394558, 0.14685314685314685, 0.14772727272727268, 0.1640625, 0.15086206896551724, 0.17391304347826084, 0.17232142857142857, 0.16636363636363632, 0.17169811320754716, 0.17747747747747744, 0.1524271844660194, 0.17058823529411762, 0.15544554455445544, 0.16, 0.16262626262626262, 0.1653061224489796, 0.17010309278350516]], "SN": [[0.11911764705882352, 0.13211678832116788, 0.1411764705882353, 0.1388059701492537, 0.150381679389313, 0.15648854961832065, 0.1576923076923077, 0.144, 0.14552845528455285, 0.15284552845528457, 0.1418032786885246, 0.15203252032520326, 0.13688524590163934, 0.1371900826446281, 0.1512396694214876, 0.1619834710743802, 0.14132231404958678, 0.145, 0.14098360655737704, 0.1368421052631579], [0.0864516129032258, 0.1292207792207792, 0.14090909090909093, 0.13999999999999999, 0.1406896551724138, 0.14609929078014186, 0.15492957746478875, 0.16086956521739135, 0.16119402985074624, 0.1621212121212121, 0.16865671641791044, 0.16201550387596897, 0.16842105263157892, 0.16356589147286818, 0.1645669291338583, 0.16796875, 0.16640625, 0.16929133858267717, 0.1661290322580645, 0.1846774193548387]], "SS": [[0.10157480314960628, 0.15340909090909094, 0.15714285714285714, 0.14338235294117646, 0.1434108527131783, 0.13622047244094485, 0.1376, 0.1484126984126984, 0.1403225806451613, 0.15793650793650793, 0.13983739837398373, 0.15365853658536582, 0.15, 0.15327868852459017, 0.15702479338842976, 0.14710743801652895, 0.15121951219512192, 0.15772357723577235, 0.14916666666666667, 0.13362068965517243], [0.08732394366197183, 0.13216783216783212, 0.14583333333333334, 0.13714285714285712, 0.14000000000000004, 0.14661654135338345, 0.15, 0.15267175572519084, 0.1601503759398496, 0.15348837209302327, 0.1549618320610687, 0.1515625, 0.16, 0.14881889763779524, 0.14883720930232558, 0.15317460317460319, 0.15289256198347106, 0.14710743801652898, 0.14957264957264957, 0.15937500000000002]]}