{
    "CC": [1.1538948171176695, 0.9081189880519411], 
    "CN": [0.040868505876644576, 0.2677536250181409], 
    "CS": [0.05094531794994587, 2.085148685288669], 
    "NC": [0.37857486695477105, 0.623987823390412], 
    "NN": [0.24941701220789986, 0.10079221398382683], 
    "NS": [0.2854014816237598, 0.2657309115127556], 
    "SC": [0.6075689369863724, 0.5802352533077515], 
    "SN": [0.47964474234192117, 0.6978722992962543], 
    "SS": [0.07947382982320789, 0.08761806806572034]
}