{"CC": [[0.0341006240372541, 0.005522075305729914, 0.024000010729895806, 0.04308331724286234, 0.06282854093163721, 0.062438428305014435, 0.06263348167703334, 0.062438428305014435, 0.062438428305014435, 0.062438428305014435, 0.062438428305014435, 0.062438428305014435, 0.062438428305014435, 0.062438428305014435, 0.062438428305014435, 0.062438428305014435, 0.062438428305014435, 0.062438428305014435, 0.1337242731049651, 0.1364710329977751], [0.08878428822807202, 0.08937228685514384, 0.08741229150310668, 0.06786784736341994, 0.04954067513421305, 0.029778433510060702, 0.01157376743668847, 0.011236943208833557, 0.011073293812672675, 0.010910710840535876, 0.011073293812672675, 0.011073293812672675, 0.011073293812672675, 0.011073293812672675, 0.011073293812672675, 0.011073293812672675, 0.011073293812672675, 0.011073293812672675, 0.011073293812672675, 0.1866835908805272]], "CN": [[0.03410033996197654, 0.005918885524048527, 0.024191680142343294, 0.04269470259960845, 0.06243886525066166, 0.06165868245747282, 0.06126862815817791, 0.061463652168533826, 0.061463652168533826, 0.06126862815817791, 0.061463652168533826, 0.061463652168533826, 0.06126862815817791, 0.06126862815817791, 0.06126862815817791, 0.06126862815817791, 0.06126862815817791, 0.06126862815817791, 0.061148381891728984, 0.060798632013529204], [0.030768683322252778, 0.04566414367240307, 0.03042847301683598, 0.007876725618725555, 0.014338111609995843, 0.033386342102799234, 0.05269483070924564, 0.05211086134167461, 0.05250016420128639, 0.05211086134167461, 0.05211086134167461, 0.05250016420128639, 0.05250016420128639, 0.052305507708250605, 0.052305507708250605, 0.052305507708250605, 0.05444726234173044, 0.05542115467318107, 0.057564453060469666, 0.05873392025997136]], "CS": [[0.06614539937856125, 0.025731393536750573, 0.007548637826069817, 0.013413170133459735, 0.03135667193917007, 0.050489937366552336, 0.06946804276562032, 0.08885326758122676, 0.10765646221554652, 0.12665969609814925, 0.1264634661316229, 0.1264634661316229, 0.12665969609814925, 0.1264634661316229, 0.1264634661316229, 0.1264634661316229, 0.12665969609814925, 0.12665969609814925, 0.12666010795645818, 0.12249623083195828], [0.00627111534688221, 0.005794489654976731, 0.01802911425271232, 0.05709668432350467, 0.09450506459567927, 0.11331424550995496, 0.11252909024433776, 0.1123327989083536, 0.11252909024433776, 0.11213650655401791, 0.11194021317600956, 0.11076243110838324, 0.11154762332751364, 0.11174391876897209, 0.11154762332751364, 0.1089956859377398, 0.10467658670684096, 0.09526193561920779, 0.08587561813806233, 0.07212401325859105]], "NC": [[0.010581855682198346, 0.013521464034122117, 0.014109405559595976, 0.11233279890582783, 0.11213650655134158, 0.1121365065523878, 0.1120071632987535, 0.1123039332254736, 0.11230393322547097, 0.11230393322547075, 0.11230393322547128, 0.1123039332254718, 0.11230393322547232, 0.11230393322547284, 0.11230393322547284, 0.11230393322547284, 0.11249993294491396, 0.11249993294491474, 0.11249994066593005, 0.11269624397061222], [0.08800029008724868, 0.10466025646253627, 0.10430435733320914, 0.10434044509476931, 0.14349444731878305, 0.16269933445467738, 0.18227618119764022, 0.18227618119764022, 0.1822555502187073, 0.18227618119764022, 0.18227618119764022, 0.18227618119764022, 0.18227618119764022, 0.18227618119764022, 0.18227618119764022, 0.1818841814154778, 0.18149218163425418, 0.18149218163425418, 0.18149218163425418, 0.18110018197093553]], "NN": [[0.01410940555940257, 0.01803991031311193, 0.016657209943866533, 0.05631086545131588, 0.11449195443481551, 0.015873290730429254, 0.016082757725580103, 0.11367596585655868, 0.11367596585649553, 0.11367596585649553, 0.11387196649065794, 0.11367596585649553, 0.11367596585649553, 0.11367596585649553, 0.11367596585649553, 0.11367596585649553, 0.11367596585649553, 0.11347996521949132, 0.11387224227411176, 0.1154402400665555], [0.030180695151860556, 0.07260871232216412, 0.11491812519335014, 0.13176191855195923, 0.12822934276653172, 0.12626707662807007, 0.12626726569600857, 0.125679560607738, 0.08612749482237297, 0.12563196513292568, 0.12543600879726255, 0.12543596539428933, 0.12523996565965934, 0.12523996565965934, 0.12504396592900535, 0.12406396733446677, 0.12347596822397232, 0.12131997177597538, 0.11916397578181352, 0.1144602414393358]], "NS": [[0.008426320628400409, 0.011510663638506937, 0.011645233528490307, 0.011963648771199903, 0.011063691878206515, 0.010746207126177014, 0.009957177920003502, 0.00935201473650443, 0.008499257361208002, 0.008232726184448338, 0.007177249883986575, 0.007280987770372015, 0.007177249883986575, 0.007177249883986575, 0.0070774207453425855, 0.00698166803903396, 0.006890161731820254, 0.0068901617754109565, 0.007975830375869117, 0.09603627247260837], [0.0021614694298487474, 0.004116783138633549, 0.005279787606265295, 0.003921749826394563, 0.004813131245494116, 0.0070974866671425834, 0.007609378735660109, 0.008493790876767514, 0.008493790876767514, 0.009645273810129354, 0.010106018185643557, 0.009199049009059771, 0.009199049009059771, 0.009645273810129354, 0.010420298934652267, 0.011724334678406239, 0.016287150857083096, 0.022600387388593143, 0.028879066005938425, 0.04258866862212541]], "SC": [[0.017637137487047726, 0.014109405591078284, 0.01410940556464894, 0.014109405591086262, 0.01430538718000928, 0.014109405591086262, 0.014501369273397735, 0.014501369273397735, 0.014501369273397735, 0.014501369273397735, 0.01490439608899136, 0.015295701119483909, 0.015491373310725705, 0.016478086627407587, 0.01666013769150953, 0.016478086627407587, 0.01666013769151088, 0.08251230325169759, 0.08212030516524083, 0.06781235280872505], [0.08996028550020146, 0.08329630197895009, 0.08094430844434293, 0.07820031648005056, 0.07663232133091076, 0.07604432320168733, 0.07486832703162327, 0.07565232446506885, 0.07486832703162327, 0.07447632833521609, 0.07369233098411657, 0.07349673226761234, 0.07290901192288457, 0.07271301626248623, 0.07238485673308179, 0.07160371207260406, 0.07160371207260406, 0.07160371207260406, 0.11064237335928936, 0.14976534322390697]], "SN": [[0.01407362807322998, 0.009406563107490811, 0.011756760561997832, 0.014107928597070482, 0.017243468696912893, 0.01959540916044889, 0.022731569866690678, 0.023319606365242284, 0.02410365312412192, 0.02429966437741214, 0.02429966437741214, 0.02429966437961549, 0.024495675441453927, 0.024495675441453927, 0.024495675441453927, 0.02449626740058773, 0.024693421833730696, 0.02449984414059579, 0.07330033232985946, 0.05291642988434092], [0.02684877204395775, 0.016704768243761818, 0.012575703949410898, 0.007886492979366467, 0.004871899413540364, 0.004535071885777657, 0.006878150433458871, 0.008568106423839043, 0.009631336890560683, 0.00927390107801547, 0.010718158635663343, 0.010718158635663343, 0.011084480043901916, 0.011268289010821558, 0.011637101078959633, 0.012193033326832652, 0.01275293762327718, 0.014066932957941057, 0.01558157358964817, 0.08119850330018723]], "SS": [[0.009993972162899399, 0.010001024094392229, 0.0143123461070413, 0.01666486635045254, 0.021758949882038938, 0.02508936053401053, 0.028616227133605145, 0.02920407565865119, 0.029987886870325414, 0.029987886870325556, 0.02959597946245057, 0.02959597946245057, 0.029987886870325556, 0.030379797702501515, 0.030770113967690426, 0.03116204111763299, 0.031553971218184436, 0.03370963328888653, 0.06243886659547109, 0.04292051173726834], [0.0021921086564219306, 0.003928457870182688, 0.008045551180801733, 0.015487207570672118, 0.020777930744201114, 0.026069001002337996, 0.028225220135710074, 0.02763650052059168, 0.027440558600824165, 0.028028387855295184, 0.028028387855295184, 0.029987886870325556, 0.029791932727384805, 0.030771711790308125, 0.03175151023716877, 0.033905606040525525, 0.04017695307671841, 0.042724775009139286, 0.04566461048615157, 0.0441407158781351]]}