{"gpt": [0.6073170731707317, 0.624390243902439, 0.6170731707317072, 0.4951219512195122, 0.4658536585365854, 0.4536585365853658, 0.40487804878048783, 0.4073170731707317, 0.35365853658536583, 0.3268292682926829, 0.35609756097560974, 0.32926829268292684, 0.30975609756097566, 0.3268292682926829, 0.3414634146341463, 0.24444444444444446, 0.35, 0.35250000000000004, 0.3625, 0.305], "claude": [0.2975609756097561, 0.3804878048780488, 0.3390243902439024, 0.2902439024390244, 0.29756097560975614, 0.2926829268292683, 0.2804878048780488, 0.27317073170731704, 0.27560975609756094, 0.2390243902439024, 0.25121951219512195, 0.2536585365853658, 0.23170731707317074, 0.24878048780487802, 0.24390243902439024, 0.3382716049382716, 0.22999999999999998, 0.23000000000000004, 0.20750000000000002, 0.20750000000000002]}