{"gpt": [0.966, 0.98, 0.982, 0.991, 0.986, 0.99, 0.977, 0.9889999999999999, 0.992, 0.988, 0.99, 0.993, 0.995, 0.973, 0.985, 0.986, 0.995, 0.996, 0.9839999999999999, 0.993], "claude": [0.9960000000000001, 0.9830000000000002, 0.995, 0.997, 0.9990000000000001, 0.997, 1.0, 1.0, 0.9990000000000001, 1.0, 1.0, 1.0, 1.0, 1.0, 1.0, 1.0, 1.0, 1.0, 1.0, 1.0]}