{"gpt": [0.302, 0.4200000000000001, 0.41400000000000003, 0.44900000000000007, 0.4500000000000001, 0.42600000000000016, 0.441, 0.418, 0.387, 0.39299999999999996, 0.428, 0.3990000000000001, 0.44600000000000006, 0.42900000000000005, 0.39800000000000013, 0.41900000000000004, 0.3940000000000001, 0.39799999999999996, 0.42600000000000016, 0.3559999999999999], "claude": [0.9854999999999999, 0.9330000000000002, 0.9100000000000001, 0.8810000000000003, 0.9025000000000002, 0.9190000000000002, 0.9150000000000001, 0.915, 0.912, 0.912, 0.925, 0.8999999999999999, 0.912, 0.91, 0.9059999999999999, 0.917, 0.9059999999999999, 0.9179999999999999, 0.903, 0.92]}