{"gpt": [0.5940000000000001, 0.7640000000000002, 0.746, 0.7309999999999998, 0.7110000000000001, 0.7319999999999998, 0.746, 0.7179999999999999, 0.7189999999999999, 0.7709999999999999, 0.7829999999999999, 0.772, 0.7449999999999999, 0.7659999999999999, 0.7560000000000001, 0.732, 0.7620000000000001, 0.7490000000000001, 0.77, 0.7260000000000001], "claude": [0.5259999999999999, 0.687, 0.8590000000000002, 0.8910000000000003, 0.8860000000000001, 0.8989999999999999, 0.9300000000000002, 0.912, 0.9399999999999998, 0.953, 0.9329999999999999, 0.9390000000000001, 0.915, 0.919, 0.893, 0.909, 0.897, 0.898, 0.91, 0.8980000000000001]}