{"gpt": [0.937, 0.9079999999999998, 0.926, 0.9040000000000002, 0.8860000000000001, 0.898, 0.888, 0.8869999999999999, 0.88, 0.8949999999999999, 0.8909999999999999, 0.884, 0.8950000000000001, 0.8960000000000001, 0.8969999999999999, 0.9020000000000001, 0.8799999999999999, 0.907, 0.8980000000000001, 0.9020000000000001], "claude": [0.25999999999999995, 0.22899999999999995, 0.17300000000000001, 0.153, 0.15, 0.14999999999999997, 0.147, 0.144, 0.145, 0.142, 0.146, 0.14699999999999996, 0.15000000000000002, 0.13999999999999999, 0.14500000000000002, 0.12099999999999998, 0.11900000000000001, 0.11599999999999999, 0.11200000000000002, 0.085]}