{"gpt": [0.301, 0.26399999999999996, 0.23999999999999994, 0.114, 0.085, 0.06599999999999999, 0.04, 0.045, 0.038000000000000006, 0.031, 0.024, 0.019, 0.026000000000000002, 0.019, 0.013999999999999999, 0.022000000000000002, 0.017, 0.021, 0.019, 0.006999999999999999], "claude": [0.283, 0.155, 0.09, 0.086, 0.05399999999999999, 0.053, 0.02, 0.03, 0.026000000000000002, 0.016, 0.017, 0.013999999999999999, 0.013000000000000001, 0.019000000000000003, 0.008, 0.006, 0.005, 0.005, 0.001, 0.0]}