{"gpt": [0.44599999999999995, 0.535, 0.5109999999999999, 0.5110000000000001, 0.46600000000000014, 0.5059999999999998, 0.465, 0.4850000000000001, 0.493, 0.498, 0.504, 0.48700000000000004, 0.4610000000000001, 0.47600000000000003, 0.449, 0.485, 0.486, 0.48499999999999993, 0.47000000000000014, 0.3629999999999999], "claude": [0.9684999999999999, 0.894, 0.9420000000000005, 0.9330000000000002, 0.935, 0.9460000000000004, 0.9500000000000002, 0.964, 0.9500000000000003, 0.9640000000000001, 0.963, 0.9580000000000001, 0.956, 0.961, 0.9619999999999999, 0.9600000000000002, 0.954, 0.9620000000000001, 0.961, 0.965]}