{"gpt": [0.4590000000000001, 0.551, 0.5010000000000001, 0.45, 0.44800000000000006, 0.434, 0.425, 0.4279999999999998, 0.40800000000000003, 0.4210000000000001, 0.424, 0.43000000000000005, 0.419, 0.37799999999999995, 0.38299999999999995, 0.377, 0.38, 0.384, 0.385, 0.25099999999999995], "claude": [0.5485000000000002, 0.6659999999999999, 0.7899999999999998, 0.79, 0.7850000000000001, 0.7730000000000001, 0.7879999999999999, 0.77, 0.7829999999999998, 0.7989999999999999, 0.7469999999999999, 0.7369999999999999, 0.732, 0.735, 0.721, 0.726, 0.7030000000000001, 0.7210000000000001, 0.7210000000000001, 0.741]}