{"gpt": [0.4649999999999999, 0.513, 0.462, 0.4470000000000001, 0.41700000000000004, 0.40700000000000003, 0.3489999999999999, 0.34700000000000003, 0.35400000000000004, 0.3940000000000001, 0.38699999999999996, 0.358, 0.37400000000000005, 0.391, 0.365, 0.35700000000000004, 0.36599999999999994, 0.34700000000000003, 0.293, 0.19899999999999998], "claude": [0.501, 0.6969999999999998, 0.6789999999999998, 0.6459999999999999, 0.6759999999999999, 0.6420000000000001, 0.6630000000000001, 0.6869999999999998, 0.674, 0.661, 0.6429999999999998, 0.6289999999999999, 0.6040000000000001, 0.593, 0.5729999999999998, 0.5469999999999999, 0.525, 0.518, 0.508, 0.4639999999999999]}