{"gpt": [0.747, 0.8099999999999998, 0.835, 0.8469999999999999, 0.8360000000000001, 0.8500000000000001, 0.871, 0.86, 0.872, 0.861, 0.879, 0.8759999999999999, 0.8550000000000001, 0.8510000000000001, 0.8780000000000001, 0.85, 0.8690000000000002, 0.8340000000000001, 0.8539999999999999, 0.8759999999999999], "claude": [0.9570000000000001, 0.9470000000000002, 0.9740000000000002, 0.96, 0.9780000000000001, 0.975, 0.9890000000000001, 0.995, 0.996, 0.996, 0.995, 0.998, 0.997, 1.0, 0.9940000000000001, 1.0, 1.0, 1.0, 1.0, 1.0]}