{"llama": [0.14271356783919598, 0.5050000000000001, 0.21608040201005024, 0.254, 0.244, 0.22899999999999998, 0.217, 0.222, 0.21100000000000002, 0.21100000000000002, 0.215, 0.203, 0.191, 0.188, 0.193, 0.16482412060301507, 0.154, 0.155, 0.067, 0.0], "qwen": [0.457286432160804, 0.17299999999999996, 0.29748743718592957, 0.18899999999999997, 0.195, 0.192, 0.20600000000000002, 0.213, 0.2, 0.18900000000000003, 0.185, 0.195, 0.183, 0.185, 0.183, 0.19999999999999998, 0.18900000000000003, 0.179, 0.163, 0.018000000000000002]}