{"llama": [0.41700000000000004, 0.5790000000000001, 0.642, 0.6020000000000002, 0.601, 0.5990000000000001, 0.568, 0.5479999999999999, 0.537, 0.5529999999999999, 0.5379999999999999, 0.5119999999999999, 0.47900000000000004, 0.462, 0.4529999999999999, 0.387, 0.335, 0.29400000000000004, 0.081, 0.005], "qwen": [0.6459999999999999, 0.6900000000000002, 0.7250000000000001, 0.7000000000000002, 0.6780000000000002, 0.6890000000000001, 0.6810000000000003, 0.6509999999999999, 0.66, 0.671, 0.6729999999999999, 0.665, 0.6489999999999999, 0.6389999999999999, 0.6150000000000001, 0.589, 0.533, 0.4960000000000001, 0.45350000000000007, 0.21500000000000002]}