{"llama": [0.66, 0.7800000000000001, 0.86, 0.903, 0.911, 0.9119999999999999, 0.9159999999999998, 0.9279999999999999, 0.9259999999999998, 0.9250000000000002, 0.9259999999999999, 0.9259999999999999, 0.9250000000000002, 0.9239999999999999, 0.9259999999999999, 0.9119999999999999, 0.9019999999999999, 0.9209999999999999, 0.8149999999999998, 0.217], "qwen": [0.495, 0.834, 0.8680000000000001, 0.8949999999999997, 0.8919999999999999, 0.9200000000000002, 0.9149999999999998, 0.9099999999999998, 0.9309999999999999, 0.9209999999999999, 0.9200000000000002, 0.937, 0.932, 0.93, 0.932, 0.9309999999999999, 0.9279999999999999, 0.925, 0.9079999999999999, 0.418]}