{"llama": [0.5515463917525774, 0.7461139896373056, 0.8696969696969697, 0.8791878172588831, 0.8571428571428574, 0.883248730964467, 0.849746192893401, 0.8346938775510205, 0.8612244897959183, 0.798989898989899, 0.8422110552763821, 0.8641025641025641, 0.8122448979591836, 0.7887179487179488, 0.8112820512820512, 0.7695431472081218, 0.7402061855670102, 0.7271794871794871, 0.5416666666666666, 0.2793814432989691], "qwen": [0.5979381443298972, 0.8082901554404144, 0.8075757575757575, 0.883248730964467, 0.8959183673469389, 0.8751269035532995, 0.883248730964467, 0.8948979591836735, 0.8357142857142857, 0.8383838383838386, 0.8100502512562814, 0.8133333333333331, 0.8295918367346939, 0.802051282051282, 0.7384615384615385, 0.7116751269035533, 0.7237113402061854, 0.678974358974359, 0.5354166666666665, 0.17010309278350516]}