{"CC": [[0.11099554234769687, 0.11929307805596463, 0.12297496318114874, 0.12437591776798824, 0.12294117647058825, 0.124633431085044, 0.12790014684287812, 0.12609970674486803, 0.12785923753665687, 0.12624633431085044, 0.12888563049853372, 0.12844574780058648, 0.125366568914956, 0.1247800586510264, 0.12873900293255133, 0.12463343108504397, 0.1274193548387097, 0.12228739002932552, 0.12521994134897357, 0.12586206896551722], [0.10052521008403363, 0.09916230366492147, 0.1030687830687831, 0.10158730158730159, 0.10283911671924291, 0.10273972602739725, 0.1039957939011567, 0.1046267087276551, 0.1046218487394958, 0.10451206715634838, 0.10451680672268908, 0.10483193277310925, 0.10472689075630252, 0.10504201680672269, 0.10441176470588237, 0.10504201680672269, 0.10504201680672269, 0.10504201680672269, 0.10504201680672269, 0.10504201680672269]], "CN": [[0.11144130757800891, 0.123935389133627, 0.12300884955752214, 0.1251830161054173, 0.12140762463343106, 0.12346938775510201, 0.12325581395348838, 0.1195050946142649, 0.12081513828238719, 0.1199127906976744, 0.12008733624454147, 0.1222707423580786, 0.11845930232558138, 0.1193313953488372, 0.12311046511627907, 0.11816860465116279, 0.12238372093023257, 0.12340116279069768, 0.12060957910014515, 0.1222543352601156], [0.08384146341463415, 0.10997267759562833, 0.11885790172642761, 0.12316076294277928, 0.1273972602739726, 0.13146374829001367, 0.13278688524590163, 0.1326530612244898, 0.1345156889495225, 0.1348299319727891, 0.13156462585034012, 0.1335607094133697, 0.1324693042291951, 0.1309264305177112, 0.12956403269754765, 0.13010899182561309, 0.12987551867219918, 0.1314763231197772, 0.13465346534653466, 0.13537803138373752]], "CS": [[0.11070889894419308, 0.12283582089552243, 0.12177177177177177, 0.12462462462462462, 0.12412746585735965, 0.11856925418569257, 0.12064220183486238, 0.11638591117917305, 0.12419106317411402, 0.12383900928792572, 0.12124031007751938, 0.11844961240310076, 0.12105263157894738, 0.12170542635658917, 0.11782945736434108, 0.11705426356589149, 0.11795665634674923, 0.11934984520123836, 0.11996904024767802, 0.11378205128205127], [0.09722814498933903, 0.12966841186736475, 0.1258883248730964, 0.12961082910321486, 0.13505154639175257, 0.1363321799307958, 0.13832752613240418, 0.13769633507853402, 0.13832752613240418, 0.1356643356643357, 0.13012259194395795, 0.1336283185840708, 0.12776801405975394, 0.12736842105263152, 0.1274165202108963, 0.12446043165467628, 0.12284644194756553, 0.12921810699588474, 0.1337899543378995, 0.14414168937329702]], "NC": [[0.10488245931283904, 0.12288732394366193, 0.11628721541155868, 0.11431064572425825, 0.11363636363636365, 0.11153846153846154, 0.11541155866900175, 0.1195804195804196, 0.11608391608391608, 0.12010489510489512, 0.11783216783216786, 0.11520979020979022, 0.12045454545454547, 0.11503496503496502, 0.11800699300699302, 0.11800699300699304, 0.1169284467713787, 0.12251308900523561, 0.11780104712041885, 0.11968641114982573], [0.10137130801687762, 0.097427652733119, 0.10279269602577872, 0.10440386680988187, 0.10601503759398495, 0.10538213132400434, 0.10602798708288483, 0.10656620021528525, 0.1069967707212056, 0.10742734122712597, 0.10764262648008613, 0.10742734122712597, 0.10731969860064587, 0.1071044133476857, 0.10742734122712595, 0.10733549083063647, 0.1065945945945946, 0.10767567567567568, 0.10724324324324325, 0.10725893824485373]], "NN": [[0.10472854640980737, 0.10642978003384095, 0.1065068493150685, 0.11260647359454856, 0.10565068493150685, 0.10396551724137933, 0.11032702237521519, 0.11157167530224527, 0.11036269430051814, 0.105699481865285, 0.10706896551724142, 0.10535405872193439, 0.1060449050086356, 0.10500863557858378, 0.10535405872193435, 0.10379965457685668, 0.10915371329879102, 0.10155709342560557, 0.1077586206896552, 0.10510204081632653], [0.08177641653905053, 0.11291044776119402, 0.12813411078717202, 0.12857142857142856, 0.13379204892966362, 0.1406832298136646, 0.14394409937888197, 0.14773790951638063, 0.14827586206896554, 0.14874999999999997, 0.14741784037558686, 0.14804381846635367, 0.1470219435736677, 0.14858934169278995, 0.1467817896389325, 0.14477848101265822, 0.1449920508744038, 0.14886731391585764, 0.1505766062602965, 0.1565180102915952]], "NS": [[0.10664206642066422, 0.1150537634408602, 0.11202872531418309, 0.11561938958707359, 0.1127272727272727, 0.1098901098901099, 0.10942698706099814, 0.10986964618249538, 0.1064030131826742, 0.10548204158790173, 0.10826923076923076, 0.10786948176583494, 0.10807692307692308, 0.10500000000000001, 0.1069364161849711, 0.1117760617760618, 0.10348162475822054, 0.10676982591876208, 0.11142857142857142, 0.1028629856850716], [0.09705882352941178, 0.13499999999999995, 0.14236641221374047, 0.14484126984126985, 0.1454728370221328, 0.15146443514644348, 0.15648535564853555, 0.1547770700636943, 0.15222929936305735, 0.15550755939524838, 0.1539130434782609, 0.15257510729613735, 0.1465665236051503, 0.14146868250539957, 0.1423580786026201, 0.13711111111111116, 0.14481132075471695, 0.14512820512820515, 0.15546218487394958, 0.16901408450704225]], "SC": [[0.10851581508515813, 0.12470862470862472, 0.11911421911421909, 0.11911421911421914, 0.10887850467289723, 0.11794871794871789, 0.1088992974238876, 0.11358313817330214, 0.11545667447306793, 0.11662763466042156, 0.11858823529411765, 0.11513002364066194, 0.10924170616113746, 0.11306413301662709, 0.1069047619047619, 0.11520190023752969, 0.1157142857142857, 0.11547619047619045, 0.11244019138755985, 0.10521739130434779], [0.10109603340292275, 0.09675324675324676, 0.10328947368421058, 0.1038975501113586, 0.1050561797752809, 0.10665163472378811, 0.10783200908059025, 0.10892655367231638, 0.10783200908059026, 0.10967007963594996, 0.11005714285714285, 0.10961098398169337, 0.1097588978185993, 0.11045977011494254, 0.11095732410611302, 0.11123986095017382, 0.11054461181923521, 0.11147161066048668, 0.11135573580533023, 0.11181923522595595]], "SN": [[0.10674418604651165, 0.12163355408388521, 0.11360544217687077, 0.1048951048951049, 0.10847457627118647, 0.10822942643391521, 0.11038961038961038, 0.11204188481675388, 0.10793650793650796, 0.11167108753315652, 0.11246684350132626, 0.11405835543766579, 0.11143617021276596, 0.10053191489361701, 0.10186170212765956, 0.10026595744680852, 0.10133333333333333, 0.1021276595744681, 0.1032171581769437, 0.09330855018587358], [0.0862421383647799, 0.11384615384615385, 0.14056939501779356, 0.14738805970149255, 0.15213178294573645, 0.15807770961145198, 0.1669491525423729, 0.16666666666666666, 0.17171052631578945, 0.1744541484716157, 0.16599999999999998, 0.16377777777777774, 0.16339285714285712, 0.1644295302013423, 0.16202247191011235, 0.16425339366515837, 0.16013667425968112, 0.16689814814814816, 0.17004716981132076, 0.17898550724637682]], "SS": [[0.10333333333333332, 0.114, 0.10794392523364486, 0.1074519230769231, 0.10692307692307694, 0.10911528150134049, 0.09830985915492955, 0.09857954545454546, 0.10172413793103449, 0.11321839080459772, 0.11057142857142856, 0.10228571428571429, 0.10747126436781611, 0.11300578034682081, 0.10610465116279069, 0.10438596491228072, 0.1076470588235294, 0.1054711246200608, 0.09213836477987421, 0.09128440366972476], [0.10224489795918366, 0.1449064449064449, 0.14760869565217388, 0.15308056872037915, 0.1711392405063291, 0.17445652173913045, 0.18571428571428578, 0.19083333333333327, 0.18670360110803325, 0.1846368715083799, 0.17960893854748597, 0.1807471264367816, 0.1730659025787966, 0.17238372093023255, 0.1690265486725663, 0.1667682926829268, 0.17736486486486489, 0.18303886925795054, 0.18955223880597014, 0.20714285714285707]]}