{"CC": [[0.10650496141124585, 0.10804851157662623, 0.10826901874310915, 0.10926130099228225, 0.10871003307607496, 0.10915104740904079, 0.10771775082690187, 0.10904079382579933, 0.1093715545755237, 0.10893054024255788, 0.10915104740904079, 0.10948180815876515, 0.10970231532524807, 0.10727673649393604, 0.10859977949283352, 0.10871003307607496, 0.10970231532524807, 0.10981256890848952, 0.10848952590959204, 0.10948180815876515], [0.10030211480362539, 0.0990927419354839, 0.10010060362173039, 0.10020100502512563, 0.10040201005025128, 0.10020100502512563, 0.10050251256281408, 0.10050251256281408, 0.10040201005025128, 0.10050251256281408, 0.10050251256281408, 0.10050251256281408, 0.10050251256281408, 0.10050251256281408, 0.10050251256281408, 0.10050251256281408, 0.10050251256281408, 0.10050251256281408, 0.10050251256281408, 0.10050251256281408]], "CN": [[0.10876993166287016, 0.10888382687927108, 0.10954545454545454, 0.10919409761634503, 0.11065759637188209, 0.10987514188422245, 0.1100907029478458, 0.10997732426303852, 0.1098639455782313, 0.1111111111111111, 0.1100907029478458, 0.11031746031746031, 0.11031746031746031, 0.10997732426303856, 0.11020408163265305, 0.1100907029478458, 0.11088435374149659, 0.11020408163265305, 0.11065759637188209, 0.11167800453514738], [0.07781065088757398, 0.10431328036322363, 0.10567296996662959, 0.10834260289210232, 0.10955555555555556, 0.10967741935483868, 0.1096989966555184, 0.11069042316258353, 0.11135857461024498, 0.11135857461024498, 0.11113585746102449, 0.11124721603563476, 0.11135857461024498, 0.1111358574610245, 0.11057906458797327, 0.11069042316258353, 0.11035634743875278, 0.11016759776536314, 0.11082589285714285, 0.11051454138702461]], "CS": [[0.10492721164613662, 0.10377142857142856, 0.10631458094144661, 0.10390804597701153, 0.10302325581395351, 0.10417633410672855, 0.10385964912280701, 0.10398593200468932, 0.10316529894490035, 0.10629453681710213, 0.10519480519480517, 0.10461538461538462, 0.10591715976331363, 0.1060355029585799, 0.10615384615384615, 0.10674556213017754, 0.10352941176470587, 0.10670588235294118, 0.10614657210401891, 0.10674556213017754], [0.1220657276995305, 0.10088105726872244, 0.08781725888324873, 0.09107142857142857, 0.09933774834437085, 0.09433962264150941, 0.09999999999999999, 0.0929032258064516, 0.09354838709677418, 0.09793103448275861, 0.08848484848484849, 0.09483870967741932, 0.09090909090909093, 0.09032258064516129, 0.08787878787878789, 0.08344827586206896, 0.07933333333333334, 0.08592592592592592, 0.08000000000000002, 0.0787037037037037]], "NC": [[0.23559803668302765, 0.20942584375420198, 0.20784912676804568, 0.20950926356331756, 0.2025358692025359, 0.20954287620954287, 0.21287954621287955, 0.21321321321321318, 0.21087754421087754, 0.20887554220887555, 0.2222222222222222, 0.21821821821821819, 0.21287954621287955, 0.2205538872205539, 0.21554888221554888, 0.2232232232232232, 0.2178845512178846, 0.21187854521187854, 0.21761316872427985, 0.2216867469879518], [0.09220217012424806, 0.1308362304212926, 0.13232372455673427, 0.13420059063212592, 0.13438956197576887, 0.13625349487418453, 0.13718546132339235, 0.1373718546132339, 0.13718546132339238, 0.13774464119291707, 0.13774464119291707, 0.13793103448275862, 0.1373718546132339, 0.13793103448275862, 0.13793103448275862, 0.13793103448275862, 0.13793103448275862, 0.13793103448275862, 0.1360544217687075, 0.1360544217687075]], "NN": [[0.11379310344827588, 0.13992673992673996, 0.1353901996370236, 0.13194945848375447, 0.12998171846435103, 0.1345588235294117, 0.13866171003717473, 0.1352165725047081, 0.13643263757115748, 0.14657794676806082, 0.14801512287334592, 0.14704761904761904, 0.1419047619047619, 0.1467432950191571, 0.1448275862068966, 0.14022988505747128, 0.1459770114942529, 0.14376199616122842, 0.14779270633397312, 0.1426326129666012], [0.07839046199701936, 0.10717628705148206, 0.1354889589905363, 0.14301765650080261, 0.14359805510534848, 0.14884105960264898, 0.15551839464882944, 0.15379426644182126, 0.16040955631399315, 0.16207482993197278, 0.16086206896551725, 0.16189655172413794, 0.15913043478260872, 0.15954861111111113, 0.15584642233856894, 0.15919439579684763, 0.15764499121265377, 0.15865724381625443, 0.1616341030195382, 0.16151079136690652]], "NS": [[0.2760532150776053, 0.3121951219512195, 0.3371984539517526, 0.31536430013981664, 0.33275261324041816, 0.343680709534368, 0.32133178474641894, 0.3451839603141794, 0.31022678647839114, 0.2944407822456602, 0.3266950100693667, 0.3048780487804878, 0.28949167996352865, 0.30261969286359525, 0.3161698283649503, 0.22633744855967078, 0.324074074074074, 0.3263888888888889, 0.33564814814814814, 0.2798165137614679], [0.2807179015186378, 0.33671487157349456, 0.33566771311277466, 0.32249322493224936, 0.346001134429949, 0.37048471750540285, 0.37903757415952544, 0.37940379403794033, 0.39943442912689997, 0.3567528212595558, 0.38063562453806354, 0.3902439024390243, 0.35647279549718575, 0.38273921200750466, 0.37523452157598497, 0.520417853751187, 0.3538461538461538, 0.35384615384615387, 0.35775862068965525, 0.3915094339622642]], "SC": [[0.12326530612244897, 0.13636363636363638, 0.13398058252427186, 0.14208860759493672, 0.1384615384615385, 0.13610223642172528, 0.14180064308681672, 0.1357142857142857, 0.12564935064935065, 0.1280130293159609, 0.13896103896103895, 0.12996742671009776, 0.1452768729641694, 0.1392857142857143, 0.12964169381107496, 0.13648208469055376, 0.12833876221498375, 0.1296416938110749, 0.1387622149837134, 0.12992700729927004], [0.10025432349949134, 0.0980042016806723, 0.10022026431718063, 0.10376914016489992, 0.10667848699763595, 0.10888625592417064, 0.10828402366863908, 0.10879904875148633, 0.10870083432657926, 0.10883054892601432, 0.11104441776710684, 0.10856453558504223, 0.10974729241877255, 0.1099033816425121, 0.10915662650602408, 0.11034897713598074, 0.10928829915560917, 0.11033653846153844, 0.10892641737032571, 0.1109770808202654]], "SN": [[0.11541850220264317, 0.1479245283018868, 0.13162055335968378, 0.13526970954356846, 0.13488372093023254, 0.11978021978021977, 0.13550295857988162, 0.13461538461538464, 0.13096774193548383, 0.12133333333333331, 0.12953020134228188, 0.1306122448979592, 0.11643835616438357, 0.1163265306122449, 0.10958904109589042, 0.1054794520547945, 0.10608108108108108, 0.1143835616438356, 0.09718309859154929, 0.07387387387387385], [0.07973568281938329, 0.11526881720430107, 0.14175824175824178, 0.155982905982906, 0.1732899022801303, 0.17256317689530687, 0.17510917030567683, 0.20219298245614034, 0.2014925373134328, 0.20781249999999998, 0.19839572192513374, 0.1967391304347826, 0.20163934426229507, 0.19777777777777772, 0.20276243093922647, 0.20847457627118643, 0.2104651162790698, 0.2165680473372781, 0.23053892215568864, 0.24249999999999997]], "SS": [[0.11803921568627451, 0.15172413793103445, 0.14457831325301201, 0.11287128712871287, 0.11805555555555557, 0.11379310344827585, 0.08510638297872342, 0.10975609756097561, 0.11515151515151516, 0.1, 0.08275862068965519, 0.06785714285714285, 0.0962962962962963, 0.07037037037037036, 0.05384615384615384, 0.08800000000000001, 0.068, 0.08750000000000001, 0.08260869565217391, 0.03888888888888889], [0.12690582959641256, 0.14351851851851852, 0.11842105263157894, 0.14576271186440679, 0.1317073170731707, 0.17096774193548386, 0.09090909090909091, 0.16666666666666666, 0.14444444444444446, 0.12307692307692307, 0.13076923076923078, 0.11666666666666665, 0.14444444444444446, 0.19000000000000003, 0.1, 0.0857142857142857, 0.08333333333333334, 0.08333333333333334, 0.02, 0.0]]}