{"CCCC": [[0.2479225685572009, 0.3099032106965012, 0.3718838528358014, 0.6072837886853228, 0.6675519455443149, 0.6470969015533918, 0.6817870635323025, 0.7333648478076925, 0.7333648478076925, 0.8520929526759391, 0.9916902742288036, 1.1445460235394642, 1.1445460235394642, 1.3060131699182822, 1.473263045080545, 1.644532273930798, 1.8186856792750088, 1.8186856792750088, 1.8186856792750088, 1.8186856792750088], [0.0, 0.3036418943426615, 0.5148498810332969, 0.6228977444171715, 0.5578257792537021, 0.6470969015533918, 0.6789639165669998, 0.7039647718458644, 0.784, 0.8960437489319371, 1.0296997620665937, 1.1776322006467046, 1.3351038910886297, 1.4991117369962788, 1.6677285150767196, 1.839687364744347, 1.839687364744347, 1.839687364744347, 1.839687364744347, 1.839687364744347], [0.2479225685572009, 0.28403098422531303, 0.46382065499500985, 0.6351125884439703, 0.7565701553722562, 0.7565701553722562, 0.7565701553722562, 0.7565701553722562, 0.7565701553722562, 0.8315575746753799, 0.9379373113380234, 1.0663552878848588, 1.2098138699816596, 1.3635741270646053, 1.5245222202381963, 1.6906065183832697, 1.8604519880932162, 1.8604519880932162, 1.8604519880932162, 1.8604519880932162], [0.3337759727721574, 0.3036418943426615, 0.4338644949751016, 0.5847242084949109, 0.6072837886853228, 0.6675519455443149, 0.6675519455443149, 0.6470969015533918, 0.7333648478076925, 0.8520929526759391, 0.9916902742288036, 1.1445460235394642, 1.3060131699182822, 1.3060131699182822, 1.473263045080545, 1.644532273930798, 1.8186856792750088, 1.8186856792750088, 1.8186856792750088, 1.8186856792750088]], "NNNN": [[0.28403098422531303, 0.392, 0.4958451371144018, 0.6675519455443151, 0.7437677056716028, 0.8407463351094668, 0.7937395038676103, 0.7864461837913641, 0.7864461837913641, 0.7864461837913641, 0.7937395038676103, 0.7961557636543241, 0.8787272614412278, 1.0165581144233713, 1.1906092558014154, 1.387314528144213, 1.598331630169409, 1.792087497863874, 1.9997763874993624, 2.375565280096508], [0.3036418943426615, 0.392, 0.4958451371144018, 0.6789639165669998, 0.7741379721987548, 0.7961557636543241, 0.7864461837913641, 0.822266136965399, 0.8057483478109031, 0.8057483478109031, 0.7864461837913641, 0.7937395038676103, 0.8852606395858792, 0.9521646916369038, 1.1087434329005066, 1.2941938031067837, 1.4991117369962788, 1.7098121534250479, 1.8840484070214332, 2.1479668526306455], [0.2479225685572009, 0.3337759727721574, 0.5714332856948394, 0.6470969015533918, 0.7864461837913641, 0.8677289899502034, 0.896043748931937, 0.8765386471799176, 0.8765386471799176, 0.852092952675939, 0.852092952675939, 0.8677289899502032, 0.9214084870457836, 1.0013279183164723, 1.1578939502389671, 1.3422780635918923, 1.5445496430998908, 1.7574545228824558, 1.9491901908228455, 2.2035839897766545], [0.3036418943426615, 0.3337759727721574, 0.49970391233209294, 0.6470969015533916, 0.7437677056716028, 0.7961557636543241, 0.822266136965399, 0.822266136965399, 0.7864461837913641, 0.7864461837913641, 0.7864461837913641, 0.8407463351094668, 0.8787272614412278, 1.0165581144233713, 1.1906092558014154, 1.387314528144213, 1.572892367582728, 1.7845689675661178, 1.9997763874993624, 2.3682770108245363]], "SSSS": [[0.6789639165669998, 0.5847242084949109, 0.8222661369653987, 0.8338642575383598, 1.301593484925305, 1.6642696896837366, 1.8840484070214332, 2.07889393668845, 2.0936249902979283, 2.0519243650778165, 1.9491901908228455, 1.8438589967782242, 1.7409831705102723, 1.6871945945859357, 1.704185905351878, 1.466729695615385, 1.2941938031067832, 1.1841385054122682, 0.9521646916369038, 0.5578257792537022], [0.6228977444171715, 0.46382065499500985, 0.4958451371144018, 0.7741379721987548, 1.283762594874925, 1.4469526599028733, 1.9243966327137447, 2.0751948342264157, 2.238179260023647, 2.179040522798968, 2.082586468793073, 1.941290704660175, 1.9002905041072011, 1.8850676380437916, 1.8758746226760465, 1.6962778074360343, 1.3803744419540664, 1.1104744931784793, 0.9214084870457834, 0.37188385283580144], [0.1859419264179007, 0.484084290180956, 0.6351125884439703, 0.9521646916369038, 1.3635741270646053, 1.7354579799004068, 1.8552826199800396, 2.045361190596908, 2.2527213764689145, 2.238179260023647, 2.1191579459776, 2.021747363050092, 1.9203999583420117, 1.8218513660559688, 1.9363371607238242, 1.6860557523403548, 1.5874790077352205, 1.5245222202381963, 1.4784689377866551, 1.1156515585074045], [0.607283788685323, 0.5543717164502533, 0.7437677056716028, 1.1173719165971552, 0.7741379721987549, 1.6642696896837366, 1.9253945050300731, 2.07889393668845, 2.1479668526306455, 2.026492141608252, 1.9491901908228455, 1.8438589967782242, 1.7530772943598352, 1.7142998570845185, 1.4456245709035245, 1.466729695615385, 1.2941938031067832, 1.214567577370646, 1.124227023336479, 0.37188385283580144]]}