{"CCCC": [8.579956807350488, 18.02903419088223, 10.534149416825258, 8.856502421159274], "NNNN": [10.247370363171223, 19.6241519195098, 9.207745400476716, 10.084119047294111], "SSSS": [6.517688174191819, 14.55132829455785, 11.659374292645383, 6.431237586654677]}