{"CCCC": [[0.9780380360701727, 1.0296997620665937, 0.8315575746753799, 0.8960437489319371, 0.7039647718458644, 0.8315575746753799, 0.8315575746753799, 0.8315575746753799, 0.8315575746753799, 0.8315575746753799, 0.8315575746753799, 0.8315575746753799, 0.8315575746753799, 0.8315575746753799, 0.8315575746753799, 0.8315575746753799, 0.8315575746753799, 0.8315575746753799, 0.8315575746753799, 0.8315575746753799], [1.2534809132970473, 1.0663552878848588, 1.0663552878848588, 1.0445163474067793, 1.038984889206768, 1.038984889206768, 1.038984889206768, 1.038984889206768, 1.038984889206768, 1.0445163474067793, 1.0445163474067793, 1.0445163474067793, 1.0445163474067793, 1.0445163474067793, 1.0445163474067793, 1.0445163474067793, 1.0445163474067793, 1.0445163474067793, 1.0445163474067793, 1.0445163474067793], [0.9297096320895035, 0.7437677056716028, 0.7437677056716028, 0.7437677056716028, 0.7437677056716028, 0.7437677056716028, 0.7437677056716028, 0.7437677056716028, 0.7437677056716028, 0.7437677056716028, 0.7437677056716028, 0.7437677056716028, 0.7437677056716028, 0.7437677056716028, 0.7437677056716028, 0.7437677056716028, 0.7437677056716028, 0.7437677056716028, 0.7437677056716028, 0.7437677056716028], [1.420154921126565, 0.9780380360701727, 1.0296997620665937, 0.7039647718458644, 0.8315575746753799, 0.8315575746753799, 0.8960437489319371, 0.8315575746753799, 0.8315575746753799, 0.8315575746753799, 0.8315575746753799, 0.8315575746753799, 0.8315575746753799, 0.8315575746753799, 0.8315575746753799, 0.8315575746753799, 0.8315575746753799, 0.8315575746753799, 0.8315575746753799, 0.8315575746753799]], "NNNN": [[1.1104744931784791, 0.8430278761701774, 0.8407463351094668, 0.8407463351094668, 0.8852606395858792, 0.9621983163568725, 0.9621983163568725, 1.0663552878848588, 1.1906092558014154, 1.4784689377866551, 1.543305543306315, 1.543305543306315, 1.543305543306315, 1.543305543306315, 1.543305543306315, 1.543305543306315, 1.543305543306315, 1.543305543306315, 1.543305543306315, 1.543305543306315], [1.2717364506846534, 1.0536709163681042, 1.0735362127101256, 1.1017919948883275, 1.1017919948883275, 1.0165581144233717, 1.0165581144233717, 1.0165581144233717, 1.1017919948883275, 1.2717364506846538, 1.2717364506846538, 1.3803744419540664, 1.3803744419540664, 1.3803744419540664, 1.3803744419540664, 1.3803744419540664, 1.3803744419540664, 1.3803744419540664, 1.3803744419540664, 1.3803744419540664], [0.8787272614412279, 0.7437677056716028, 0.7437677056716028, 0.7437677056716028, 0.7437677056716028, 0.6929646455628166, 0.690187220977033, 0.7437677056716028, 0.7437677056716028, 0.690187220977033, 0.7565701553722562, 0.8765386471799176, 0.8765386471799176, 1.0165581144233713, 1.1694484169898218, 1.1694484169898218, 1.1694484169898218, 1.1694484169898218, 1.1694484169898218, 1.1694484169898218], [1.0165581144233713, 1.1512393321981316, 0.8787272614412278, 0.8407463351094668, 0.8852606395858792, 0.8430278761701774, 0.9621983163568725, 1.0663552878848588, 1.1906092558014154, 1.4784689377866551, 1.3293366766925525, 1.543305543306315, 1.543305543306315, 1.543305543306315, 1.543305543306315, 1.543305543306315, 1.543305543306315, 1.543305543306315, 1.543305543306315, 1.543305543306315]], "SSSS": [[1.2098138699816596, 0.9109256830279845, 0.9379373113380235, 0.9379373113380235, 0.9214084870457836, 1.0165581144233713, 0.7565701553722562, 0.8677289899502034, 0.9276413099900197, 1.0445163474067793, 1.0735362127101256, 1.1087434329005066, 1.1906092558014154, 1.4147344627172975, 1.4147344627172975, 1.4147344627172975, 1.4147344627172975, 1.4147344627172975, 1.4147344627172975, 1.4147344627172975], [0.5578257792537021, 0.5403347110819366, 0.6228977444171715, 0.6228977444171715, 0.7359793475363287, 1.1495696586114301, 0.8677289899502034, 1.0013279183164723, 1.0445163474067793, 1.1445460235394642, 1.1825152853134713, 1.2098138699816596, 1.2098138699816596, 1.2098138699816596, 1.2098138699816596, 1.2098138699816596, 1.2098138699816596, 1.2098138699816596, 1.2098138699816596, 1.2333992054480984], [0.9276413099900197, 0.8960437489319371, 0.9621983163568725, 0.9109256830279844, 0.9621983163568725, 0.8960437489319371, 0.9521646916369038, 1.038984889206768, 1.182515285313471, 1.4255547692039057, 1.7365644243735963, 1.7365644243735963, 1.7365644243735963, 1.7365644243735963, 1.7365644243735963, 1.7365644243735963, 1.7365644243735963, 1.7365644243735963, 1.7365644243735963, 1.7365644243735963], [0.5578257792537021, 0.9701505037879432, 0.9621983163568724, 1.0165581144233713, 1.0165581144233713, 1.0165581144233713, 0.9521646916369038, 0.8677289899502034, 0.9276413099900197, 1.4188017479549424, 1.0536709163681042, 1.1906092558014154, 1.1906092558014154, 1.2941938031067837, 1.4147344627172975, 1.4147344627172975, 1.4147344627172975, 1.4147344627172975, 1.4147344627172975, 1.4147344627172975]]}