{"CCCC": [13.531582222341935, 9.113978924706808, 6.965697713797236, 12.012641567948338], "NNNN": [11.186473992460725, 15.432438098498901, 13.033961684154207, 12.085277988693528], "SSSS": [7.191934166550748, 14.273236233454561, 13.966999056919853, 9.367479572222187]}