{"CCCC": [[0.784, 0.6228977444171715, 0.6675519455443151, 0.968168580361912, 1.1087434329005066, 1.3803744419540664, 1.3803744419540664, 1.3803744419540664, 1.3803744419540664, 1.3803744419540664, 1.3803744419540664, 1.3803744419540664, 1.3803744419540664, 1.3803744419540664, 1.3803744419540664, 1.3803744419540664, 1.3803744419540664, 1.3803744419540664, 1.3803744419540664, 1.3803744419540664], [0.6789639165669998, 0.4111330684826995, 0.5543717164502533, 0.6817870635323027, 1.008971753816726, 1.0806694221638733, 1.1841385054122682, 1.1841385054122682, 1.1841385054122682, 1.1841385054122682, 1.2457954888343434, 1.1841385054122682, 1.1841385054122682, 1.1841385054122682, 1.1841385054122682, 1.1841385054122682, 1.1841385054122682, 1.1841385054122682, 1.1841385054122682, 1.1841385054122682], [0.607283788685323, 0.4958451371144018, 0.5403347110819366, 0.690187220977033, 0.9109256830279845, 1.1906092558014154, 1.0663552878848588, 1.0663552878848588, 1.0663552878848588, 1.0663552878848588, 1.0663552878848588, 1.0663552878848588, 1.0663552878848588, 1.0663552878848588, 1.0663552878848588, 1.0663552878848588, 1.0663552878848588, 1.0663552878848588, 1.0663552878848588, 1.0663552878848588], [1.089520261399484, 0.49970391233209294, 0.5847242084949109, 0.8407463351094668, 1.1087434329005066, 1.3803744419540664, 1.3803744419540664, 1.3803744419540664, 1.3803744419540664, 1.3803744419540664, 1.3803744419540664, 1.3803744419540664, 1.3803744419540664, 1.3803744419540664, 1.3803744419540664, 1.3803744419540664, 1.3803744419540664, 1.3803744419540664, 1.3803744419540664, 1.3803744419540664]], "NNNN": [[0.2479225685572009, 0.46382065499500985, 0.7437677056716028, 1.0371345139373196, 1.3351038910886297, 1.5182094717133072, 1.5182094717133072, 1.5182094717133072, 1.5182094717133072, 1.5182094717133072, 1.5182094717133072, 1.5182094717133072, 1.5182094717133072, 1.5182094717133072, 1.5182094717133072, 1.5182094717133072, 1.5182094717133072, 1.5182094717133072, 1.5182094717133072, 1.5182094717133072], [0.2479225685572009, 0.41113306848269937, 0.6320810074666063, 0.9521646916369038, 1.2457954888343434, 1.4614819875728884, 1.4784689377866551, 1.5182094717133072, 1.5182094717133072, 2.07889393668845, 1.5182094717133072, 1.5182094717133072, 1.5182094717133072, 1.5182094717133072, 1.5182094717133072, 1.5182094717133072, 1.5182094717133072, 1.5182094717133072, 1.5182094717133072, 2.07889393668845], [0.2479225685572009, 0.46382065499500985, 0.7437677056716028, 1.0371345139373196, 1.3351038910886297, 1.5182094717133072, 1.5182094717133072, 1.5182094717133072, 1.5182094717133072, 1.5182094717133072, 1.603131435659597, 1.5182094717133072, 1.5182094717133072, 1.5182094717133072, 1.5182094717133072, 1.5182094717133072, 1.5182094717133072, 1.5182094717133072, 1.5182094717133072, 2.07889393668845], [0.0, 0.8787272614412279, 0.6929646455628166, 1.0371345139373196, 1.4349556090694933, 1.5182094717133072, 1.5182094717133072, 1.5182094717133072, 1.5182094717133072, 1.5182094717133072, 1.603131435659597, 1.5182094717133072, 1.5182094717133072, 1.5182094717133072, 1.5182094717133072, 1.5182094717133072, 1.5182094717133072, 1.5182094717133072, 1.5182094717133072, 1.5182094717133072]], "SSSS": [[0.0, 0.28403098422531303, 0.5680619684506261, 0.852092952675939, 1.1361239369012521, 1.3593416053369367, 1.3522579635557708, 1.5692245218578504, 1.5042281741810315, 1.8645771638631639, 2.056599523485309, 2.143490984352395, 2.242466142442289, 2.242466142442289, 2.242466142442289, 2.242466142442289, 2.242466142442289, 2.242466142442289, 2.242466142442289, 2.242466142442289], [0.2479225685572009, 0.46382065499500985, 0.7437677056716028, 1.0371345139373196, 1.3351038910886301, 1.5182094717133072, 1.963916087820455, 1.529553660385931, 1.726580898770747, 1.9843487596690255, 2.021747363050092, 1.9843487596690255, 2.143490984352395, 2.3191032749750495, 2.3191032749750495, 2.3191032749750495, 2.3191032749750495, 2.3191032749750495, 2.3191032749750495, 2.3191032749750495], [0.0, 0.28403098422531303, 0.49970391233209294, 0.7359793475363287, 0.9994078246641859, 1.2717364506846534, 1.3074830782843807, 1.3983470241681784, 1.3235443324649159, 1.529553660385931, 1.6871945945859357, 1.8645771638631639, 1.94425677316552, 2.037834536953381, 2.037834536953381, 2.037834536953381, 2.037834536953381, 2.037834536953381, 2.037834536953381, 2.037834536953381], [0.18594192641790067, 0.3718838528358014, 0.49970391233209294, 0.852092952675939, 1.1361239369012521, 1.420154921126565, 1.3422780635918923, 1.4255547692039052, 1.5692245218578504, 1.7574545228824556, 1.9833805484576077, 2.143490984352395, 2.242466142442289, 2.242466142442289, 2.242466142442289, 2.242466142442289, 2.242466142442289, 2.242466142442289, 2.242466142442289, 2.242466142442289]]}