{"CC": [5.218084791068846, 4.898576849010739], "CN": [4.206879932423079, 4.714848683016667], "CS": [8.17941233372276, 7.7647636564531695], "NC": [6.196194298185297, 5.095367875871577], "NN": [3.8672915907647805, 3.885764138184406], "NS": [6.251772952883047, 5.100221297786988], "SC": [5.50982843885361, 4.976082570858326], "SN": [3.634645878708958, 3.734269835426465], "SS": [4.997429707385188, 4.408373928125428]}