{"CCCC": [288.75200000000007, 263.07200000000006, 291.59200000000004, 288.97200000000004], "NNNN": [275.91600000000005, 257.83600000000007, 282.91600000000005, 276.99600000000004], "SSSS": [254.496, 256.17600000000004, 257.81600000000003, 254.85600000000002]}