{"CCCC": [[0.5522889099013304, 0.4884766721144418, 0.49089294637425784, 0.47524240888203567, 0.47820786777300095, 0.4795876095146747, 0.4698770426398805, 0.4698770426398805, 0.4679435863434821, 0.4679435863434821, 0.4679435863434821, 0.4679435863434821, 0.4692225263134752, 0.4679435863434821, 0.4679435863434821, 0.4679435863434821, 0.4679435863434821, 0.4679435863434821, 0.4679435863434821, 0.4724860412752952], [0.3305840843113895, 0.27248934804868974, 0.32019466079246217, 0.34155776788121783, 0.36559122965410434, 0.3570859661202048, 0.34837311492134415, 0.34837311492134415, 0.34620502596005154, 0.35044010729367137, 0.36352584502343155, 0.36352584502343155, 0.361363621854774, 0.361363621854774, 0.36335672389540263, 0.36335672389540263, 0.36335672389540263, 0.3817122015340876, 0.3817122015340876, 0.4051467447728044], [0.5148498810332968, 0.4736554021649071, 0.4625267784680146, 0.4474985193271592, 0.44085624323581935, 0.4373567733555752, 0.44432815260795694, 0.4478074586247977, 0.4478074586247977, 0.46451586496049835, 0.4510896460793574, 0.45768413212607656, 0.45768413212607656, 0.45768413212607656, 0.46451586496049835, 0.46451586496049835, 0.46451586496049835, 0.46451586496049835, 0.474174192465174, 0.4710855005198101], [0.29234896408231037, 0.5178259166940179, 0.4831628594997755, 0.48800457702771605, 0.4795876095146746, 0.4795876095146747, 0.47894636359408754, 0.47894636359408754, 0.4724860412752952, 0.47368784320478374, 0.48089949053830355, 0.4679435863434821, 0.4679435863434821, 0.4698770426398805, 0.4679435863434821, 0.4679435863434821, 0.4679435863434821, 0.4679435863434821, 0.4679435863434821, 0.4679435863434821]], "NNNN": [[0.40892195441184104, 0.3492541813636595, 0.35687073738259917, 0.3849192497134951, 0.4119172110995121, 0.4338644949751016, 0.4761146214936062, 0.5118565424022632, 0.5823806150620056, 0.6133516159593939, 0.6440262951153468, 0.6817870635323025, 0.7092708954976229, 0.7107209725342285, 0.7218762752716006, 0.7218762752716006, 0.7271362260264574, 0.7245322330993976, 0.7317916643417031, 0.7456041974130779], [0.12702251768879402, 0.21189766586727665, 0.2769640207680413, 0.3890488915290725, 0.4433587585691749, 0.4702693151801422, 0.5216988372614988, 0.5750788300746252, 0.6348947982146332, 0.7304465352097987, 0.7694391848612857, 0.8479531760657542, 0.8822177508982688, 0.9171292183765598, 0.9243223680080449, 0.941714222468791, 0.9618628858626367, 0.9618628858626367, 0.9618628858626367, 0.9618628858626367], [0.4235051602991396, 0.33396007426038216, 0.3451381358239045, 0.3686050851521177, 0.37664652500720086, 0.38841641983829667, 0.37664652500720086, 0.40210105794439277, 0.4393548870787714, 0.5488, 0.5486879885690955, 0.5814563894222848, 0.5876340194372685, 0.6014102785952363, 0.6310104252704545, 0.6310104252704545, 0.6388758226760501, 0.648970177434988, 0.648970177434988, 0.6775139118866857], [0.09342438225645383, 0.26173156324753805, 0.3469144632326533, 0.3871086834469099, 0.43735677335557516, 0.43329744425740613, 0.43805890380176044, 0.5088455954412889, 0.5614228324534012, 0.7156335509183451, 0.7178846169127737, 0.7004415887138625, 0.7297730408832599, 0.7191677768087221, 0.7308671540026955, 0.7245322330993976, 0.7317916643417031, 0.7363759387704082, 0.742961520403311, 0.7271362260264574]], "SSSS": [[0.3466042631013068, 0.28704465993987754, 0.2853264572380205, 0.32325148104842455, 0.3729154327726327, 0.4599615149118456, 0.5160125765909198, 0.5623253321699102, 0.6394287850886913, 0.74105627532597, 0.7212160841245846, 0.7535377978575459, 0.8068727503144468, 0.8462298581354831, 0.8790594537345013, 0.8973290143531522, 0.8960437489319368, 0.8994670421977671, 0.8855383248623404, 0.883523129295436], [0.14068377020822254, 0.22174868658010125, 0.35414764830505363, 0.4679435863434822, 0.5415845669883882, 0.6053830522900355, 0.6522060140783739, 0.7420302182525992, 0.771035202309207, 0.8128874047492678, 0.8474637474252217, 0.8915565821640261, 0.9489315254537599, 0.9873576600199139, 1.0085909378930582, 1.0228721538882555, 1.0270848845153935, 1.0318464629972812, 1.0270848845153935, 1.0222710654224743], [0.2729964102328089, 0.25669266292592013, 0.2962648760821977, 0.33396007426038216, 0.41574182758053096, 0.4576841321260766, 0.4981948341763492, 0.5172023696774791, 0.5679537558639788, 0.7160628709827092, 0.6865261981891151, 0.7121249418465836, 0.7414708754900626, 0.7606214301477443, 0.7945908652885457, 0.8115252129170112, 0.8147566998803997, 0.8064917725556782, 0.8114494685437905, 0.8100089797033116], [0.0388060201515177, 0.2658673353385105, 0.32778326497855254, 0.39027138865153804, 0.43116436216366494, 0.484084290180956, 0.5518435604408191, 0.5818526658871643, 0.6559414608027151, 0.8530121762319689, 0.7576052882603183, 0.7918205938216054, 0.79304225562072, 0.8516419905100966, 0.901020335397598, 0.8990398433884894, 0.9180000592592573, 0.9011567606138234, 0.8957693203051774, 0.8868041605675966]]}