{"CCCC": [[0.6184413440254457, 0.5555346772254635, 0.557605360089015, 0.5360232711366177, 0.5267698275338102, 0.5276733535057462, 0.5196329289027016, 0.5196329289027016, 0.5172320794382341, 0.5172320794382341, 0.5106542940189573, 0.5184190737231797, 0.5224052679673127, 0.607916046835416, 0.5184190737231797, 0.5184190737231797, 0.5136546388381981, 0.5184190737231797, 0.5213747366338339, 0.5404484537862975], [0.39442291211338104, 0.31005192855391156, 0.3551442118351359, 0.41500194120027917, 0.45217841434548833, 0.4574490520265619, 0.4655732363441869, 0.45245019703830397, 0.441761564647718, 0.44412060344010135, 0.4347490310512491, 0.43826932358995874, 0.4352788899085276, 0.45245019703830397, 0.46751649553785796, 0.47875382233461067, 0.5212863105818145, 0.5658123165856324, 0.6281058458572089, 0.7133322995631137], [0.4705633049866934, 0.4196414469520379, 0.4520424617223474, 0.4428038662884505, 0.45091928856503805, 0.44439731412329647, 0.4340415463984986, 0.43739190664665933, 0.4338644949751016, 0.4274418042260255, 0.42033661177679965, 0.4172176640555862, 0.4172176640555862, 0.4172176640555862, 0.42033661177679965, 0.42033661177679965, 0.41681232995198214, 0.43087915335973254, 0.4174385894955088, 0.4379536559957], [0.3055086146084919, 0.5450068916995453, 0.5457676223448948, 0.5691699612593766, 0.5651329556838816, 0.5436801177162911, 0.5365103957986274, 0.5242258078347534, 0.5271489140650863, 0.5274694667940505, 0.5172320794382341, 0.5172320794382341, 0.5184190737231797, 0.5144617319101589, 0.5184190737231797, 0.5184190737231797, 0.5184190737231797, 0.526069257797868, 0.5307222550449525, 0.5213747366338339]], "NNNN": [[0.3674359677549271, 0.2956937875573311, 0.3175925842962962, 0.3223470130154768, 0.33174411343684757, 0.34285997141690366, 0.3595304671373483, 0.3826771380681108, 0.4124764002946108, 0.4421440272128529, 0.4496908093345914, 0.48025999625203014, 0.5224346818502769, 0.5450350858431041, 0.5700601961196727, 0.5939285128700252, 0.6127249666857061, 0.6211190211223608, 0.6532418602631035, 0.6926097567894927], [0.18758746226760484, 0.262669252102335, 0.2954338369246148, 0.3356124431543028, 0.3180760563135804, 0.3304911060830532, 0.3404763157695406, 0.37945114046475065, 0.40692545558124016, 0.4451918992973703, 0.4927987272710834, 0.5391389639044835, 0.591517479031685, 0.6449085069992487, 0.6961725763056168, 0.7070793381226745, 0.745830865545265, 0.7947842293352324, 0.8463569592081105, 0.8820958170176294], [0.34824076269156085, 0.31227419746114143, 0.34362103777271846, 0.354841206175382, 0.34442503974014427, 0.35897441468717517, 0.3822351778682857, 0.39562880380477844, 0.3770135276087582, 0.4276215148937199, 0.43847964240087584, 0.4997039123320927, 0.5002264063401691, 0.5322257205359394, 0.5624619482240553, 0.5800010593093772, 0.58713696664407, 0.6120725708606779, 0.6317892104175249, 0.7346628026516653], [0.1321220284434052, 0.31049765474154545, 0.32590267995216, 0.3552307374088001, 0.3328077691400848, 0.3481966341020544, 0.3615761762063425, 0.38667178847182526, 0.4093351018419993, 0.451940470416182, 0.46557323634418674, 0.48715365296793145, 0.5185376237072868, 0.5615596680674279, 0.5750788300746253, 0.5966904457086604, 0.6038581555299224, 0.6287171650273276, 0.649088557286292, 0.7582945918309052]], "SSSS": [[0.39391611695892803, 0.31812436310348824, 0.3390743352127967, 0.3780311098309238, 0.40529842832165036, 0.46441661296727965, 0.540846364876385, 0.5876601684647343, 0.6592596283710992, 0.69879428961605, 0.7130737521462979, 0.7541085672501009, 0.7818017180845793, 0.7827642260604403, 0.809838225820441, 0.8256231004520158, 0.8357050197288514, 0.8375417362734826, 0.8109001102478653, 0.7103749545134597], [0.41240188554370133, 0.3174958015470441, 0.40010892916804536, 0.45731466628569867, 0.517914933555695, 0.6322025498208623, 0.690743599318879, 0.7558589498047897, 0.7893910645554582, 0.8227332009831617, 0.8583457429264736, 0.8902112001092771, 0.8847397447837412, 0.8794264676480916, 0.8694980621024981, 0.8521831164720407, 0.8144737491165688, 0.7923056056850788, 0.7852729665536688, 0.7969852636027842], [0.16304561324978964, 0.18651951533284641, 0.22991393172228605, 0.25889812050302724, 0.2949132482612472, 0.31749580154704415, 0.3826369809623737, 0.46182857425672563, 0.5363385199666344, 0.5884179847693304, 0.6314486101021998, 0.6819673470189023, 0.7294360605289539, 0.7254648165142125, 0.7466133714312917, 0.7553505358441207, 0.7501450313106126, 0.7390005791608013, 0.7309512487163561, 0.6610054595841095], [0.094893152545376, 0.32797073040135755, 0.3371199999999999, 0.4157418275805309, 0.4453299433004702, 0.4910181422310178, 0.546246057377076, 0.6037309069444763, 0.6557071541473373, 0.7261634680979208, 0.7622157510836415, 0.7733634467700161, 0.8090788836695714, 0.7933522193830429, 0.8282988755274269, 0.8259952542236545, 0.8148509949677917, 0.8252880185729102, 0.7980835044028911, 0.8454304995681192]]}