{"CCCC": [3.8851857044769402, 5.250573436160282, 7.951738773850154, 3.81929540901355], "NNNN": [5.088420803177344, 5.9245681215872565, 7.070507292564512, 5.123024469147885], "SSSS": [5.767824007256806, 7.723181095116694, 8.720525003909334, 5.790168187854993]}