{
    "CC": [279.68000000000006, 261.68000000000006], 
    "CN": [265.584, 259.024], 
    "CS": [263.36800000000005, 259.008], 
    "NC": [265.552, 255.072], 
    "NN": [263.28, 256.6], 
    "NS": [264.168, 262.528], 
    "SC": [275.256, 255.37599999999998], 
    "SN": [265.576, 259.05600000000004], 
    "SS": [258.856, 253.89600000000002]
}