{"CC": [274.34999999999997, 261.06999999999994], "CN": [264.102, 258.68199999999996], "CS": [261.82599999999996, 258.39599999999996], "NC": [274.582, 259.212], "NN": [263.552, 257.822], "NS": [261.91999999999996, 258.65], "SC": [271.544, 258.31399999999996], "SN": [263.25399999999996, 257.484], "SS": [261.51400000000007, 256.91400000000004]}