{"CC": [3.8031046254343313, 3.078242867871215], "CN": [2.430542222290326, 1.893843607802925], "CS": [1.609632908828592, 1.4535641205478333], "NC": [3.7944591437009825, 2.8083008039909085], "NN": [1.980745550527882, 1.2657278160236527], "NS": [1.8983811680481888, 1.651352052592058], "SC": [3.802768058062969, 2.8203862254776393], "SN": [2.4992565854157522, 2.225926222475489], "SS": [2.442485627729261, 2.096062195275703]}