{"CC": [[0.09750876883644878, 0.12082251445819196, 0.17455007762816946, 0.2080187068510908, 0.2439865438912564, 0.2720378326630324, 0.27335501019736236, 0.2774352133381773, 0.26944832231802807, 0.2774352133381773, 0.26507867813160696, 0.27335501019736236, 0.26640863349373645, 0.27335501019736236, 0.2691987043059457, 0.29004689000228917, 0.26507867813160696, 0.28602572192024983, 0.27994399439887996, 0.5927987516855955], [0.30651291914045004, 0.2529159575827513, 0.2592836284843299, 0.27707496169809354, 0.2893639811725019, 0.29659534453527775, 0.30673217242408735, 0.31928153344658067, 0.3067822654587453, 0.29783617241698507, 0.30364189434266153, 0.2985125685796161, 0.30364189434266153, 0.3004559175652895, 0.31978047219928873, 0.2985125685796161, 0.2984353437513728, 0.2985125685796161, 0.32184608495366235, 0.32287096122135234]], "CN": [[0.0, 0.03343509533409473, 0.1348844601872283, 0.11668174835851577, 0.18933031875534395, 0.19610777037129326, 0.20189902822945896, 0.22860692552938966, 0.202516472416443, 0.2135950411409402, 0.20499576190741134, 0.18255377289993216, 0.20499576190741134, 0.18255377289993216, 0.20499576190741134, 0.18255377289993216, 0.20499576190741134, 0.18255377289993216, 0.2496135220696192, 0.49388888790901125], [0.14556876588059692, 0.13183094629107375, 0.12351110719283521, 0.217718860919306, 0.16927638464948389, 0.21177979129274824, 0.2148503330227813, 0.21264870937769664, 0.24183572606213485, 0.2148503330227813, 0.22322498426475493, 0.21523441732213774, 0.21877498577305438, 0.21485033302278136, 0.21877498577305438, 0.21485033302278136, 0.21877498577305438, 0.21485033302278136, 0.23568134079727213, 0.2906092469278978]], "CS": [[0.0, 0.03840799916684018, 0.06354149510359337, 0.09399829785692951, 0.11725649832738476, 0.14310684679637098, 0.14310684679637098, 0.14310684679637098, 0.14310684679637098, 0.14310684679637098, 0.14310684679637098, 0.14310684679637098, 0.14310684679637098, 0.17460509041834943, 0.14310684679637098, 0.14310684679637098, 0.14310684679637098, 0.14310684679637098, 0.20075414217395382, 0.4558675175969441], [0.09058508486500408, 0.06354149510359354, 0.05717693241159412, 0.07591047358566533, 0.1010113340175248, 0.12402324943332178, 0.14854679532053172, 0.14854679532053172, 0.14854679532053172, 0.14854679532053172, 0.14854679532053172, 0.14854679532053172, 0.14854679532053172, 0.14854679532053172, 0.1794122805161343, 0.14854679532053172, 0.14854679532053172, 0.14854679532053172, 0.14854679532053172, 0.40671298774442866]], "NC": [[0.09750876883644882, 0.13964226294356624, 0.16486151764435508, 0.21046968807882982, 0.24676547894711692, 0.255935776318982, 0.2590167994551706, 0.2590167994551706, 0.2635088613310752, 0.2635088613310752, 0.2635088613310752, 0.2541886512022125, 0.255935776318982, 0.255935776318982, 0.255935776318982, 0.2590167994551706, 0.2590167994551706, 0.28403098422531287, 0.3364983803824321, 0.5001803258825762], [0.3497982298411471, 0.28166093374836365, 0.28795328510020524, 0.29200711224215103, 0.2839227613277951, 0.2886661490372573, 0.29592754788968195, 0.3010753952085756, 0.29912322811844627, 0.29714530856131666, 0.30868599968252514, 0.29252630650934636, 0.2870647341628716, 0.2891514869406693, 0.29252630650934636, 0.29252630650934636, 0.30868599968252514, 0.29714530856131666, 0.2981455724977316, 0.3709478001013079]], "NN": [[0.0, 0.06473936669446186, 0.08543441929339718, 0.09058508486500408, 0.12730950632219093, 0.15742351031532736, 0.143281228358777, 0.16653080916154825, 0.14417661946376747, 0.16746247340822365, 0.13499833480454493, 0.18590060139762854, 0.15845724218223659, 0.15742351031532736, 0.1868796018831377, 0.18590060139762854, 0.15845724218223659, 0.15742351031532736, 0.15845724218223659, 0.47896240520525224], [0.15396919691938393, 0.12876469081234973, 0.11527399706785572, 0.1416633982368065, 0.1416633982368065, 0.16597624408330247, 0.1894114632222665, 0.16649620295970713, 0.1879965957138587, 0.15888094158834795, 0.1838642977850786, 0.21420567312748737, 0.18044778081206772, 0.1804477808120676, 0.18044778081206772, 0.20678696670728575, 0.18044778081206772, 0.18044778081206772, 0.18044778081206772, 0.20678696670728575]], "NS": [[0.0, 0.04800999895855029, 0.09159724013309568, 0.1205678829539609, 0.12597479747949586, 0.15611249277364053, 0.16332810658303723, 0.15772825238364876, 0.16945784136474762, 0.16332810658303723, 0.1593637901155717, 0.1593637901155717, 0.1593637901155717, 0.1593637901155717, 0.1593637901155717, 0.1593637901155717, 0.1593637901155717, 0.1593637901155717, 0.2351673310644998, 0.46325710183439217], [0.072387446425468, 0.13111506397054437, 0.12075890691787489, 0.09462964440385474, 0.12852579507631925, 0.14408333144399454, 0.16566348541546497, 0.16945784136474762, 0.16566348541546497, 0.17535155089134502, 0.16945784136474762, 0.16566348541546497, 0.16566348541546497, 0.16566348541546497, 0.16566348541546497, 0.16566348541546497, 0.16566348541546497, 0.16566348541546497, 0.16566348541546497, 0.36799489344283065]], "SC": [[0.19203999583420137, 0.14321418365511138, 0.14030095651847846, 0.20006406573895263, 0.22429800177442524, 0.266127295856701, 0.24695222209974127, 0.2698543488624927, 0.2621641958773166, 0.27646423566168565, 0.3104234114882447, 0.28715170624601916, 0.2889321885841034, 0.3072639933347216, 0.33013638636175796, 0.3432854811960447, 0.3398156182402449, 0.3401376568391096, 0.4016039521717883, 0.44665213488799044], [0.31170162912631694, 0.3266268109019833, 0.27809216026346384, 0.2795594934893109, 0.31273518254267446, 0.3149690118090983, 0.3173989892863554, 0.30492964172084014, 0.31484702063065473, 0.34808076993709386, 0.34935866040503377, 0.36214414588668964, 0.3446703329269866, 0.3359042030103227, 0.33296356317170794, 0.32747840478419316, 0.36223430207532814, 0.3619160035146276, 0.36352584502343194, 0.4202634906817385]], "SN": [[0.21358604823349303, 0.039200000000000006, 0.19477114776064744, 0.14397664255010253, 0.19673362701887026, 0.21337010474759602, 0.19477114776064752, 0.2260382268555476, 0.20937167334670648, 0.21058829597107234, 0.20937167334670648, 0.21058829597107234, 0.20937167334670648, 0.21058829597107234, 0.20937167334670648, 0.23338818821868432, 0.23237368525717356, 0.2537726982951478, 0.3192514519935657, 0.49961165078488684], [0.10611187303973099, 0.23653554151543507, 0.14159558750187093, 0.1894114632222666, 0.1867253641046122, 0.22528066406152106, 0.2379523952390479, 0.221089390066552, 0.2448039215372173, 0.22239739207104028, 0.22239739207104028, 0.22239739207104028, 0.22239739207104028, 0.22239739207104028, 0.22239739207104028, 0.22239739207104028, 0.2448039215372173, 0.2448039215372173, 0.2649627143580773, 0.35753215240031216]], "SS": [[0.16717547667047317, 0.10911057877217956, 0.17731230752545066, 0.19302766226631887, 0.2135860482334929, 0.21051531440728957, 0.20812025369963383, 0.20789863299213898, 0.2006009970064954, 0.20868248033795264, 0.2006009970064954, 0.20789863299213898, 0.2006009970064954, 0.19953531617235098, 0.20894004498898738, 0.2006009970064954, 0.20894004498898738, 0.22347438331943106, 0.268877426348885, 0.3642595536152758], [0.0971337716759726, 0.2133701047475961, 0.18138208952374563, 0.2079448234508374, 0.21560000000000015, 0.23756461352650995, 0.23417694164883093, 0.20386826727080404, 0.21090729337792008, 0.20386826727080404, 0.21090729337792008, 0.20386826727080404, 0.20274397648265674, 0.21200641499728276, 0.20386826727080404, 0.21200641499728276, 0.20386826727080404, 0.21200641499728276, 0.22675090826719962, 0.410249116513369]]}