{"CC": [3.9476010787393396, 3.9262045852838576], "CN": [2.588265426685602, 2.8491583399340947], "CS": [3.9365384605584635, 3.889987345616434], "NC": [3.654960134821723, 3.5248304322245065], "NN": [3.4013048265534813, 3.3944877569518517], "NS": [3.4678703779697435, 3.477280848479169], "SC": [4.008442936794287, 3.7320685018279067], "SN": [3.814000537673794, 3.847382128556506], "SS": [4.042072716424582, 4.294932235356456]}