{"CC": [[0.0, 0.14002687742001543, 0.17787472445516245, 0.23332233840762015, 0.28951661506725335, 0.32265076847886187, 0.3408991663234161, 0.340250580602003, 0.35310475726050466, 0.561843495646252, 0.41539054587219504, 0.4722379925418963, 0.45621710445795427, 0.467269919425593, 0.4400669240013385, 0.4671219112822695, 0.4435450119209999, 0.45913810558480145, 0.4609293290733408, 0.5304471230952239], [0.20566929182549337, 0.18322593266238274, 0.19960268936063966, 0.24382116397064474, 0.2936796921818057, 0.3299501513865391, 0.34269746657948896, 0.35155101137672756, 0.35551180008545424, 0.3550576651756723, 0.561107983903277, 0.4472709693239658, 0.4673644556446285, 0.4318187378982066, 0.4668092955372675, 0.44121772403202497, 0.46190759075815174, 0.44984028276711746, 0.47879795321199947, 0.4584054100902388]], "CN": [[0.11435386482318813, 0.1387452975779719, 0.1836134025609243, 0.19635248305025332, 0.24064937149305007, 0.2327288516707801, 0.24495295548329274, 0.23408669846875108, 0.24508622482710032, 0.45618342100519177, 0.27211549018753056, 0.35089474433225704, 0.3209316712323669, 0.35135972677585, 0.3466264294597282, 0.34675939785390103, 0.3370915104240983, 0.3607411814583968, 0.3411751456363725, 0.4348550544721769], [0.050922293742524986, 0.11922214559384517, 0.141051928026525, 0.19403010075758867, 0.19500768805357385, 0.24033788215759902, 0.23734620789049907, 0.2446390941775251, 0.23844429118769034, 0.24930552821788768, 0.4532433783300093, 0.37494958807818446, 0.3393631187975499, 0.33305585117214204, 0.31026868098472316, 0.3218878587334415, 0.3368178878860208, 0.32132046557914723, 0.3601496666665125, 0.34092733771289163]], "CS": [[0.07238744642546813, 0.1403009565184784, 0.1690151993165112, 0.21909959744371957, 0.2666176408267091, 0.2884531407351979, 0.3021897973128809, 0.30537655443730455, 0.314645631782804, 0.5617067291745755, 0.41699662156904843, 0.4565201436957631, 0.4673644556446287, 0.4650613722940232, 0.4847623269190792, 0.4613750075589271, 0.45913810558480117, 0.4659856203789985, 0.4807836453125253, 0.5064391201319267], [0.0, 0.1472480573725848, 0.13594829016946094, 0.18280612243576513, 0.23356095564113458, 0.29605733498766734, 0.31036771739341706, 0.31342232466753206, 0.3158642012004524, 0.3778074768979568, 0.5716315722561164, 0.5019896349527551, 0.48386203653520937, 0.47178221924951763, 0.4690055163854684, 0.4883940884163117, 0.49697113155594874, 0.4923424807996966, 0.49845308706035757, 0.4964800322268763]], "NC": [[0.10538531966075729, 0.1288839726265449, 0.21630267312264087, 0.22239739207104023, 0.26853430618824115, 0.2904241202104261, 0.2888324524702859, 0.292946244898275, 0.3028501279511037, 0.5123778902333708, 0.3376380902682637, 0.39048296454518966, 0.399263113247392, 0.416166666613269, 0.396341854464047, 0.4171439962411059, 0.4021583767621906, 0.4021536005060755, 0.4087152240864044, 0.47396350239232565], [0.2159471750220411, 0.22385225127302147, 0.22528066406152122, 0.25705159015263823, 0.2536212735556701, 0.2792501358996984, 0.29680250942335384, 0.2887193765579304, 0.2932411540012759, 0.3178041938049277, 0.5109400841586028, 0.44130913609396294, 0.39500686778839633, 0.39207839216156715, 0.422397053020023, 0.36778604867504133, 0.42661416010254516, 0.43579047442549756, 0.4021583767621908, 0.41024911651336904]], "NN": [[0.0, 0.07830193867331768, 0.10015197252176317, 0.17023815788477034, 0.19657734966165358, 0.24004999479275158, 0.23539591840131788, 0.23000581210047705, 0.223611863728202, 0.5278334949584007, 0.36458107465967016, 0.4567220581491548, 0.4404377749466998, 0.49613558630680826, 0.4583383623481676, 0.47454267500405045, 0.4539251674009716, 0.4731482220192741, 0.46506137229402317, 0.5084339736878329], [0.01950175376728975, 0.12574587706958837, 0.12513337524417703, 0.13819042513864693, 0.19623505904909028, 0.203113127099161, 0.2594613620560872, 0.24177217705931336, 0.2101865837773669, 0.23795239523904774, 0.5348286589179753, 0.47334710139600494, 0.48949405879949126, 0.46587018964514126, 0.4902194708495373, 0.45947684337733513, 0.4788942246467379, 0.47646950962259865, 0.494801990295108, 0.48517423674387355]], "NS": [[0.0, 0.10480045038071166, 0.15526119927399776, 0.19693855285342196, 0.24974430443956067, 0.2958171840850358, 0.2946526090161092, 0.26699200287649066, 0.3104976547415454, 0.5397514035183235, 0.40192427346454224, 0.4449286342774538, 0.443739844503511, 0.438702995658794, 0.47995593797764413, 0.465490715696887, 0.4587572499699597, 0.45567787043041724, 0.44520915713853, 0.5054368407625229], [0.0, 0.20439520542321926, 0.16042094127638068, 0.19697756217396944, 0.21167999999999992, 0.2661850303830024, 0.30048788062083315, 0.3209795482581404, 0.29618706521386107, 0.33203927237602476, 0.5356791517317058, 0.5030560604942552, 0.44842469869533275, 0.45937232132552364, 0.4413221934142898, 0.4883350915099181, 0.45076165054272316, 0.4473740251735675, 0.4469487666388621, 0.45746164866576533]], "SC": [[0.09750876883644886, 0.14374966573874154, 0.20439520542321926, 0.2306729320921724, 0.2407770454175398, 0.2517589291365852, 0.27604705685806546, 0.2818858889692779, 0.2803827783584436, 0.5146110546811058, 0.4114879847577568, 0.4855739301074554, 0.45917575545753725, 0.47921498974885995, 0.46089599000208265, 0.49187409608557364, 0.481262823829142, 0.4852692432042236, 0.4836515952625399, 0.5153868356875253], [0.1989182746758074, 0.2290685801239445, 0.23604780532764974, 0.2525283350438123, 0.25157575399867127, 0.2635088613310755, 0.26108494862783654, 0.276318294725485, 0.26594679467893545, 0.3037430914440684, 0.5334801724525478, 0.44198325941148514, 0.4936087908455437, 0.47174964716468015, 0.4750160182562267, 0.5062873871626665, 0.5139948186509277, 0.5018939664909312, 0.5217393356840176, 0.5151296147572954]], "SN": [[0.0, 0.07976020060155317, 0.11037080048636065, 0.1621478041787801, 0.21680825076550947, 0.25782755166971594, 0.34359308724128906, 0.2971129859161323, 0.3165506190169276, 0.6029541090331834, 0.4682062178143301, 0.534602350911404, 0.506101452280074, 0.5416271248746689, 0.5304724701622129, 0.5416271248746689, 0.5304724701622129, 0.5416271248746689, 0.5286044055813383, 0.5703701030033039], [0.04654742098118863, 0.14502675615209767, 0.14461559528626233, 0.16551268712699926, 0.20616367866333798, 0.25776794525308977, 0.27891977627984715, 0.33923291349749657, 0.31819680953774493, 0.3340693365156403, 0.6000897786164997, 0.5441427386265482, 0.5349722968528372, 0.53304793630592, 0.5293306505389614, 0.5442274509798272, 0.5392636446117984, 0.5332460880306578, 0.5445273679072519, 0.535822561675038]], "SS": [[0.0, 0.13984843796052931, 0.1548772107186852, 0.2031131270991609, 0.22937862498497993, 0.31788275574494457, 0.31488972291899286, 0.3169872073128503, 0.3479979862010705, 0.5976264666160627, 0.5305593651986553, 0.5763999777931993, 0.560090362709447, 0.5757030831948008, 0.5729908397173556, 0.5740458225612308, 0.5699388823373963, 0.5697636057173185, 0.5647079400893881, 0.5886888631526845], [0.019501753767289746, 0.12351110719283521, 0.15526119927399765, 0.17507748684511104, 0.23535511551695673, 0.2501669554517544, 0.3241771268920744, 0.31649600313432097, 0.3126430399033377, 0.39517702564800034, 0.6006048950849466, 0.5723871193519301, 0.5804248044320642, 0.5513978512834448, 0.5843923325985724, 0.5654999119363329, 0.5768496774723898, 0.5783295448098777, 0.582406999957933, 0.5804082576945301]]}