{
    "CC": [[0.524, 0.7519999999999999, 0.816, 0.8759999999999999, 0.916, 0.872, 0.932, 0.892, 0.9359999999999999, 0.8079999999999999, 0.8760000000000001, 0.86, 0.8759999999999999, 0.852, 0.884, 0.868, 0.912, 0.9279999999999999, 0.904, 0.8079999999999999], 
        [0.6559999999999998, 0.9079999999999999, 0.956, 0.976, 0.976, 0.98, 0.988, 0.976, 0.98, 0.996, 0.872, 0.892, 0.9, 0.9359999999999999, 0.956, 0.96, 0.96, 0.96, 0.96, 0.96]],

    "CN": [[0.5359999999999999, 0.804, 0.872, 0.9, 0.924, 0.8960000000000001, 0.8959999999999999, 0.95, 0.932, 0.924, 0.892, 0.9, 0.972, 0.932, 0.9440000000000001, 0.9359999999999999, 0.972, 0.9520000000000001, 0.9279999999999999, 0.9079999999999999], 
        [0.528, 0.8560000000000001, 0.884, 0.9159999999999999, 0.932, 0.9640000000000001, 0.968, 0.98, 0.9520000000000001, 0.98, 0.9079999999999999, 0.972, 0.96, 0.968, 0.98, 0.972, 0.992, 1.0, 0.988, 0.98]],

    "CS": [[0.5499999999999999, 0.728, 0.904, 0.852, 0.92, 0.9, 0.912, 0.944, 0.924, 0.736, 0.86, 0.8639999999999999, 0.772, 0.8640000000000001, 0.76, 0.848, 0.7680000000000001, 0.824, 0.82, 0.8400000000000002], 
        [0.532, 0.9180000000000001, 0.84, 0.9519999999999998, 0.9640000000000001, 0.9599999999999999, 0.9440000000000001, 0.972, 0.9520000000000001, 0.9279999999999999, 0.74, 0.748, 0.7959999999999999, 0.792, 0.8479999999999999, 0.78, 0.8280000000000001, 0.764, 0.8140000000000001, 0.7559999999999999]],

    "NC": [[0.52, 0.612, 0.824, 0.8160000000000001, 0.7879999999999999, 0.8039999999999999, 0.8440000000000001, 0.8959999999999999, 0.8280000000000001, 0.696, 0.856, 0.8560000000000001, 0.804, 0.836, 0.82, 0.884, 0.7959999999999999, 0.84, 0.8320000000000001, 0.752], 
        [0.62, 0.868, 0.9039999999999999, 0.9280000000000002, 0.948, 0.944, 0.9079999999999999, 0.9600000000000002, 0.988, 0.9719999999999999, 0.836, 0.8280000000000001, 0.9200000000000002, 0.932, 0.94, 0.9440000000000001, 0.94, 0.916, 0.94, 0.924]],

    "NN": [[0.508, 0.6439999999999999, 0.8399999999999999, 0.8640000000000001, 0.948, 0.98, 0.88, 0.96, 0.976, 0.532, 0.6960000000000001, 0.732, 0.772, 0.708, 0.6920000000000001, 0.7, 0.7759999999999999, 0.792, 0.7559999999999999, 0.628], 
        [0.512, 0.888, 0.9560000000000001, 0.976, 0.968, 0.98, 0.956, 0.96, 0.988, 0.988, 0.592, 0.7080000000000001, 0.72, 0.716, 0.764, 0.81, 0.768, 0.772, 0.72, 0.7759999999999999]],

    "NS": [[0.5159999999999999, 0.676, 0.852, 0.8680000000000001, 0.9119999999999999, 0.8800000000000001, 0.8599999999999999, 0.856, 0.8280000000000001, 0.672, 0.812, 0.7560000000000001, 0.772, 0.7719999999999999, 0.792, 0.728, 0.7440000000000001, 0.7880000000000001, 0.74, 0.7], 
        [0.5239999999999999, 0.9280000000000002, 0.9600000000000002, 0.948, 0.976, 0.988, 0.948, 0.94, 0.9079999999999999, 0.9520000000000001, 0.76, 0.7959999999999999, 0.8280000000000001, 0.8079999999999999, 0.852, 0.792, 0.82, 0.836, 0.88, 0.84]],

    "SC": [[0.5239999999999999, 0.672, 0.872, 0.8640000000000001, 0.8440000000000001, 0.8759999999999999, 0.888, 0.868, 0.9, 0.544, 0.708, 0.6519999999999999, 0.6559999999999999, 0.7120000000000001, 0.672, 0.7080000000000001, 0.6920000000000001, 0.6759999999999999, 0.6880000000000002, 0.68], 
        [0.66, 0.848, 0.92, 0.9280000000000002, 0.9440000000000001, 0.9359999999999999, 0.9440000000000001, 0.9, 0.9680000000000001, 0.9520000000000001, 0.6920000000000001, 0.824, 0.696, 0.748, 0.7680000000000001, 0.736, 0.736, 0.732, 0.7, 0.7440000000000001]],

    "SN": [[0.52, 0.6920000000000001, 0.8680000000000001, 0.8759999999999999, 0.8959999999999999, 0.86, 0.884, 0.9159999999999999, 0.9039999999999999, 0.35600000000000004, 0.636, 0.5760000000000001, 0.5480000000000002, 0.524, 0.5479999999999999, 0.49599999999999994, 0.5519999999999999, 0.52, 0.524, 0.38799999999999996], 
        [0.524, 0.8879999999999998, 0.9840000000000001, 0.972, 0.992, 0.976, 0.94, 0.94, 0.972, 1.0, 0.408, 0.504, 0.5479999999999999, 0.568, 0.596, 0.5599999999999999, 0.568, 0.624, 0.528, 0.5479999999999999]],

    "SS": [[0.512, 0.676, 0.8759999999999999, 0.8920000000000001, 0.852, 0.8960000000000001, 0.852, 0.8759999999999999, 0.792, 0.3, 0.5800000000000001, 0.32, 0.4639999999999999, 0.408, 0.40399999999999997, 0.4439999999999999, 0.48, 0.43200000000000005, 0.44799999999999995, 0.344], 
        [0.508, 0.9319999999999999, 0.904, 0.9799999999999999, 0.98, 0.996, 0.94, 0.94, 0.94, 0.924, 0.3440000000000001, 0.472, 0.37599999999999995, 0.5039999999999999, 0.41600000000000004, 0.44800000000000006, 0.47600000000000003, 0.44, 0.35600000000000004, 0.36]]
}