{"CC": [271.73600000000005, 266.966], "CN": [263.49199999999996, 262.68199999999996], "CS": [263.122, 264.972], "NC": [269.99799999999993, 264.9479999999999], "NN": [257.848, 256.63800000000003], "NS": [262.2699999999999, 261.3599999999999], "SC": [264.902, 256.202], "SN": [256.392, 254.45199999999997], "SS": [253.264, 251.93400000000003]}