{"CC": [-0.466, -0.25600000000000006], 
"CN": [-0.33950000000000014, -0.20850000000000005], 
"CS": [-0.9909999999999999, -0.32], 
"NC": [-0.6565000000000001, -1.287], 
"NN": [0.29999999999999993, 0.182], 
"NS": [-0.8210000000000001, -0.17049999999999996], 
"SC": [-0.9094999999999999, -1.2029999999999998], 
"SN": [-0.4490000000000001, -0.2829999999999999], 
"SS": [0.14500000000000007, 0.526]}