{"CC": [0.34950000000000003, -0.07600000000000011], 
"CN": [0.25649999999999984, 0.025999999999999933], 
"CS": [0.45999999999999996, 0.19599999999999987], 
"NC": [0.30599999999999994, -0.21000000000000005], 
"NN": [-0.174, -0.4000000000000001], 
"NS": [0.18650000000000008, 0.06849999999999996], 
"SC": [-0.2515, -0.4780000000000002], 
"SN": [-0.31649999999999995, -0.5080000000000002], 
"SS": [-0.4694999999999999, -0.6329999999999998]}