{
    "CC": [[0.747, 0.8099999999999998, 0.835, 0.8469999999999999, 0.8360000000000001, 0.8500000000000001, 0.871, 0.86, 0.872, 0.861, 0.879, 0.8759999999999999, 0.8550000000000001, 0.8510000000000001, 0.8780000000000001, 0.85, 0.8690000000000002, 0.8340000000000001, 0.8539999999999999, 0.8759999999999999], 
            [0.9570000000000001, 0.9470000000000002, 0.9740000000000002, 0.96, 0.9780000000000001, 0.975, 0.9890000000000001, 0.995, 0.996, 0.996, 0.995, 0.998, 0.997, 1.0, 0.9940000000000001, 1.0, 1.0, 1.0, 1.0, 1.0]],
    
    "CN": [[0.75, 0.8439999999999999, 0.8340000000000002, 0.8550000000000001, 0.8279999999999998, 0.8469999999999999, 0.848, 0.8209999999999998, 0.83, 0.8249999999999998, 0.825, 0.84, 0.815, 0.821, 0.847, 0.813, 0.8420000000000001, 0.8490000000000001, 0.8310000000000001, 0.846], 
            [0.55, 0.8049999999999994, 0.895, 0.9039999999999999, 0.93, 0.961, 0.972, 0.975, 0.986, 0.991, 0.9669999999999999, 0.9789999999999999, 0.971, 0.9610000000000001, 0.9509999999999998, 0.955, 0.9390000000000001, 0.9440000000000002, 0.9520000000000001, 0.9490000000000001]],

    "CS": [[0.7340000000000001, 0.8230000000000003, 0.811, 0.83, 0.8180000000000001, 0.7790000000000002, 0.7889999999999999, 0.76, 0.806, 0.8000000000000002, 0.782, 0.7639999999999999, 0.7820000000000001, 0.7850000000000001, 0.76, 0.7550000000000001, 0.762, 0.7709999999999998, 0.775, 0.71], 
            [0.45600000000000007, 0.7430000000000001, 0.7439999999999998, 0.7659999999999999, 0.7859999999999999, 0.7879999999999998, 0.794, 0.789, 0.7939999999999999, 0.7760000000000001, 0.7429999999999999, 0.755, 0.727, 0.7259999999999998, 0.7250000000000001, 0.6920000000000001, 0.6559999999999999, 0.6279999999999999, 0.5859999999999999, 0.529]],

    "NC": [[0.58, 0.6979999999999997, 0.664, 0.6549999999999998, 0.65, 0.638, 0.659, 0.684, 0.6639999999999999, 0.687, 0.6740000000000002, 0.659, 0.6890000000000001, 0.6579999999999999, 0.675, 0.6750000000000002, 0.67, 0.7020000000000001, 0.675, 0.6869999999999997], 
            [0.9609999999999999, 0.9090000000000003, 0.9569999999999999, 0.9720000000000002, 0.987, 0.9790000000000002, 0.985, 0.9899999999999999, 0.9939999999999999, 0.9980000000000001, 1.0, 0.9980000000000001, 0.997, 0.995, 0.998, 0.995, 0.986, 0.9960000000000001, 0.992, 0.99]],

    "NN": [[0.5980000000000001, 0.629, 0.622, 0.661, 0.617, 0.6030000000000001, 0.6410000000000002, 0.6460000000000001, 0.639, 0.6120000000000001, 0.6210000000000002, 0.6100000000000001, 0.6140000000000001, 0.6080000000000001, 0.6099999999999999, 0.6010000000000002, 0.632, 0.5870000000000002, 0.6250000000000001, 0.618], 
            [0.534, 0.7565, 0.879, 0.8639999999999999, 0.875, 0.9060000000000001, 0.9269999999999999, 0.9469999999999998, 0.9460000000000001, 0.9519999999999998, 0.9420000000000001, 0.946, 0.938, 0.9479999999999998, 0.9350000000000002, 0.915, 0.9119999999999999, 0.9200000000000002, 0.9139999999999999, 0.9125]],

    "NS": [[0.5780000000000001, 0.6419999999999999, 0.6239999999999999, 0.6439999999999999, 0.6199999999999999, 0.6000000000000001, 0.592, 0.5900000000000002, 0.565, 0.5580000000000002, 0.563, 0.562, 0.562, 0.546, 0.555, 0.5790000000000001, 0.5350000000000001, 0.5519999999999999, 0.585, 0.5030000000000001], 
            [0.49500000000000005, 0.7019999999999998, 0.7460000000000001, 0.7300000000000001, 0.7229999999999999, 0.7239999999999999, 0.748, 0.7290000000000001, 0.7170000000000001, 0.72, 0.7080000000000001, 0.7110000000000001, 0.6830000000000004, 0.655, 0.652, 0.6170000000000002, 0.6139999999999999, 0.5660000000000001, 0.5549999999999999, 0.48]],

    "SC": [[0.44599999999999995, 0.535, 0.5109999999999999, 0.5110000000000001, 0.46600000000000014, 0.5059999999999998, 0.465, 0.4850000000000001, 0.493, 0.498, 0.504, 0.48700000000000004, 0.4610000000000001, 0.47600000000000003, 0.449, 0.485, 0.486, 0.48499999999999993, 0.47000000000000014, 0.3629999999999999], 
            [0.9684999999999999, 0.894, 0.9420000000000005, 0.9330000000000002, 0.935, 0.9460000000000004, 0.9500000000000002, 0.964, 0.9500000000000003, 0.9640000000000001, 0.963, 0.9580000000000001, 0.956, 0.961, 0.9619999999999999, 0.9600000000000002, 0.954, 0.9620000000000001, 0.961, 0.965]],

    "SN": [[0.4590000000000001, 0.551, 0.5010000000000001, 0.45, 0.44800000000000006, 0.434, 0.425, 0.4279999999999998, 0.40800000000000003, 0.4210000000000001, 0.424, 0.43000000000000005, 0.419, 0.37799999999999995, 0.38299999999999995, 0.377, 0.38, 0.384, 0.385, 0.25099999999999995], 
            [0.5485000000000002, 0.6659999999999999, 0.7899999999999998, 0.79, 0.7850000000000001, 0.7730000000000001, 0.7879999999999999, 0.77, 0.7829999999999998, 0.7989999999999999, 0.7469999999999999, 0.7369999999999999, 0.732, 0.735, 0.721, 0.726, 0.7030000000000001, 0.7210000000000001, 0.7210000000000001, 0.741]],

    "SS": [[0.4649999999999999, 0.513, 0.462, 0.4470000000000001, 0.41700000000000004, 0.40700000000000003, 0.3489999999999999, 0.34700000000000003, 0.35400000000000004, 0.3940000000000001, 0.38699999999999996, 0.358, 0.37400000000000005, 0.391, 0.365, 0.35700000000000004, 0.36599999999999994, 0.34700000000000003, 0.293, 0.19899999999999998], 
            [0.501, 0.6969999999999998, 0.6789999999999998, 0.6459999999999999, 0.6759999999999999, 0.6420000000000001, 0.6630000000000001, 0.6869999999999998, 0.674, 0.661, 0.6429999999999998, 0.6289999999999999, 0.6040000000000001, 0.593, 0.5729999999999998, 0.5469999999999999, 0.525, 0.518, 0.508, 0.4639999999999999]]
}