{"model_a": [0.524, 0.7519999999999999, 0.816, 0.8759999999999999, 0.916, 0.872, 0.932, 0.892, 0.9359999999999999, 0.8079999999999999, 0.8760000000000001, 0.86, 0.8759999999999999, 0.852, 0.884, 0.868, 0.912, 0.9279999999999999, 0.904, 0.8079999999999999], "model_b": [0.6559999999999998, 0.9079999999999999, 0.956, 0.976, 0.976, 0.98, 0.988, 0.976, 0.98, 0.996, 0.872, 0.892, 0.9, 0.9359999999999999, 0.956, 0.96, 0.96, 0.96, 0.96, 0.96]}