{"model_a": [0.648, 0.7799999999999998, 0.7000000000000002, 0.8080000000000002, 0.7639999999999999, 0.812, 0.7439999999999999, 0.7439999999999999, 0.7040000000000001, 0.7719999999999999, 0.752, 0.768, 0.78, 0.804, 0.7839999999999999, 0.736, 0.792, 0.82, 0.8080000000000002, 0.78], "model_b": [0.5940000000000001, 0.8240000000000001, 0.9239999999999999, 0.8440000000000002, 0.8440000000000001, 0.852, 0.912, 0.828, 0.9280000000000002, 0.836, 0.9079999999999999, 0.852, 0.8400000000000002, 0.848, 0.9079999999999999, 0.8480000000000001, 0.868, 0.868, 0.82, 0.86]}