{"model_a": [0.8959999999999999, 0.9600000000000002, 0.932, 1.0, 0.9560000000000001, 0.9159999999999999, 0.9520000000000001, 0.912, 0.9640000000000001, 0.96, 0.9719999999999999, 0.94, 0.972, 0.96, 0.972, 0.9440000000000001, 0.992, 0.9640000000000001, 1.0, 0.94], "model_b": [0.512, 0.8440000000000001, 0.924, 0.848, 0.912, 0.9359999999999999, 0.9359999999999999, 0.924, 0.956, 0.972, 0.968, 0.96, 0.96, 0.96, 0.98, 0.972, 0.98, 0.98, 0.968, 0.96]}