{"model_a": [0.5359999999999999, 0.804, 0.872, 0.9, 0.924, 0.8960000000000001, 0.8959999999999999, 0.95, 0.932, 0.924, 0.892, 0.9, 0.972, 0.932, 0.9440000000000001, 0.9359999999999999, 0.972, 0.9520000000000001, 0.9279999999999999, 0.9079999999999999], "model_b": [0.528, 0.8560000000000001, 0.884, 0.9159999999999999, 0.932, 0.9640000000000001, 0.968, 0.98, 0.9520000000000001, 0.98, 0.9079999999999999, 0.972, 0.96, 0.968, 0.98, 0.972, 0.992, 1.0, 0.988, 0.98]}