{"model_a": [0.91, 0.988, 0.9599999999999999, 0.964, 0.9840000000000001, 0.972, 0.9, 0.98, 0.992, 0.9840000000000001, 0.992, 0.9640000000000001, 0.96, 0.968, 0.96, 0.96, 0.96, 0.948, 0.976, 0.968], "model_b": [0.6319999999999999, 0.8839999999999999, 0.964, 0.9519999999999998, 0.996, 0.988, 0.976, 1.0, 1.0, 1.0, 1.0, 1.0, 1.0, 1.0, 1.0, 1.0, 1.0, 1.0, 1.0, 1.0]}