{"model_a": [0.68, 0.7759999999999999, 0.764, 0.8560000000000001, 0.7879999999999999, 0.824, 0.8160000000000001, 0.7919999999999999, 0.8240000000000001, 0.8759999999999999, 0.8, 0.8440000000000001, 0.852, 0.8240000000000001, 0.7879999999999999, 0.8320000000000001, 0.84, 0.8160000000000001, 0.8320000000000001, 0.812], "model_b": [0.528, 0.7520000000000002, 0.888, 0.9199999999999998, 0.932, 0.9799999999999999, 0.968, 0.988, 0.976, 0.996, 1.0, 1.0, 0.988, 1.0, 0.992, 1.0, 0.988, 1.0, 0.996, 1.0]}