{"model_a": [0.8360000000000001, 0.8959999999999999, 0.8480000000000001, 0.836, 0.88, 0.884, 0.912, 0.9280000000000002, 0.9079999999999999, 0.888, 0.8760000000000001, 0.892, 0.904, 0.94, 0.904, 0.9480000000000001, 0.932, 0.9520000000000001, 0.92, 0.9520000000000001], "model_b": [0.5519999999999999, 0.86, 0.9359999999999999, 0.92, 0.9279999999999999, 0.976, 0.948, 0.9719999999999999, 0.948, 0.98, 0.9520000000000001, 0.98, 0.98, 0.98, 0.96, 0.9359999999999999, 0.948, 0.9520000000000001, 0.96, 0.96]}