{"model_a": [0.488, 0.7239999999999999, 0.9119999999999999, 0.9080000000000001, 0.9520000000000001, 0.9079999999999999, 0.9520000000000001, 0.912, 0.96, 0.96, 0.904, 0.968, 0.98, 0.9, 0.932, 0.948, 0.9, 0.92, 0.92, 0.0], "model_b": [0.5, 0.888, 0.92, 0.9359999999999999, 0.9159999999999999, 0.948, 0.94, 0.9480000000000001, 0.9520000000000001, 0.948, 0.948, 0.9520000000000001, 0.9520000000000001, 0.94, 0.9520000000000001, 0.94, 0.96, 0.96, 0.96, 0.804]}