{"model_a": [0.532, 0.6679999999999999, 0.8199999999999998, 0.912, 0.9159999999999999, 0.8759999999999999, 0.948, 0.932, 0.924, 0.968, 0.98, 0.92, 0.94, 0.932, 0.9279999999999999, 0.92, 0.9359999999999999, 0.88, 0.8919999999999999, 0.308], "model_b": [0.62, 0.932, 0.964, 0.968, 0.96, 0.996, 0.9640000000000001, 0.992, 0.972, 0.9840000000000001, 0.9640000000000001, 0.988, 0.96, 0.988, 0.96, 0.94, 0.96, 0.96, 0.956, 0.96]}