{"model_a": [0.638, 0.8040000000000002, 0.848, 0.772, 0.74, 0.732, 0.816, 0.7440000000000001, 0.736, 0.792, 0.728, 0.752, 0.72, 0.784, 0.7559999999999999, 0.7360000000000001, 0.7879999999999999, 0.7719999999999999, 0.7319999999999999, 0.748], "model_b": [0.488, 0.8240000000000001, 0.884, 0.86, 0.8, 0.92, 0.86, 0.804, 0.8440000000000001, 0.8360000000000001, 0.7879999999999998, 0.828, 0.824, 0.8079999999999999, 0.8360000000000001, 0.816, 0.8240000000000001, 0.852, 0.824, 0.836]}