{"model_a": [0.5239999999999999, 0.672, 0.872, 0.8640000000000001, 0.8440000000000001, 0.8759999999999999, 0.888, 0.868, 0.9, 0.544, 0.708, 0.6519999999999999, 0.6559999999999999, 0.7120000000000001, 0.672, 0.7080000000000001, 0.6920000000000001, 0.6759999999999999, 0.6880000000000002, 0.68], "model_b": [0.66, 0.848, 0.92, 0.9280000000000002, 0.9440000000000001, 0.9359999999999999, 0.9440000000000001, 0.9, 0.9680000000000001, 0.9520000000000001, 0.6920000000000001, 0.824, 0.696, 0.748, 0.7680000000000001, 0.736, 0.736, 0.732, 0.7, 0.7440000000000001]}