{"model_a": [0.7939999999999999, 0.9319999999999997, 0.944, 0.9519999999999998, 0.904, 0.964, 0.9440000000000001, 0.9520000000000001, 0.932, 0.948, 0.9279999999999999, 0.96, 0.9640000000000001, 1.0, 0.972, 0.976, 0.992, 0.96, 0.992, 1.0], "model_b": [0.5199999999999999, 0.816, 0.9159999999999999, 0.912, 0.968, 0.9359999999999999, 0.9640000000000001, 0.948, 0.9480000000000001, 0.9519999999999998, 0.96, 0.9719999999999999, 0.9560000000000001, 0.96, 0.94, 0.94, 0.9359999999999999, 0.9520000000000001, 0.988, 0.98]}