{"model_a": [0.7160000000000001, 0.816, 0.78, 0.7439999999999999, 0.7760000000000001, 0.82, 0.72, 0.752, 0.74, 0.696, 0.7440000000000001, 0.7, 0.7239999999999999, 0.7240000000000001, 0.74, 0.684, 0.768, 0.7240000000000001, 0.708, 0.7519999999999999], "model_b": [0.6659999999999999, 0.8279999999999997, 0.9039999999999999, 0.8240000000000001, 0.8319999999999999, 0.8640000000000001, 0.88, 0.8959999999999999, 0.948, 0.924, 0.9520000000000001, 0.94, 0.968, 0.956, 0.96, 0.96, 0.98, 0.972, 0.98, 0.98]}