{"model_a": [0.536, 0.7119999999999999, 0.848, 0.8959999999999999, 0.92, 0.9279999999999999, 0.912, 0.9279999999999999, 0.972, 0.8959999999999999, 0.888, 0.98, 0.948, 0.9520000000000001, 0.94, 0.936, 0.9640000000000001, 0.94, 0.84, 0.08800000000000001], "model_b": [0.524, 0.872, 0.9239999999999999, 0.96, 0.9640000000000001, 0.96, 0.9840000000000001, 1.0, 0.98, 1.0, 1.0, 0.992, 0.992, 1.0, 0.992, 0.98, 0.992, 1.0, 1.0, 0.96]}