{"model_a": [0.588, 0.816, 0.9680000000000001, 0.968, 0.9800000000000001, 0.976, 0.956, 0.98, 1.0, 0.972, 1.0, 1.0, 0.968, 1.0, 1.0, 0.972, 0.996, 0.996, 0.968, 0.264], "model_b": [0.568, 0.916, 0.9840000000000001, 0.98, 0.992, 0.988, 0.98, 0.988, 0.956, 1.0, 0.98, 0.98, 1.0, 0.98, 0.98, 0.976, 0.98, 0.98, 0.98, 0.84]}