{"model_a": [0.7360000000000001, 0.828, 0.768, 0.8440000000000001, 0.824, 0.7239999999999999, 0.7879999999999999, 0.708, 0.7839999999999999, 0.696, 0.672, 0.7319999999999999, 0.704, 0.72, 0.624, 0.708, 0.704, 0.7, 0.7, 0.72], "model_b": [0.512, 0.8360000000000001, 0.8240000000000001, 0.8880000000000001, 0.8079999999999999, 0.768, 0.824, 0.828, 0.836, 0.8680000000000001, 0.816, 0.8479999999999999, 0.8240000000000001, 0.84, 0.872, 0.8759999999999999, 0.848, 0.9159999999999999, 0.868, 0.86]}