{"model_a": [0.71, 0.8240000000000002, 0.7120000000000001, 0.7080000000000001, 0.688, 0.6920000000000001, 0.7040000000000001, 0.6920000000000002, 0.62, 0.572, 0.68, 0.588, 0.6480000000000001, 0.632, 0.6, 0.6080000000000001, 0.636, 0.6639999999999999, 0.596, 0.5479999999999999], "model_b": [0.606, 0.828, 0.86, 0.84, 0.9, 0.9079999999999999, 0.9199999999999998, 0.9, 0.8959999999999999, 0.912, 0.8760000000000001, 0.912, 0.9159999999999999, 0.92, 0.94, 0.94, 0.92, 0.932, 0.92, 0.932]}