{"model_a": [0.518, 0.672, 0.8520000000000002, 0.892, 0.9, 0.912, 0.88, 0.924, 0.872, 0.8959999999999999, 0.872, 0.944, 0.9359999999999999, 0.92, 0.94, 0.9079999999999999, 0.912, 0.8959999999999999, 0.8640000000000001, 0.272], "model_b": [0.72, 0.86, 0.9279999999999999, 0.9279999999999999, 0.948, 0.964, 0.9440000000000001, 0.9640000000000001, 0.9640000000000001, 0.96, 0.972, 0.972, 0.968, 0.972, 0.992, 0.988, 0.992, 0.988, 0.996, 1.0]}