{"model_a": [0.5159999999999999, 0.8100000000000002, 0.836, 0.78, 0.74, 0.6919999999999998, 0.688, 0.748, 0.696, 0.796, 0.688, 0.7559999999999999, 0.732, 0.748, 0.76, 0.7120000000000001, 0.7439999999999999, 0.7759999999999999, 0.716, 0.62], "model_b": [0.49599999999999994, 0.7559999999999998, 0.84, 0.7679999999999998, 0.7840000000000003, 0.78, 0.804, 0.8, 0.852, 0.792, 0.812, 0.7759999999999999, 0.8320000000000001, 0.7559999999999999, 0.768, 0.772, 0.74, 0.7120000000000002, 0.7, 0.612]}