{"model_a": [0.52, 0.612, 0.824, 0.8160000000000001, 0.7879999999999999, 0.8039999999999999, 0.8440000000000001, 0.8959999999999999, 0.8280000000000001, 0.696, 0.856, 0.8560000000000001, 0.804, 0.836, 0.82, 0.884, 0.7959999999999999, 0.84, 0.8320000000000001, 0.752], "model_b": [0.62, 0.868, 0.9039999999999999, 0.9280000000000002, 0.948, 0.944, 0.9079999999999999, 0.9600000000000002, 0.988, 0.9719999999999999, 0.836, 0.8280000000000001, 0.9200000000000002, 0.932, 0.94, 0.9440000000000001, 0.94, 0.916, 0.94, 0.924]}