{"model_a": [0.604, 0.784, 0.7160000000000001, 0.6599999999999998, 0.836, 0.708, 0.7559999999999999, 0.612, 0.6519999999999999, 0.696, 0.752, 0.7600000000000001, 0.64, 0.764, 0.66, 0.644, 0.6480000000000001, 0.7, 0.6759999999999999, 0.632], "model_b": [0.5479999999999999, 0.7759999999999999, 0.936, 0.94, 0.872, 0.916, 0.884, 0.924, 0.88, 0.9520000000000001, 0.9359999999999999, 0.96, 0.956, 0.9640000000000001, 0.94, 0.94, 0.972, 0.972, 0.9840000000000001, 0.98]}