{"model_a": [0.516, 0.644, 0.812, 0.74, 0.84, 0.8360000000000001, 0.812, 0.7879999999999999, 0.8480000000000001, 0.784, 0.764, 0.7839999999999999, 0.8160000000000001, 0.7240000000000001, 0.7680000000000001, 0.7280000000000001, 0.752, 0.764, 0.7440000000000001, 0.12], "model_b": [0.7839999999999999, 0.8160000000000001, 0.872, 0.9039999999999999, 0.9359999999999999, 0.9039999999999999, 0.9239999999999999, 0.9239999999999999, 0.956, 0.9440000000000001, 0.932, 0.9119999999999999, 0.92, 0.932, 0.932, 0.948, 0.96, 0.94, 0.956, 0.94]}