{"model_a": [0.5, 0.6759999999999999, 0.812, 0.9039999999999999, 0.916, 0.9359999999999999, 0.948, 0.932, 0.9440000000000001, 0.94, 0.9159999999999999, 0.9719999999999999, 0.932, 0.92, 0.932, 0.956, 0.972, 0.9319999999999999, 0.956, 0.272], "model_b": [0.528, 0.944, 0.8759999999999999, 0.948, 0.9520000000000001, 0.92, 0.94, 0.9279999999999999, 0.932, 0.9159999999999999, 0.9239999999999999, 0.9239999999999999, 0.94, 0.948, 0.92, 0.948, 0.96, 0.96, 0.956, 0.88]}