{"model_a": [0.52, 0.6920000000000001, 0.8680000000000001, 0.8759999999999999, 0.8959999999999999, 0.86, 0.884, 0.9159999999999999, 0.9039999999999999, 0.35600000000000004, 0.636, 0.5760000000000001, 0.5480000000000002, 0.524, 0.5479999999999999, 0.49599999999999994, 0.5519999999999999, 0.52, 0.524, 0.38799999999999996], "model_b": [0.524, 0.8879999999999998, 0.9840000000000001, 0.972, 0.992, 0.976, 0.94, 0.94, 0.972, 1.0, 0.408, 0.504, 0.5479999999999999, 0.568, 0.596, 0.5599999999999999, 0.568, 0.624, 0.528, 0.5479999999999999]}