{"model_a": [0.66, 0.7959999999999999, 0.8160000000000001, 0.852, 0.8080000000000002, 0.856, 0.86, 0.8039999999999999, 0.82, 0.856, 0.828, 0.86, 0.9, 0.812, 0.868, 0.86, 0.84, 0.872, 0.86, 0.8480000000000001], "model_b": [0.536, 0.8080000000000002, 0.9200000000000002, 0.88, 0.892, 0.96, 0.96, 0.8959999999999999, 0.9359999999999999, 0.92, 0.94, 0.9080000000000001, 0.956, 0.972, 0.9480000000000001, 0.968, 0.968, 0.9600000000000002, 0.972, 0.98]}