{"model_a": [0.508, 0.6439999999999999, 0.8399999999999999, 0.8640000000000001, 0.948, 0.98, 0.88, 0.96, 0.976, 0.532, 0.6960000000000001, 0.732, 0.772, 0.708, 0.6920000000000001, 0.7, 0.7759999999999999, 0.792, 0.7559999999999999, 0.628], "model_b": [0.512, 0.888, 0.9560000000000001, 0.976, 0.968, 0.98, 0.956, 0.96, 0.988, 0.988, 0.592, 0.7080000000000001, 0.72, 0.716, 0.764, 0.81, 0.768, 0.772, 0.72, 0.7759999999999999]}