{"model_a": [0.5159999999999999, 0.676, 0.852, 0.8680000000000001, 0.9119999999999999, 0.8800000000000001, 0.8599999999999999, 0.856, 0.8280000000000001, 0.672, 0.812, 0.7560000000000001, 0.772, 0.7719999999999999, 0.792, 0.728, 0.7440000000000001, 0.7880000000000001, 0.74, 0.7], "model_b": [0.5239999999999999, 0.9280000000000002, 0.9600000000000002, 0.948, 0.976, 0.988, 0.948, 0.94, 0.9079999999999999, 0.9520000000000001, 0.76, 0.7959999999999999, 0.8280000000000001, 0.8079999999999999, 0.852, 0.792, 0.82, 0.836, 0.88, 0.84]}