{"model_a": [0.576, 0.772, 0.58, 0.66, 0.64, 0.6040000000000001, 0.608, 0.5880000000000001, 0.5760000000000001, 0.572, 0.5159999999999999, 0.6240000000000001, 0.5519999999999999, 0.552, 0.588, 0.564, 0.58, 0.56, 0.552, 0.452], "model_b": [0.588, 0.7880000000000003, 0.8599999999999999, 0.8320000000000001, 0.84, 0.7799999999999998, 0.84, 0.7, 0.7999999999999998, 0.772, 0.7319999999999999, 0.728, 0.7879999999999999, 0.628, 0.696, 0.628, 0.64, 0.644, 0.648, 0.66]}