{"model_a": [0.588, 0.8640000000000001, 0.964, 0.964, 0.96, 0.9840000000000001, 0.94, 0.9520000000000001, 0.9880000000000001, 0.964, 0.976, 1.0, 0.9440000000000001, 0.956, 0.968, 0.9760000000000001, 0.9680000000000001, 0.9760000000000001, 0.8880000000000001, 0.23199999999999998], "model_b": [0.5599999999999999, 0.9079999999999999, 0.9279999999999999, 0.9520000000000001, 0.948, 0.956, 0.9880000000000001, 0.972, 0.9840000000000001, 0.978, 1.0, 0.9840000000000001, 0.988, 0.992, 1.0, 0.992, 1.0, 0.996, 1.0, 0.96]}