{"model_a": [0.556, 0.7880000000000001, 0.884, 0.9359999999999999, 0.8440000000000002, 0.8759999999999999, 0.9079999999999999, 0.9319999999999999, 0.94, 0.9640000000000001, 0.9359999999999999, 0.9440000000000001, 0.9440000000000001, 0.944, 0.9520000000000001, 0.956, 0.912, 0.972, 0.92, 0.4], "model_b": [0.7760000000000001, 0.824, 0.9239999999999999, 0.92, 0.9239999999999999, 0.9640000000000001, 0.988, 0.936, 0.9839999999999999, 0.9440000000000001, 0.992, 0.948, 1.0, 0.968, 0.9840000000000001, 0.98, 0.996, 0.992, 0.996, 0.96]}