{"model_a": [0.5509433962264151, 0.7440000000000001, 0.7799999999999998, 0.7239999999999999, 0.7, 0.7, 0.6800000000000002, 0.6880000000000002, 0.648, 0.5319999999999999, 0.648, 0.592, 0.6, 0.572, 0.4799999999999999, 0.58, 0.49999999999999983, 0.52, 0.588, 0.568], "model_b": [0.5471698113207547, 0.7680000000000001, 0.8759999999999999, 0.7559999999999999, 0.816, 0.7839999999999999, 0.7919999999999999, 0.8, 0.8439999999999999, 0.816, 0.8240000000000001, 0.7879999999999999, 0.812, 0.764, 0.7959999999999999, 0.784, 0.7959999999999999, 0.816, 0.816, 0.82]}