{"model_a": [0.5499999999999999, 0.728, 0.904, 0.852, 0.92, 0.9, 0.912, 0.944, 0.924, 0.736, 0.86, 0.8639999999999999, 0.772, 0.8640000000000001, 0.76, 0.848, 0.7680000000000001, 0.824, 0.82, 0.8400000000000002], "model_b": [0.532, 0.9180000000000001, 0.84, 0.9519999999999998, 0.9640000000000001, 0.9599999999999999, 0.9440000000000001, 0.972, 0.9520000000000001, 0.9279999999999999, 0.74, 0.748, 0.7959999999999999, 0.792, 0.8479999999999999, 0.78, 0.8280000000000001, 0.764, 0.8140000000000001, 0.7559999999999999]}