{"model_a": [0.512, 0.676, 0.8759999999999999, 0.8920000000000001, 0.852, 0.8960000000000001, 0.852, 0.8759999999999999, 0.792, 0.3, 0.5800000000000001, 0.32, 0.4639999999999999, 0.408, 0.40399999999999997, 0.4439999999999999, 0.48, 0.43200000000000005, 0.44799999999999995, 0.344], "model_b": [0.508, 0.9319999999999999, 0.904, 0.9799999999999999, 0.98, 0.996, 0.94, 0.94, 0.94, 0.924, 0.3440000000000001, 0.472, 0.37599999999999995, 0.5039999999999999, 0.41600000000000004, 0.44800000000000006, 0.47600000000000003, 0.44, 0.35600000000000004, 0.36]}