{"model_a": [0.648, 0.7240000000000001, 0.768, 0.7439999999999999, 0.7880000000000001, 0.8200000000000002, 0.82, 0.72, 0.716, 0.752, 0.6920000000000001, 0.748, 0.6679999999999999, 0.6639999999999999, 0.7319999999999999, 0.784, 0.684, 0.696, 0.688, 0.624], "model_b": [0.5359999999999999, 0.7959999999999999, 0.8680000000000001, 0.84, 0.8160000000000001, 0.8240000000000001, 0.88, 0.8880000000000001, 0.8639999999999999, 0.856, 0.904, 0.836, 0.8959999999999999, 0.8439999999999999, 0.8360000000000001, 0.86, 0.852, 0.86, 0.824, 0.9159999999999999]}