{"model_a": [0.9119999999999999, 0.972, 0.96, 0.9159999999999999, 0.988, 0.976, 0.96, 0.988, 0.98, 0.96, 0.936, 0.972, 0.9840000000000001, 0.9840000000000001, 0.98, 0.992, 0.932, 0.98, 0.912, 0.96], "model_b": [0.66, 0.8959999999999999, 0.9599999999999999, 0.9599999999999999, 1.0, 0.976, 1.0, 0.992, 0.988, 0.98, 0.996, 1.0, 1.0, 1.0, 1.0, 1.0, 1.0, 1.0, 1.0, 1.0]}