{"model_a": [0.8079999999999999, 0.9159999999999999, 0.8719999999999999, 0.8919999999999999, 0.8759999999999999, 0.88, 0.8519999999999999, 0.8839999999999999, 0.8960000000000001, 0.868, 0.924, 0.904, 0.872, 0.9159999999999999, 0.884, 0.872, 0.868, 0.812, 0.836, 0.82], "model_b": [0.516, 0.8280000000000003, 0.84, 0.8439999999999999, 0.868, 0.88, 0.904, 0.9359999999999999, 0.9159999999999999, 0.9359999999999999, 0.8320000000000001, 0.86, 0.796, 0.792, 0.7879999999999999, 0.768, 0.7600000000000001, 0.72, 0.6679999999999999, 0.68]}