{"CC": [[0.29400000000000004, 0.22014909856731202, 0.21623162025938789, 0.21402625633318909, 0.21358604823349303, 0.21358604823349303, 0.23924849006838084, 0.25909835970148465, 0.27718585822512665, 0.3092827832259659, 0.391509693366588, 0.391509693366588, 0.391509693366588, 0.391509693366588, 0.391509693366588, 0.391509693366588, 0.391509693366588, 0.391509693366588, 0.391509693366588, 0.5226258317381562], [0.1132059079730381, 0.1330925151915013, 0.14765188789852987, 0.16946917595834377, 0.1838642977850784, 0.20099319789485423, 0.20099319789485423, 0.17903717602777341, 0.18043713586731536, 0.18856789122223339, 0.21077063932151485, 0.24707663912235825, 0.26507867813160685, 0.2721154901875304, 0.2816609337483635, 0.2934703228607625, 0.2934703228607625, 0.2934703228607625, 0.2934703228607625, 0.2934703228607625]], "CN": [[0.16717547667047292, 0.1132059079730381, 0.097508768836449, 0.10465372234182581, 0.09924647298518954, 0.09924647298518954, 0.09924647298518954, 0.09924647298518954, 0.1694578413647475, 0.1694578413647475, 0.27718585822512665, 0.29383662127107285, 0.29383662127107285, 0.29383662127107285, 0.29383662127107285, 0.29383662127107285, 0.29383662127107285, 0.29383662127107285, 0.29383662127107285, 0.5226258317381562], [0.0, 0.03343509533409473, 0.06998599859971985, 0.08686139764014845, 0.11790992494272894, 0.1437496657387416, 0.1437496657387416, 0.1437496657387416, 0.1437496657387416, 0.196, 0.196, 0.22156670869063358, 0.24382116397064466, 0.24795355694161741, 0.25352279897476687, 0.2604367285925698, 0.2604367285925698, 0.2604367285925698, 0.2604367285925698, 0.2604367285925698]], "CS": [[0.21358604823349303, 0.13401298444553805, 0.12082251445819195, 0.01950175376728975, 0.0, 0.13830157772057405, 0.17099244895608684, 0.238532885783072, 0.31371635341499154, 0.34004729082879076, 0.36720588230582607, 0.3831586950598925, 0.3831586950598925, 0.3831586950598925, 0.41548301722212444, 0.42345073101837916, 0.41548301722212444, 0.41548301722212444, 0.41548301722212444, 0.39916207234656], [0.5015264300114198, 0.4808994905383036, 0.47928312467684464, 0.4832741598720128, 0.48639602629955736, 0.4934531126662387, 0.4940444287713406, 0.4940444287713406, 0.4943670199355939, 0.4930286401417269, 0.4930286401417269, 0.4930286401417269, 0.4930286401417269, 0.4930286401417269, 0.4930286401417269, 0.4875438441822438, 0.4875438441822438, 0.4875438441822438, 0.4875438441822438, 0.4875438441822438]], "NC": [[0.13719999999999993, 0.21358604823349303, 0.25909835970148476, 0.23682770108245355, 0.21715349410037116, 0.26586733533851037, 0.329577365727685, 0.40596137747327615, 0.41854146747962734, 0.44468681113790665, 0.5389109017268074, 0.5389109017268074, 0.5420206269137733, 0.5420206269137733, 0.5312829378024483, 0.534616722521845, 0.534616722521845, 0.534616722521845, 0.534616722521845, 0.512137911113794], [0.0, 0.10341670271285969, 0.12340219771138596, 0.14646328686739227, 0.16856, 0.1930276622663188, 0.2109528250581157, 0.2241266641879095, 0.3237917627117775, 0.3625258302521352, 0.40707647635303135, 0.43739190664665945, 0.4400189086846155, 0.4679435863434825, 0.47178221924951763, 0.4760823458184521, 0.4755131274738901, 0.4755131274738901, 0.4755131274738901, 0.4800999895855032]], "NN": [[0.09750876883644902, 0.16717547667047303, 0.19501753767289792, 0.1694578413647475, 0.19501753767289792, 0.2171534941003709, 0.2804581252165813, 0.34992999299859967, 0.36812014343146204, 0.40120199401299106, 0.46216118400402284, 0.45165136997467425, 0.4613292100008408, 0.4613292100008408, 0.4613292100008408, 0.4613292100008408, 0.4613292100008408, 0.4613292100008408, 0.4613292100008408, 0.5058167257021066], [0.0, 0.09963279781276844, 0.12425534354706826, 0.15654253862768389, 0.16557070272243207, 0.1792516175659233, 0.19222994147634745, 0.22877490771498515, 0.30927657266595526, 0.343593087241289, 0.3857965142403442, 0.4312178178136891, 0.43563177110950013, 0.44651880139586514, 0.44651880139586514, 0.44651880139586514, 0.44651880139586514, 0.44651880139586514, 0.44651880139586514, 0.44651880139586514]], "NS": [[0.0975087688364489, 0.1372, 0.16717547667047336, 0.1372, 0.09750876883644881, 0.21358604823349303, 0.28045812521658187, 0.34004729082879065, 0.392, 0.4350802684562927, 0.4816976645158246, 0.48596538971412373, 0.4973922395856209, 0.484480918096884, 0.49302864014172687, 0.4954576066627703, 0.4954576066627703, 0.4954576066627703, 0.4954576066627703, 0.44089109766471807], [0.5953852870200946, 0.489117204767937, 0.489117204767937, 0.489117204767937, 0.48842948313958284, 0.48842948313958284, 0.48517423674387294, 0.48368733702672034, 0.4731482220192742, 0.46743020869430335, 0.46423459586721844, 0.46080846346394316, 0.46080846346394316, 0.484480918096884, 0.453243378330009, 0.453243378330009, 0.453243378330009, 0.453243378330009, 0.453243378330009, 0.4776934581925941]], "SC": [[0.13720000000000004, 0.13720000000000004, 0.13720000000000004, 0.13720000000000004, 0.13859292911256332, 0.13720000000000004, 0.25004407611459234, 0.25004407611459234, 0.25004407611459234, 0.30663196180437574, 0.33649838038243246, 0.33649838038243246, 0.33649838038243246, 0.33649838038243246, 0.33649838038243246, 0.3672058823058261, 0.3672058823058261, 0.3672058823058261, 0.3763761416455618, 0.3473128848747197], [0.0390035075345795, 0.05092229374252508, 0.07681599833368044, 0.10697722374412232, 0.13864835520120672, 0.17366750300502407, 0.1694578413647477, 0.24208975525618578, 0.24268409424599713, 0.24268409424599713, 0.3076887882260256, 0.3207400916630159, 0.32325148104842444, 0.32325148104842444, 0.326908963474543, 0.326908963474543, 0.3544078915599932, 0.36484966986417894, 0.36484966986417894, 0.3747446191741787]], "SN": [[0.0, 0.0, 0.0, 0.0, 0.0, 0.0, 0.1920399958342013, 0.1920399958342013, 0.1920399958342013, 0.2804581252165817, 0.36392191470149227, 0.36392191470149227, 0.37394416695544314, 0.3834543519116719, 0.3834543519116719, 0.4162405073992682, 0.4320899906269522, 0.42446559342307133, 0.42446559342307133, 0.31846230546173], [0.0, 0.0, 0.0, 0.0, 0.0, 0.0, 0.0, 0.14672534341414906, 0.14672534341414906, 0.14672534341414906, 0.2538862075812705, 0.3114550394519252, 0.3114550394519252, 0.32298992182419584, 0.3338392691101513, 0.3338392691101513, 0.3628700615923005, 0.3717753708894662, 0.37973450936147485, 0.37973450936147485]], "SS": [[0.13720000000000013, 0.10620234272368939, 0.40120199401299106, 0.3473128848747198, 0.3473128848747198, 0.3672058823058261, 0.4350802684562927, 0.47395944974227455, 0.46578359782199313, 0.47395944974227455, 0.5007598626088159, 0.5144766661375425, 0.5166189698414106, 0.5218902566632184, 0.5218902566632184, 0.5399791107070717, 0.5399791107070717, 0.5424634181214435, 0.5442309803750608, 0.4394729115656622], [0.5250312844012252, 0.5132768126459638, 0.5161763357613366, 0.5241085444829157, 0.5347747847458779, 0.5500445887380405, 0.5534388941879674, 0.5572883548038662, 0.5621989327631282, 0.5621989327631282, 0.5608306339707203, 0.5218902566632185, 0.5203237069363644, 0.49768178588330947, 0.49768178588330947, 0.49768178588330947, 0.4954576066627703, 0.49302864014172687, 0.49302864014172687, 0.5144766661375425]]}