{"CC": [2.6637806143900056, 3.5604844479368296], "CN": [1.7989055113551684, 1.8903569924181], "CS": [7.45657507711845, 3.4084477994160363], "NC": [3.6320431851088992, 4.249482124713082], "NN": [3.2437693504292198, 3.57089174199163], "NS": [6.6769050574049675, 3.973290806573312], "SC": [2.8141517007467822, 2.5227098707096705], "SN": [1.9571684594883503, 2.5401988367401493], "SS": [6.9726490343042515, 4.1391452629623915]}