{"CC": [261.97999999999996, 259.09999999999997], "CN": [260.274, 257.524], "CS": [212.584, 262.254], "NC": [254.062, 245.02200000000005], "NN": [252.426, 247.90599999999998], "NS": [215.28, 253.48], "SC": [258.668, 251.85800000000003], "SN": [256.38200000000006, 252.09200000000004], "SS": [222.326, 246.266]}