{"CC": [4.303187101702177, 2.7009774008562153], "CN": [2.37564108998308, 2.4231986284446436], "CS": [2.903031290496196, 2.2768991924984294], "NC": [3.566785231271432, 3.833814090006974], "NN": [3.130981716826848, 2.804298273105768], "NS": [3.069169125610382, 3.114125446670379], "SC": [3.6775419151471267, 3.8891958731727576], "SN": [2.825436257950976, 3.192534518965141], "SS": [3.4420542999458923, 3.028363874400829]}