{"CC": [267.5279999999999, 251.54799999999994], "CN": [257.032, 252.16199999999998], "CS": [254.09, 252.38], "NC": [263.9679999999999, 242.59799999999996], "NN": [255.016, 250.446], "NS": [252.93, 251.83], "SC": [260.8139999999999, 229.384], "SN": [243.40399999999994, 234.67399999999995], "SS": [236.20799999999997, 232.70799999999997]}