{"CC": [[0.13720000000000004, 0.058505261301869234, 0.06998599859971989, 0.08231999999999999, 0.058505261301869234, 0.06148279759412384, 0.06148279759412384, 0.11593859754197489, 0.11593859754197489, 0.14992398607294294, 0.32592036082454284, 0.32957736572768487, 0.31846230546173, 0.31846230546173, 0.32957736572768503, 0.3834543519116718, 0.3834543519116718, 0.3924896941322157, 0.3924896941322157, 0.4875438441822438], [0.16927638464948386, 0.1539691969193838, 0.18074558473168864, 0.21891541745614906, 0.2635744570325431, 0.29724871740682124, 0.29724871740682124, 0.29724871740682124, 0.30133047904252885, 0.30133047904252885, 0.3178344122337918, 0.33891568272949535, 0.34992999299859967, 0.3477274219845194, 0.34744559056059404, 0.34744559056059404, 0.3649812619847763, 0.3649812619847763, 0.36322983137402126, 0.37690652209798625]], "CN": [[0.09750876883644885, 0.05850526130186921, 0.0390035075345795, 0.01950175376728975, 0.0, 0.01950175376728975, 0.0390035075345795, 0.11320590797303817, 0.12425534354706844, 0.21358604823349303, 0.3681201434314621, 0.3681201434314621, 0.3681201434314621, 0.3681201434314621, 0.392, 0.40120199401299106, 0.38445488682028706, 0.38445488682028706, 0.38445488682028706, 0.4819966389924308], [0.0, 0.01950175376728975, 0.0390035075345795, 0.0585052613018692, 0.07800701506915898, 0.09750876883644889, 0.09750876883644889, 0.09750876883644889, 0.13859292911256332, 0.13859292911256332, 0.20303745861293684, 0.35085642419656515, 0.35085642419656515, 0.35085642419656515, 0.35085642419656515, 0.37873671910708634, 0.37873671910708634, 0.37873671910708634, 0.37873671910708634, 0.37873671910708634]], "CS": [[0.10465372234182592, 0.0, 0.0, 0.0, 0.0, 0.0, 0.0, 0.1372, 0.1372, 0.2500440761145924, 0.3592739344845374, 0.3681201434314621, 0.3681201434314621, 0.3681201434314621, 0.37650370516105164, 0.3844548868202871, 0.3844548868202871, 0.392, 0.392, 0.4490924181056723], [0.1372, 0.1372, 0.13830157772057394, 0.13830157772057394, 0.1420966206494722, 0.1420966206494722, 0.14837860223091465, 0.14837860223091465, 0.19203999583420134, 0.19203999583420134, 0.2804581252165816, 0.37650370516105164, 0.37650370516105164, 0.37650370516105164, 0.37650370516105164, 0.3844548868202871, 0.392, 0.392, 0.3991620723465597, 0.3991620723465597]], "NC": [[0.0, 0.027439999999999982, 0.0, 0.09750876883644895, 0.09750876883644895, 0.13719999999999988, 0.23682770108245355, 0.34004729082879076, 0.34004729082879076, 0.40867292545506323, 0.47395944974227466, 0.45714662855587146, 0.4608084634639431, 0.47395944974227483, 0.475678715100855, 0.4800999895855029, 0.4954576066627704, 0.4954576066627703, 0.4800999895855029, 0.47040000000000026], [0.07963969864332739, 0.08887254694223636, 0.11447138332351893, 0.14818429606405675, 0.18721847772054973, 0.22498204728377794, 0.2277314207569964, 0.23743521221588004, 0.26784674722684243, 0.26204694235957043, 0.330415542007334, 0.3379167329387524, 0.3336090430429007, 0.34744559056059393, 0.338410900533656, 0.3669913546665643, 0.38128927391155365, 0.37402634345724867, 0.3897345537670479, 0.3897345537670479]], "NN": [[0.0, 0.0, 0.0, 0.0, 0.0, 0.0, 0.0, 0.26586733533851037, 0.26586733533851037, 0.3295773657276848, 0.4170472874866834, 0.424352447854375, 0.3991620723465597, 0.42253799829127814, 0.424352447854375, 0.4464112453780707, 0.4350802684562927, 0.4464112453780707, 0.4350802684562927, 0.48645920692284145], [0.0, 0.02743999999999999, 0.054879999999999964, 0.08231999999999993, 0.10975999999999993, 0.1372, 0.1372, 0.1372, 0.27087738923727117, 0.2720025264588549, 0.3399964493932251, 0.4013886675032069, 0.39723257671042034, 0.42446559342307133, 0.43153396158355795, 0.4507999999999998, 0.4566211120830921, 0.46216118400402284, 0.4566211120830921, 0.46216118400402284]], "NS": [[0.0, 0.0, 0.0, 0.0, 0.09750876883644892, 0.13719999999999996, 0.16717547667047317, 0.2804581252165815, 0.2804581252165815, 0.3681201434314622, 0.4464112453780707, 0.43947291156566237, 0.4532433783300091, 0.4532433783300091, 0.4596607444626961, 0.4596607444626961, 0.46578359782199297, 0.46578359782199297, 0.46578359782199297, 0.5276551525380951], [0.1694578413647475, 0.1372, 0.1372, 0.1372, 0.1372, 0.16717547667047317, 0.16717547667047317, 0.1920399958342015, 0.29400000000000004, 0.29400000000000004, 0.3681201434314622, 0.3873219869824069, 0.39968624494720884, 0.4203000528194112, 0.4285010077000983, 0.4446868111379068, 0.4446868111379068, 0.4507999999999998, 0.4507999999999998, 0.4507999999999998]], "SC": [[0.0, 0.0, 0.0, 0.0, 0.13719999999999996, 0.3066319618043758, 0.3592739344845374, 0.39916207234656, 0.4400189086846151, 0.48842948313958284, 0.48517423674387306, 0.47799493721168246, 0.46743020869430335, 0.49302864014172687, 0.484480918096884, 0.4739594497422745, 0.4699914892846465, 0.46578359782199313, 0.46578359782199313, 0.2708773892372711], [0.1281516289400959, 0.1074251665113907, 0.11668174835851582, 0.13112971288003353, 0.14926915287493253, 0.17153079723478232, 0.17984001334519517, 0.1580080959951106, 0.20944505341497086, 0.29252630650934636, 0.34310638350226025, 0.3738362828832965, 0.3996862449472086, 0.42078876600974036, 0.4285189377378788, 0.43811151822338584, 0.4411132299081497, 0.44641124537807086, 0.44641124537807086, 0.44641124537807086]], "SN": [[0.09750876883644881, 0.0, 0.09750876883644881, 0.09750876883644881, 0.09750876883644881, 0.2804581252165818, 0.3250292294548292, 0.4157787873376899, 0.41854146747962734, 0.48645920692284145, 0.4875438441822438, 0.48645920692284145, 0.475678715100855, 0.4731482220192742, 0.4532433783300091, 0.4490924181056723, 0.4490924181056723, 0.4490924181056723, 0.4490924181056723, 0.2998223473992556], [0.0, 0.0, 0.0, 0.09750876883644881, 0.09750876883644881, 0.09963279781276847, 0.16827487512994915, 0.22944560662605865, 0.3466264294597285, 0.36286476819884295, 0.4565411806179155, 0.45864, 0.46080846346394294, 0.4589246979625307, 0.4573944625812604, 0.4449286342774535, 0.4444102807091666, 0.4444102807091666, 0.4444102807091666, 0.4444102807091666]], "SS": [[0.09750876883644884, 0.21623162025938755, 0.196, 0.1920399958342012, 0.21358604823349303, 0.29400000000000004, 0.3991620723465598, 0.43508026845629283, 0.4571466285558715, 0.48960784307443417, 0.475678715100855, 0.45324337833000894, 0.4490924181056723, 0.45324337833000894, 0.4400189086846151, 0.4350802684562927, 0.4298615591094416, 0.4350802684562927, 0.4298615591094416, 0.2411596616351917], [0.1372, 0.16717547667047328, 0.23500391826520675, 0.25004407611459223, 0.25004407611459223, 0.25004407611459223, 0.3295773657276848, 0.3991620723465598, 0.4400189086846152, 0.4571466285558715, 0.4865026388417641, 0.46962761588305274, 0.44905392281996576, 0.44905392281996576, 0.44905392281996576, 0.44024148100786686, 0.43035726739535807, 0.43035726739535807, 0.43035726739535807, 0.43035726739535807]]}