{"gpt": [0.262, 0.39199999999999996, 0.33299999999999996, 0.326, 0.29, 0.218, 0.22899999999999995, 0.21000000000000005, 0.20299999999999996, 0.18199999999999997, 0.193, 0.192, 0.17, 0.171, 0.16, 0.15399999999999997, 0.157, 0.16699999999999998, 0.13799999999999998, 0.08199999999999999], "claude": [0.5430000000000001, 0.536, 0.5160000000000001, 0.5475000000000001, 0.532, 0.47800000000000004, 0.40099999999999997, 0.46099999999999997, 0.4049999999999999, 0.39899999999999997, 0.3710000000000001, 0.36200000000000004, 0.369, 0.3559999999999999, 0.36699999999999994, 0.369, 0.36200000000000004, 0.366, 0.385, 0.38799999999999996]}