{"gpt": [0.955, 0.956, 0.9640000000000001, 0.9619999999999999, 0.9760000000000001, 0.9679999999999999, 0.971, 0.9699999999999999, 0.9690000000000001, 0.98, 0.971, 0.973, 0.973, 0.9700000000000002, 0.972, 0.971, 0.978, 0.972, 0.9760000000000001, 0.985], "claude": [0.5260000000000001, 0.9190000000000002, 0.95, 0.9739999999999999, 0.986, 0.9859999999999998, 0.9840000000000001, 0.9940000000000001, 1.0, 1.0, 0.998, 0.9990000000000001, 1.0, 0.9980000000000001, 0.993, 0.9940000000000001, 0.991, 0.986, 0.9930000000000001, 0.988]}