{"gpt": [0.9306122448979592, 0.8418918918918918, 0.845945945945946, 0.8527027027027025, 0.8202702702702704, 0.8486486486486486, 0.8621621621621621, 0.8635135135135134, 0.854054054054054, 0.845945945945946, 0.8999999999999999, 0.8837837837837836, 0.8621621621621621, 0.8932432432432433, 0.8729729729729729, 0.9040540540540539, 0.8824324324324326, 0.8581081081081081, 0.8813333333333334, 0.92], "claude": [0.6693877551020408, 0.9459459459459456, 0.9540540540540542, 0.9702702702702705, 0.9743243243243243, 0.987837837837838, 0.9945945945945945, 0.9959459459459458, 0.9945945945945948, 0.9986486486486488, 0.9986486486486488, 1.0, 0.9959459459459458, 1.0, 1.0, 1.0, 1.0, 1.0, 1.0, 1.0]}