{"gpt": [0.5980000000000001, 0.629, 0.622, 0.661, 0.617, 0.6030000000000001, 0.6410000000000002, 0.6460000000000001, 0.639, 0.6120000000000001, 0.6210000000000002, 0.6100000000000001, 0.6140000000000001, 0.6080000000000001, 0.6099999999999999, 0.6010000000000002, 0.632, 0.5870000000000002, 0.6250000000000001, 0.618], "claude": [0.534, 0.7565, 0.879, 0.8639999999999999, 0.875, 0.9060000000000001, 0.9269999999999999, 0.9469999999999998, 0.9460000000000001, 0.9519999999999998, 0.9420000000000001, 0.946, 0.938, 0.9479999999999998, 0.9350000000000002, 0.915, 0.9119999999999999, 0.9200000000000002, 0.9139999999999999, 0.9125]}