{"gpt": [0.7340000000000001, 0.8230000000000003, 0.811, 0.83, 0.8180000000000001, 0.7790000000000002, 0.7889999999999999, 0.76, 0.806, 0.8000000000000002, 0.782, 0.7639999999999999, 0.7820000000000001, 0.7850000000000001, 0.76, 0.7550000000000001, 0.762, 0.7709999999999998, 0.775, 0.71], "claude": [0.45600000000000007, 0.7430000000000001, 0.7439999999999998, 0.7659999999999999, 0.7859999999999999, 0.7879999999999998, 0.794, 0.789, 0.7939999999999999, 0.7760000000000001, 0.7429999999999999, 0.755, 0.727, 0.7259999999999998, 0.7250000000000001, 0.6920000000000001, 0.6559999999999999, 0.6279999999999999, 0.5859999999999999, 0.529]}