{"gpt": [0.75, 0.8439999999999999, 0.8340000000000002, 0.8550000000000001, 0.8279999999999998, 0.8469999999999999, 0.848, 0.8209999999999998, 0.83, 0.8249999999999998, 0.825, 0.84, 0.815, 0.821, 0.847, 0.813, 0.8420000000000001, 0.8490000000000001, 0.8310000000000001, 0.846], "claude": [0.55, 0.8049999999999994, 0.895, 0.9039999999999999, 0.93, 0.961, 0.972, 0.975, 0.986, 0.991, 0.9669999999999999, 0.9789999999999999, 0.971, 0.9610000000000001, 0.9509999999999998, 0.955, 0.9390000000000001, 0.9440000000000002, 0.9520000000000001, 0.9490000000000001]}