{"gpt": [0.58, 0.6979999999999997, 0.664, 0.6549999999999998, 0.65, 0.638, 0.659, 0.684, 0.6639999999999999, 0.687, 0.6740000000000002, 0.659, 0.6890000000000001, 0.6579999999999999, 0.675, 0.6750000000000002, 0.67, 0.7020000000000001, 0.675, 0.6869999999999997], "claude": [0.9609999999999999, 0.9090000000000003, 0.9569999999999999, 0.9720000000000002, 0.987, 0.9790000000000002, 0.985, 0.9899999999999999, 0.9939999999999999, 0.9980000000000001, 1.0, 0.9980000000000001, 0.997, 0.995, 0.998, 0.995, 0.986, 0.9960000000000001, 0.992, 0.99]}