{"CCCC": [[0.18848638359308617, 0.16631151493507595, 0.18394785348027304, 0.22857331427793576, 0.2614378457683585, 0.32590267995215977, 0.36877179935564486, 0.3997631298656743, 0.45714662855587146, 0.47949147729652086, 0.549247817291976, 0.5970766114997305, 0.6423300086404183, 0.6872644346974459, 0.7309302259449939, 0.7671390924728058, 0.7828427458947294, 0.8109948537444609, 0.8109948537444609, 0.827277899620194], [0.2296464343289484, 0.237087096232587, 0.23519999999999996, 0.2796144545619915, 0.3099032106965011, 0.3603416156926646, 0.3998015667803215, 0.5101726013811405, 0.4757271688688801, 0.5444144773975063, 0.5707606153195927, 0.6252615043323873, 0.6790544390547785, 0.7200219463321934, 0.743023565709729, 0.785957556105926, 0.818219600840752, 0.8264602107784742, 0.8528860669515007, 0.8528860669515007], [0.20263025637845897, 0.19171966200679574, 0.1964698368707014, 0.21648907593687028, 0.25337880574349536, 0.293345939123077, 0.34837311492134415, 0.3753387206244514, 0.4338644949751016, 0.45633918613242047, 0.5118265206102552, 0.5638262881420126, 0.6054845755260821, 0.6393566866781012, 0.6945372767533791, 0.7184623224637463, 0.7338884928924829, 0.7430235657097288, 0.7635250377034141, 0.7850968327537693], [0.18684876451290763, 0.17495676265866375, 0.18083058148443804, 0.22695412047372038, 0.2612614567822816, 0.3326230298701519, 0.3620009104960925, 0.40545005512393256, 0.45714662855587146, 0.49351538983095544, 0.5898525483542476, 0.5970766114997305, 0.6423300086404183, 0.6872644346974459, 0.7363133333031527, 0.7671390924728058, 0.7740585693602261, 0.8045841778210654, 0.8109948537444609, 0.827277899620194]], "NNNN": [[0.17434087071022666, 0.15923115273086477, 0.21211510837278888, 0.2702242268931489, 0.3539306327516734, 0.46049573287925255, 0.5461053847015244, 0.6038327079580901, 0.6095316392116162, 0.6127249666857063, 0.6062961494187474, 0.6068028318984676, 0.6079160468354162, 0.6059919365800176, 0.603450865605477, 0.6020997498753841, 0.603247117523159, 0.603247117523159, 0.603247117523159, 0.603247117523159], [0.21470724254202508, 0.16342216251169844, 0.18386429778507843, 0.24164502891638392, 0.31084388879307245, 0.3997631298656743, 0.49893454480522786, 0.568061968450626, 0.5598879887977594, 0.5573848537590521, 0.5522889099013304, 0.5608751561622246, 0.5542608310173107, 0.5584865147879577, 0.5578257792537021, 0.5578257792537021, 0.5561428766063627, 0.5571642601603227, 0.5571642601603227, 0.5571642601603227], [0.2237492596635796, 0.18083058148443804, 0.1784353686912996, 0.23676280789009072, 0.2840309842253131, 0.37390307193175076, 0.46302485116891934, 0.539081957405365, 0.5381975845356424, 0.5314166907427729, 0.5246360231627255, 0.5248702879759911, 0.5331488227502709, 0.5335809771721628, 0.5346454645837742, 0.5327740053718838, 0.5327740053718838, 0.5337249508876272, 0.5337249508876272, 0.5337249508876272], [0.13848201038402067, 0.20179435076334526, 0.2075009706001396, 0.2702242268931489, 0.3576019865716631, 0.46049573287925255, 0.5461053847015243, 0.602227343118859, 0.5996446947985115, 0.6179193371306645, 0.6167245193763581, 0.6068028318984676, 0.6079160468354162, 0.6059919365800176, 0.603450865605477, 0.6020997498753841, 0.603247117523159, 0.603247117523159, 0.603247117523159, 0.603247117523159]], "SSSS": [[0.22174868658010125, 0.20179435076334523, 0.25555273428394387, 0.26261074463928546, 0.28136754041644524, 0.29900119598423003, 0.2776843445353014, 0.23682770108245366, 0.1812549673802073, 0.16028917867404524, 0.11428665713896781, 0.09342438225645379, 0.05431711332536001, 0.03880602015151771, 0.0, 0.0, 0.0, 0.0, 0.0, 0.0], [0.2614378457683586, 0.26002338356386334, 0.2679399574531576, 0.2880599937513017, 0.2761305430407871, 0.2506348802541259, 0.19371305789749954, 0.11101284970668933, 0.06582799404508693, 0.05431711332536001, 0.0, 0.0, 0.0, 0.0, 0.0, 0.0, 0.0, 0.0, 0.0, 0.0], [0.18913746112285632, 0.20179435076334523, 0.20927073373981372, 0.21783352175457282, 0.2190294519008803, 0.23362673819578095, 0.20179435076334518, 0.13590589685514023, 0.08606163372839254, 0.07761204030303538, 0.03880602015151769, 0.03880602015151769, 0.0, 0.0, 0.0, 0.0, 0.0, 0.0, 0.0, 0.0], [0.3143830224423705, 0.2047426169609053, 0.24817036728828037, 0.25555273428394387, 0.26261074463928546, 0.2880599937513017, 0.2776843445353014, 0.23682770108245366, 0.1812549673802073, 0.16028917867404524, 0.11428665713896781, 0.09342438225645379, 0.05431711332536001, 0.03880602015151771, 0.0, 0.0, 0.0, 0.0, 0.0, 0.0]]}