{"CCCC": [[0.3890488915290724, 0.3858363425080641, 0.407416068411642, 0.4132208087693553, 0.41592659352342465, 0.4087340220730348, 0.4111330684826994, 0.4008763041138751, 0.4087340220730348, 0.4087340220730347, 0.40358870152669035, 0.4099727834869039, 0.411170442517455, 0.4008763041138751, 0.41370395598785337, 0.4046913530086849, 0.4062073401601697, 0.4099727834869039, 0.41618512803799235, 0.4281243034446887], [0.276130543040787, 0.2893374279280162, 0.3040970160984812, 0.31846230546172966, 0.32325148104842455, 0.3253363846851441, 0.32684432502339694, 0.32367903114041835, 0.3399795005584894, 0.3399795005584894, 0.32745494224396726, 0.3279707304013576, 0.3236790311404183, 0.34065679620403866, 0.32684432502339694, 0.3236790311404183, 0.3279707304013576, 0.3232514810484246, 0.32325148104842455, 0.3367095175370009], [0.2272924037446038, 0.2813675404164453, 0.2850570525351021, 0.294652609016109, 0.28677686936013513, 0.3198585487367815, 0.3186552544678967, 0.3186552544678967, 0.32234701301547686, 0.3352001145584529, 0.34624940837494583, 0.3448263377411882, 0.3549710974149867, 0.3622130908733146, 0.3442465349135702, 0.34303919776025593, 0.36922987528096896, 0.350615458871967, 0.34173767717358877, 0.35794558692628137], [0.3462050259600515, 0.28747260599924984, 0.3985697469703387, 0.4222333155969573, 0.4046913530086849, 0.42830372774469255, 0.40358870152669046, 0.40737834994019995, 0.4046913530086849, 0.4148538055749278, 0.4062073401601697, 0.4087340220730348, 0.4379536559957, 0.4062073401601697, 0.4099727834869039, 0.40358870152669035, 0.4111330684826994, 0.41721766405558613, 0.4124764002946109, 0.40358870152669035]], "NNNN": [[0.0, 0.18386429778507837, 0.26638700268594173, 0.24891228334495674, 0.24170861134845814, 0.28811333325620314, 0.2659251263043791, 0.31069555001641075, 0.3324381879387504, 0.3401150675874268, 0.32965312193273694, 0.3635681130132289, 0.3542777938285152, 0.35738706859650077, 0.3473128848747193, 0.361023274595974, 0.35501438393394696, 0.34285997141690366, 0.37006128789701837, 0.34303919776025593], [0.03880602015151772, 0.22647967502625918, 0.30646278207965144, 0.3383484594319885, 0.2853264572380205, 0.28489528743031167, 0.3230612771596126, 0.3110909629031353, 0.31966632603388173, 0.32443772900203827, 0.3390743352127967, 0.34155776788121794, 0.36756140820276534, 0.3770135276087584, 0.38507890100601455, 0.3977979225687333, 0.39297877805296305, 0.4256766246812244, 0.4799719458468378, 0.45023721392172794], [0.11641806045455329, 0.22347438331943104, 0.23578726683177784, 0.2600233835638634, 0.27851317239943973, 0.2893374279280163, 0.2820766193784943, 0.26523080364090434, 0.2998223473992558, 0.3702688493513868, 0.3227281506159635, 0.3074639699216804, 0.3049044440476393, 0.3094566283019319, 0.3098536222153938, 0.3406567962040387, 0.32401118005402213, 0.3030847063116184, 0.33793946913611606, 0.3205783573480905], [0.12346444346450514, 0.2091972925255008, 0.27022422689314896, 0.2593725104940768, 0.26730836126092283, 0.2352653242617789, 0.31966632603388173, 0.2893905319805747, 0.28805999375130176, 0.3311878065388276, 0.39078291057823894, 0.38411999791731744, 0.37336842501743495, 0.3473128848747193, 0.38806020151517734, 0.36352584502343155, 0.3357955377904833, 0.37006128789701837, 0.35501438393394696, 0.3923526413827234]], "SSSS": [[0.0676696918863977, 0.23283612090910633, 0.30866110866126295, 0.37142905002166965, 0.4603622365051243, 0.5206669077250827, 0.5218460891872237, 0.538511560507293, 0.5761199875026035, 0.5879738660859002, 0.5714332856948394, 0.5668704938519907, 0.6148279759412383, 0.6606334027280181, 0.6566204772926291, 0.634604294974435, 0.6417316573148001, 0.6578362689910006, 0.6775139118866859, 0.7141719322404092], [0.05431711332536001, 0.19434662641785166, 0.2614966156568761, 0.2528931727034163, 0.3635681130132287, 0.41146931258600555, 0.44436273471118154, 0.45272181657172195, 0.5085737358535142, 0.4933908276407254, 0.49958089314944787, 0.5203126321741574, 0.5231107446803209, 0.5207849460189876, 0.5583489260310257, 0.5333505383891534, 0.5333505383891534, 0.5413575350911817, 0.5559217901827557, 0.5553686890706028], [0.23415233332170737, 0.25770832504985175, 0.3044505293146984, 0.35622427093054737, 0.3660952619196265, 0.40696321602818103, 0.45323066445243976, 0.49039184332531455, 0.47769345819259446, 0.5717290099339021, 0.5935661877162477, 0.6064988732058783, 0.5599977599955199, 0.5631991022720118, 0.5494715890744488, 0.5352199816897721, 0.5521776062101758, 0.5484919135228885, 0.5400217951157156, 0.5631991022720119], [0.19995842767935543, 0.20742690278746384, 0.284030984225313, 0.2807114162267006, 0.3977979225687335, 0.4663317411457213, 0.5088455954412889, 0.5551749734993464, 0.5788076129423314, 0.5639625405999941, 0.5707606153195925, 0.603959935095036, 0.5862726628455398, 0.6114194789177065, 0.6228977444171714, 0.6345316483832778, 0.658956547277588, 0.677264379692303, 0.6316189332184398, 0.690988263865603]]}