{"CCCC": [[0.27158556662679983, 0.2796144545619915, 0.3196663260338819, 0.3116831416679446, 0.3040970160984812, 0.28917805725884516, 0.38809979747482454, 0.3866320462662141, 0.5398795006295387, 0.5823806150620056, 0.7300256740690698, 0.7392916306844004, 0.8093827060173696, 0.8262928565587385, 0.872831816102048, 0.8694980621024985, 0.8407646120050485, 0.7706365078297286, 0.7559809182777035, 0.4442243901453408], [0.2715855666267999, 0.26360360543816547, 0.24940566793880206, 0.22857331427793576, 0.24221666994655847, 0.31966632603388173, 0.3000272840926304, 0.28997403469966065, 0.4089219544118413, 0.4877526061437294, 0.6216877775861449, 0.7078612655033468, 0.7785123947632433, 0.8039154502806872, 0.8039154502806872, 0.8102934895456089, 0.7995454788815956, 0.7086640140433261, 0.6565268615982132, 0.32913997022543495], [0.27158556662679983, 0.21298265844899197, 0.2352, 0.21648907593687028, 0.21648907593687028, 0.3352001145584529, 0.35079072279637047, 0.4789463635940873, 0.47958760951467483, 0.6028394147698041, 0.6436682971841938, 0.7135907533033202, 0.775902583576057, 0.7958468918077143, 0.8178439088236824, 0.8222661369653984, 0.7825089821848689, 0.711001988182874, 0.6465029620968491, 0.3291399702254349], [0.3759931914277171, 0.2816404743640374, 0.3157486392686436, 0.28917805725884527, 0.29418287645612556, 0.30866110866126295, 0.28354365589799396, 0.47769345819259446, 0.49089294637425784, 0.5770793886459643, 0.6669992599696044, 0.7214504146509306, 0.8125092472089164, 0.8356314670953937, 0.8035330703835404, 0.854092349105177, 0.8328316535771202, 0.7317916643417033, 0.7499401576125918, 0.2923489640823103]], "NNNN": [[0.0, 0.11428665713896785, 0.06582799404508693, 0.0388060201515177, 0.19864771632213635, 0.3291399702254348, 0.5840668454894523, 0.6749689083209683, 0.7364802693894791, 0.7801489416771643, 0.8189141766998541, 0.8419152565430797, 0.8344353281111723, 0.7770899479468254, 0.7342862134072791, 0.7082952966101073, 0.696304999838433, 0.6830480486759333, 0.5571642601603227, 0.19403010075758884], [0.0, 0.2413905317115816, 0.12702251768879402, 0.054317113325359996, 0.07761204030303541, 0.1839478534802731, 0.5634173330667059, 0.7121033632837296, 0.7629613127806678, 0.7647316203741023, 0.8473730814700215, 0.7870516608203045, 0.751250383826857, 0.6836776690809783, 0.6766969188639768, 0.6440262951153467, 0.6257528304370663, 0.605662200240365, 0.4997039123320928, 0.19403010075758872], [0.0, 0.18684876451290763, 0.09342438225645382, 0.038806020151517705, 0.2732214691417935, 0.5043259390513242, 0.6399332465187286, 0.6629321533912801, 0.7375435987112895, 0.8033609400512325, 0.7859575561059259, 0.7655349523045961, 0.7463457643746626, 0.7251258340453742, 0.6603542225200049, 0.6480223601080441, 0.5272072108763309, 0.5272072108763309, 0.3291399702254349, 0.0], [0.0, 0.09994078246641858, 0.03880602015151771, 0.03880602015151771, 0.2754619451031304, 0.5113759822283405, 0.38283772436895497, 0.6907435993188789, 0.7476622895398698, 0.7688797960669794, 0.8246733481809633, 0.8462116992809776, 0.8374683449540048, 0.7741379721987546, 0.804297648386466, 0.8198143711841114, 0.7082302089010322, 0.5786748558560326, 0.6416358693215336, 0.40647205660414076]], "SSSS": [[0.19403010075758878, 0.03880602015151771, 0.03880602015151771, 0.19403010075758875, 0.2104423075334424, 0.4287340397029374, 0.54891198857376, 0.6307181329246845, 0.7066663054087123, 0.7940491954532791, 0.8441936384503259, 0.84439384175869, 0.7990648614474295, 0.7421337539823933, 0.6826654958323293, 0.6602378625919603, 0.5333505383891536, 0.4157787873376899, 0.27158556662679983, 0.0], [0.0, 0.4007229466851131, 0.12702251768879402, 0.0776120403030354, 0.2816404743640373, 0.4820484423789789, 0.5886790745389208, 0.6923212757094785, 0.7296677512402476, 0.7780187843490668, 0.7966188468772252, 0.7463457643746628, 0.7639274436751179, 0.5861940265816424, 0.5861940265816424, 0.5619699749986654, 0.33542924857561246, 0.27158556662679983, 0.27158556662679983, 0.0], [0.07761204030303538, 0.08606163372839244, 0.06582799404508696, 0.2715855666267999, 0.380704458602733, 0.4503737114885814, 0.5317346706770213, 0.6508616713250213, 0.7479705149268918, 0.8320194228502122, 0.7256977751102729, 0.7976020060155318, 0.5610121253591583, 0.5381975845356425, 0.41912848244899803, 0.39883953264439553, 0.4064720566041408, 0.27158556662679983, 0.0, 0.0], [0.21044230753344242, 0.20300907565919307, 0.054317113325359996, 0.0, 0.28462547461532667, 0.4607959583156083, 0.6753558208825922, 0.6478326302371622, 0.6872644346974459, 0.7786702840098627, 0.8332005876138108, 0.8156803216947188, 0.7279810459071033, 0.7582743271402506, 0.7435404085858416, 0.5572469929932328, 0.6223054015513603, 0.5069092037041739, 0.0, 0.0]]}