{"CCCC": [247.68399999999994, 249.68399999999994, 251.08399999999995, 247.30399999999995], "NNNN": [233.26399999999995, 238.56399999999994, 242.70399999999998, 233.16399999999993], "SSSS": [228.65599999999995, 234.73599999999996, 236.076, 229.73599999999996]}