{"CCCC": [[0.1940301007575887, 0.260967210200822, 0.3462050259600517, 0.35600852124633203, 0.3585889501922779, 0.37603405803198175, 0.37766509608381854, 0.3302585459908645, 0.4271181344780387, 0.3836396475861169, 0.47222579006233867, 0.4503737114885814, 0.5195737822484888, 0.5089663753137331, 0.5809276003083343, 0.6518053599043198, 0.6272979923449459, 0.6246468032416398, 0.663488226873695, 0.6350158020081073], [0.0, 0.2291775626015776, 0.3302585459908644, 0.3497817559564821, 0.34124269838342325, 0.3625099347604145, 0.3725443930594044, 0.4645158649604983, 0.38503899438888006, 0.510021979134233, 0.3717185343778273, 0.4711833477532923, 0.5847242084949108, 0.6205249803190842, 0.6494672278106107, 0.6949796290539745, 0.6767196264332811, 0.721982701177805, 0.7760412030298389, 0.7879882557500458], [0.0, 0.26609842389612154, 0.36956266478095445, 0.36441244325626426, 0.3752158802609506, 0.3710979342437788, 0.3800985303838991, 0.37192517096856986, 0.4363718927703753, 0.4875950582194204, 0.4104223151827883, 0.4157787873376898, 0.4744657627268801, 0.4679435863434822, 0.5466959666944688, 0.5766798321425849, 0.6198064213930022, 0.6538061755596988, 0.7249350867491514, 0.5304616072818087], [0.0, 0.2540450353775881, 0.3618735425531962, 0.36352584502343166, 0.36352584502343144, 0.3753387206244514, 0.36559122965410423, 0.3652548217340873, 0.34101747052020664, 0.38251648435067465, 0.4705306485235578, 0.44694876663886207, 0.5458802330181959, 0.5873463032998504, 0.5553686890706028, 0.6414682059151489, 0.6350883932178258, 0.6393326520677634, 0.6629321533912802, 0.6047481459252271]], "NNNN": [[0.0, 0.10863422665072002, 0.05431711332536001, 0.0, 0.07761204030303538, 0.05543717164502532, 0.3730802208640924, 0.5197216362631056, 0.5317346706770211, 0.5555899955902733, 0.6403173313287717, 0.7059483584512395, 0.739644896419897, 0.7593880820766149, 0.768659924804201, 0.7450887861188088, 0.7208751037454405, 0.7104614748176007, 0.6565268615982135, 0.3291399702254349], [0.0, 0.09342438225645383, 0.08606163372839248, 0.12196177761905548, 0.08606163372839248, 0.39105806832234, 0.5016681165870519, 0.5420666940515713, 0.5938767656677605, 0.6194096182656512, 0.6805237418341845, 0.738459750561938, 0.773522387006349, 0.7532930500144016, 0.7638268620571024, 0.78245006792766, 0.7504522369878048, 0.7016909496352364, 0.6542760665040409, 0.0], [0.0, 0.10576738249573925, 0.05431711332536002, 0.19864771632213632, 0.19864771632213632, 0.27158556662679983, 0.44474296037149347, 0.5697096636006799, 0.6138524747852694, 0.7105696103831066, 0.727579878776207, 0.7778805173032678, 0.795074187230349, 0.7883976661558558, 0.761812440959059, 0.7410562753259701, 0.7721504516608149, 0.6924988167498913, 0.6602378625919602, 0.5615596680674276], [0.0, 0.07761204030303538, 0.07761204030303538, 0.0, 0.0, 0.38710868344690985, 0.34393392853860744, 0.43297815187374067, 0.5528172964008995, 0.6051545627358353, 0.6717054687882182, 0.690187220977033, 0.7265442676120981, 0.7550249712426734, 0.7650329687013494, 0.7741379721987544, 0.7479705149268919, 0.6639512656814502, 0.6639512656814502, 0.4006845981567049]], "SSSS": [[0.0, 0.09994078246641856, 0.03880602015151772, 0.0, 0.3291399702254346, 0.5726152663001572, 0.6994976117185818, 0.7375435987112895, 0.6702168341663765, 0.6511449215036544, 0.3463825214989924, 0.13859292911256327, 0.2242294824504574, 0.19403010075758867, 0.0, 0.0, 0.0, 0.0, 0.0, 0.19403010075758884], [0.0, 0.09994078246641856, 0.08606163372839257, 0.038806020151517705, 0.27158556662679983, 0.5599154336147556, 0.7355407610731028, 0.7143440426013222, 0.7190823040514905, 0.5271197632417134, 0.3457164433462775, 0.3473128848747193, 0.2581849011851778, 0.24599366495907976, 0.2715855666267999, 0.23283612090910635, 0.15522408060607087, 0.11641806045455318, 0.07761204030303544, 0.1940301007575887], [0.0776120403030354, 0.08315575746753796, 0.08606163372839258, 0.03880602015151772, 0.19403010075758892, 0.4178433160886984, 0.6840147273268318, 0.7601364172304864, 0.6313269226003276, 0.5272072108763309, 0.6022018266328991, 0.13859292911256327, 0.1164180604545532, 0.15522408060607085, 0.19403010075758872, 0.2328361209091064, 0.0, 0.0, 0.0, 0.19403010075758875], [0.07761204030303538, 0.05431711332536001, 0.0, 0.0, 0.1986477163221363, 0.5331488227502711, 0.659702342575801, 0.7312665177621629, 0.719167776808722, 0.6698498936328943, 0.22422948245045732, 0.32932666336025695, 0.2242294824504574, 0.19403010075758867, 0.19403010075758867, 0.0, 0.0, 0.0, 0.0, 0.0]]}