{"CCCC": [[0.39184316862744956, 0.30445052931469835, 0.27944953891534685, 0.3108438887930725, 0.38251648435067465, 0.47846486516775727, 0.47365540216490715, 0.47039999999999993, 0.46368811587100217, 0.46186184601025454, 0.45996151491184567, 0.46715480603328896, 0.47264862551371056, 0.487374405565167, 0.49136226635752156, 0.5014230118373109, 0.5207849460189878, 0.5358799149063154, 0.5619699749986649, 0.5811391736924985], [0.37989633954540797, 0.28381449716319973, 0.26008247307344634, 0.2586011848387397, 0.3261383461048394, 0.40133602479717667, 0.3879017772581093, 0.37989633954540797, 0.37582968057352784, 0.3675614082027654, 0.47264862551371073, 0.4713463813375466, 0.4826855672174173, 0.48724827347051725, 0.49720684146540045, 0.5073637085957174, 0.5197216362631056, 0.5492478172919761, 0.5847242084949108, 0.6348947982146333], [0.37766509608381865, 0.2893374279280163, 0.25045088300902424, 0.2771858582251266, 0.32210857299985046, 0.39729543264427275, 0.3983769310590159, 0.3998015667803215, 0.395939405465028, 0.395939405465028, 0.3920391980401958, 0.38806020151517734, 0.3951624435596075, 0.3902713886515381, 0.40374097042534585, 0.40374097042534585, 0.4237953317345533, 0.4237953317345533, 0.44955410441903426, 0.5141031803052768], [0.36102327459597394, 0.3048540424531058, 0.262903151749841, 0.30746396992168035, 0.37908649778117914, 0.47846486516775727, 0.4800999895855028, 0.47524240888203584, 0.46368811587100217, 0.47039999999999993, 0.45996151491184567, 0.46715480603328896, 0.4650118071619257, 0.487374405565167, 0.49136226635752156, 0.5014230118373109, 0.5207849460189878, 0.5358799149063154, 0.5619699749986649, 0.5811391736924985]], "NNNN": [[0.19403010075758875, 0.23754035615027583, 0.3030847063116183, 0.3725443930594042, 0.40832026645759334, 0.4683046666434149, 0.46262643590698516, 0.46132921000084104, 0.4618618460102545, 0.4735256157801814, 0.46873103929652443, 0.47026931518014226, 0.4735256157801814, 0.49089294637425784, 0.49223713309745326, 0.5027696092645219, 0.5106242015416033, 0.5277898248356061, 0.5346454645837743, 0.5944974348136411], [0.14285159852098264, 0.21470724254202506, 0.28354365589799396, 0.3720490978352185, 0.47446576272687996, 0.5460209637001128, 0.5460209637001128, 0.5441886261214944, 0.5451196595244021, 0.5551749734993466, 0.5543717164502531, 0.5606833430734324, 0.5715408394856838, 0.58026593627405, 0.5829080860650329, 0.5829080860650329, 0.5900609216004734, 0.5900609216004734, 0.5996446947985113, 0.5996446947985113], [0.1940301007575888, 0.23754035615027583, 0.30490444404763944, 0.4006845981567048, 0.49239319572877915, 0.5653776196490269, 0.5608751561622247, 0.5599154336147556, 0.5670873117959876, 0.5714332856948394, 0.5724810732242592, 0.5888878630095883, 0.5925556851469741, 0.6017934157167223, 0.6079160468354162, 0.6079160468354162, 0.6164254530760386, 0.6164254530760386, 0.6272244995215029, 0.6272244995215029], [0.16295133997607983, 0.23754035615027583, 0.30166176555871316, 0.39547341149564014, 0.44015857506130673, 0.5081203133117194, 0.46922252631347505, 0.46846870204956054, 0.4618618460102545, 0.47688858237538034, 0.47524240888203567, 0.478464865167757, 0.4735256157801814, 0.49089294637425784, 0.49223713309745326, 0.5027696092645219, 0.5070001372780878, 0.5277898248356061, 0.5346454645837743, 0.5944974348136411]], "SSSS": [[0.6307181329246845, 0.6127249666857064, 0.6588399405014846, 0.7408903702977923, 0.8375417362734826, 0.9381175090573672, 0.9530680126832498, 0.9823491843535068, 1.0000841180620752, 1.0186118302866896, 1.0521969336583334, 1.0402264922602191, 1.0533646145566118, 1.058095067184419, 1.0687159487908837, 1.0827860302017196, 1.0961991060021896, 1.1045221721631484, 1.1099070029511482, 1.1718636589637887], [0.5974882465789599, 0.6586533267205141, 0.7038774529703306, 0.77445550214328, 0.866240177318046, 0.9778966227572318, 1.0140760429080256, 1.0457072997736987, 1.046999638586375, 1.0687159487908837, 1.0655047464934164, 1.0641771220995122, 1.0638305128167738, 1.0630213183186872, 1.0642781952102562, 1.0664129271534546, 1.073192626139408, 1.0806694221638735, 1.0894638446502025, 1.1253745843940144], [0.675082729152509, 0.6699416476082074, 0.7142579926049129, 0.7792029240191543, 0.8752228516212313, 0.9682320647448107, 1.0113448060874195, 1.0381563288830828, 1.0820904213604328, 1.0896753923990392, 1.076752004873917, 1.0773797488351076, 1.072103875564304, 1.0588499784199839, 1.0495649018521915, 1.0443545083926247, 1.0432798497047662, 1.0463536686990684, 1.0477625440909781, 1.0928436945876572], [0.6337562332632319, 0.6347253541493358, 0.6725056764072701, 0.73522732484586, 0.8283174270773251, 0.9381175090573672, 0.952632589826739, 0.9769533442288836, 1.0034128067749581, 1.0205409639989955, 1.0536125800311988, 1.0402264922602191, 1.0457072997736985, 1.058095067184419, 1.0787338592998732, 1.0827860302017196, 1.0961991060021896, 1.1065376111095366, 1.1099070029511482, 1.1347841437031094]]}