{"CCCC": [[0.38571684536716805, 0.2660984238961216, 0.2291775626015776, 0.21470724254202506, 0.23805731074680306, 0.2842473064076422, 0.2880599937513017, 0.2880599937513017, 0.3054583127040414, 0.3054583127040414, 0.3054583127040414, 0.3054583127040414, 0.29693838283388024, 0.29334593912307694, 0.2948611388433545, 0.30140696209610024, 0.31266761392891324, 0.31266761392891324, 0.31266761392891324, 0.3246271264081299], [0.35652610114828887, 0.23676280789009063, 0.1829426664285835, 0.15961670088057814, 0.18252220467658162, 0.2442383360572208, 0.2442383360572208, 0.2442383360572208, 0.2442383360572208, 0.2442383360572208, 0.2442383360572208, 0.2442383360572208, 0.2442383360572208, 0.2442383360572208, 0.2442383360572208, 0.2442383360572208, 0.2442383360572208, 0.2442383360572208, 0.2442383360572208, 0.2442383360572208], [0.40526051275691793, 0.2946526090161091, 0.24094451477466752, 0.23578726683177792, 0.27473579453722446, 0.3390743352127967, 0.3390743352127967, 0.3390743352127967, 0.3390743352127967, 0.3439339285386074, 0.3439339285386074, 0.3439339285386074, 0.3439339285386074, 0.3439339285386074, 0.350615458871967, 0.350615458871967, 0.350615458871967, 0.350615458871967, 0.3570859661202046, 0.3570859661202046], [0.3729154327726327, 0.25555273428394387, 0.22285467192769373, 0.22285467192769368, 0.2368277010824536, 0.2842473064076422, 0.2880599937513017, 0.28811333325620314, 0.29522571161739947, 0.3054583127040414, 0.3054583127040414, 0.29693838283388024, 0.29693838283388024, 0.29693838283388024, 0.2948611388433545, 0.30140696209610024, 0.31266761392891324, 0.31266761392891324, 0.31266761392891324, 0.31266761392891324]], "NNNN": [[0.16640388457004254, 0.16631151493507593, 0.23578726683177784, 0.33262302987015196, 0.42397658803287724, 0.5259231883079504, 0.5259231883079504, 0.5383117788048113, 0.5288369124786958, 0.5354496159303881, 0.5317346706770208, 0.5327740053718836, 0.5346454645837743, 0.53245664612248, 0.5357938827571663, 0.5445555868779608, 0.56251658535549, 0.5810069493560295, 0.5873463032998506, 0.6572520344586238], [0.23546118830924131, 0.23578726683177784, 0.2727711656315601, 0.3261383461048393, 0.3892068488606027, 0.45040782941685176, 0.45040782941685176, 0.4559349286904874, 0.4559349286904874, 0.4559349286904874, 0.4646481679722842, 0.4646481679722842, 0.4646481679722842, 0.4646481679722842, 0.4559349286904874, 0.45040782941685176, 0.4481847619007144, 0.4493147707342814, 0.4537728065893767, 0.5021273655159613], [0.2272924037446037, 0.21641808427208653, 0.2660984238961216, 0.34991352531732756, 0.43240993883119744, 0.5246360231627254, 0.5304616072818086, 0.535449615930388, 0.5431711332535997, 0.5543717164502531, 0.5645072215658539, 0.5744104288746851, 0.5867180692632533, 0.5987214537662734, 0.6129506342275862, 0.6268078774233776, 0.6268078774233776, 0.6268078774233776, 0.6268078774233776, 0.6268078774233776], [0.2861331494252284, 0.1856110686354669, 0.24164502891638384, 0.33118780653882784, 0.41098353835646495, 0.5181522370886763, 0.5259231883079504, 0.535449615930388, 0.5447530787430207, 0.5510633328393388, 0.5337249508876272, 0.5403347110819365, 0.5346454645837743, 0.53245664612248, 0.5455423312631201, 0.5542608310173108, 0.56251658535549, 0.5810069493560295, 0.5873463032998506, 0.6659155886446871]], "SSSS": [[0.4330136404317996, 0.389995675873464, 0.4148908444398355, 0.46062919056438445, 0.523463126495076, 0.5687378306390388, 0.5714063940839303, 0.5714063940839303, 0.5740090145633603, 0.5792057016293951, 0.5843035813684526, 0.5893052180322182, 0.5967934476852104, 0.6041380080743142, 0.6041380080743142, 0.6228977444171714, 0.6297428452948075, 0.6525593281840355, 0.6542760665040408, 0.7761204030303545], [0.4258209952550484, 0.3968697519338051, 0.4216141781297208, 0.4722257900623385, 0.5310406507980345, 0.6079160468354161, 0.6228730747110522, 0.6275918775765026, 0.6275918775765026, 0.6251386124692666, 0.622009018584136, 0.6041380080743142, 0.624843573384571, 0.6285705026486684, 0.6345074310045546, 0.6497274357759566, 0.6597722176630355, 0.6843965259993654, 0.7099421948299734, 0.8041447909425267], [0.4265781391492068, 0.35188414457034006, 0.3918431686274496, 0.43187656014189973, 0.48570049701436374, 0.5633082282374365, 0.557825779253702, 0.5713257116566696, 0.576679832142585, 0.5714063940839303, 0.5765465851082633, 0.5938767656677604, 0.5964586262264969, 0.5960720600732765, 0.6062961494187472, 0.6376238791011516, 0.6424256931350115, 0.6528653790790258, 0.6683801169993014, 0.7641687855441361], [0.396869751933805, 0.35652610114828887, 0.413518196939385, 0.45461860938593346, 0.5111054685678877, 0.5659209386477937, 0.5714063940839303, 0.5714063940839303, 0.5740090145633603, 0.5792057016293951, 0.5761199875026037, 0.5893052180322182, 0.6041380080743142, 0.6041380080743142, 0.6138524747852694, 0.6154524839498169, 0.6297428452948075, 0.6542760665040408, 0.6542760665040408, 0.7702376069759249]]}