{"CCCC": [267.436, 271.476, 268.596, 267.496], "NNNN": [263.22799999999995, 266.62799999999993, 257.568, 262.72799999999995], "SSSS": [235.28400000000005, 242.68400000000005, 239.80400000000006, 235.68400000000005]}