{"CCCC": [263.6000000000001, 259.20000000000005, 263.9600000000001, 264.0400000000001], "NNNN": [242.73600000000002, 242.97600000000006, 243.07600000000005, 241.51600000000002], "SSSS": [224.63200000000003, 222.23200000000006, 223.57200000000003, 223.75200000000004]}