{"gpt": [0.27, 0.28, 0.375, 0.35, 0.36, 0.34500000000000003, 0.375, 0.33999999999999997, 0.36, 0.375, 0.35, 0.395, 0.385, 0.365, 0.4, 0.365, 0.425, 0.4, 0.4, 0.225], "claude": [0.25, 0.275, 0.315, 0.305, 0.29, 0.37, 0.375, 0.39, 0.33499999999999996, 0.4, 0.325, 0.36, 0.36, 0.40499999999999997, 0.41, 0.375, 0.375, 0.40499999999999997, 0.38, 0.2], "llama": [0.26, 0.31500000000000006, 0.275, 0.29000000000000004, 0.37, 0.31999999999999995, 0.36, 0.32999999999999996, 0.41, 0.355, 0.43499999999999994, 0.325, 0.35, 0.3, 0.375, 0.335, 0.375, 0.375, 0.335, 0.29], "qwen": [0.25, 0.305, 0.30000000000000004, 0.325, 0.325, 0.37500000000000006, 0.33, 0.35, 0.33999999999999997, 0.375, 0.385, 0.365, 0.325, 0.375, 0.375, 0.35, 0.425, 0.39, 0.31, 0.175]}