{"gpt": [0.25, 0.28, 0.29500000000000004, 0.31, 0.34500000000000003, 0.365, 0.31, 0.35500000000000004, 0.34500000000000003, 0.315, 0.365, 0.35, 0.36, 0.35, 0.385, 0.275, 0.29500000000000004, 0.315, 0.355, 0.1], "claude": [0.26, 0.32, 0.315, 0.28500000000000003, 0.26999999999999996, 0.3, 0.37, 0.29500000000000004, 0.335, 0.39, 0.35, 0.325, 0.385, 0.3, 0.28, 0.3, 0.36, 0.33999999999999997, 0.30500000000000005, 0.05], "llama": [0.25, 0.32999999999999996, 0.3, 0.32500000000000007, 0.33999999999999997, 0.33999999999999997, 0.39, 0.34, 0.35500000000000004, 0.33999999999999997, 0.4, 0.375, 0.315, 0.425, 0.335, 0.325, 0.39, 0.305, 0.275, 0.0], "qwen": [0.25, 0.31, 0.3, 0.31, 0.4, 0.315, 0.355, 0.375, 0.37, 0.37, 0.35, 0.315, 0.30500000000000005, 0.4, 0.325, 0.30500000000000005, 0.29, 0.325, 0.32999999999999996, 0.05]}