{"gpt": [0.30500000000000005, 0.39499999999999996, 0.42000000000000004, 0.47000000000000003, 0.4600000000000001, 0.43499999999999994, 0.4149999999999999, 0.475, 0.45999999999999996, 0.5, 0.44000000000000006, 0.485, 0.45499999999999996, 0.5, 0.43499999999999994, 0.5, 0.5, 0.45999999999999996, 0.5, 0.49000000000000005], "claude": [0.33999999999999997, 0.39, 0.40499999999999997, 0.4600000000000001, 0.465, 0.44000000000000006, 0.41500000000000004, 0.49000000000000005, 0.49000000000000005, 0.43499999999999994, 0.495, 0.485, 0.45999999999999996, 0.5, 0.475, 0.465, 0.485, 0.45, 0.48, 0.49000000000000005], "llama": [0.335, 0.39999999999999997, 0.425, 0.44000000000000006, 0.42000000000000004, 0.45, 0.48, 0.465, 0.47000000000000003, 0.45999999999999996, 0.45999999999999996, 0.49000000000000005, 0.49000000000000005, 0.475, 0.465, 0.485, 0.465, 0.48, 0.5, 0.475], "qwen": [0.315, 0.44499999999999995, 0.43999999999999995, 0.395, 0.45500000000000007, 0.45, 0.485, 0.495, 0.475, 0.45, 0.475, 0.48, 0.43999999999999995, 0.475, 0.49000000000000005, 0.5, 0.45, 0.49000000000000005, 0.475, 0.5]}