{"gpt": [0.38, 0.45, 0.45999999999999996, 0.475, 0.465, 0.495, 0.485, 0.485, 0.49000000000000005, 0.475, 0.485, 0.49000000000000005, 0.5, 0.5, 0.5, 0.485, 0.5, 0.49000000000000005, 0.49000000000000005, 0.5], "claude": [0.32, 0.485, 0.43499999999999994, 0.45499999999999996, 0.465, 0.465, 0.47000000000000003, 0.5, 0.5, 0.48500000000000004, 0.5, 0.5, 0.485, 0.495, 0.5, 0.5, 0.5, 0.5, 0.465, 0.5], "llama": [0.43499999999999994, 0.425, 0.44499999999999995, 0.45499999999999996, 0.5, 0.5, 0.45999999999999996, 0.5, 0.47000000000000003, 0.45499999999999996, 0.5, 0.49000000000000005, 0.5, 0.5, 0.5, 0.5, 0.5, 0.5, 0.5, 0.5], "qwen": [0.395, 0.45500000000000007, 0.445, 0.45999999999999996, 0.47000000000000003, 0.45999999999999996, 0.44000000000000006, 0.5, 0.5, 0.45, 0.5, 0.5, 0.475, 0.485, 0.5, 0.5, 0.5, 0.475, 0.5, 0.485]}