{"gpt": [0.27, 0.35500000000000004, 0.4, 0.485, 0.45, 0.46499999999999997, 0.40499999999999997, 0.45999999999999996, 0.38, 0.395, 0.375, 0.385, 0.385, 0.4, 0.395, 0.375, 0.40499999999999997, 0.39, 0.385, 0.25], "claude": [0.25, 0.41999999999999993, 0.43499999999999994, 0.4600000000000001, 0.45499999999999996, 0.36500000000000005, 0.49000000000000005, 0.475, 0.45999999999999996, 0.41500000000000004, 0.425, 0.44000000000000006, 0.425, 0.44000000000000006, 0.43499999999999994, 0.43, 0.41500000000000004, 0.39, 0.37, 0.39], "llama": [0.26, 0.37500000000000006, 0.39999999999999997, 0.40499999999999997, 0.445, 0.425, 0.45499999999999996, 0.39, 0.395, 0.425, 0.4, 0.40499999999999997, 0.385, 0.41, 0.425, 0.365, 0.385, 0.36, 0.39, 0.28500000000000003], "qwen": [0.255, 0.41999999999999993, 0.41500000000000004, 0.43, 0.47000000000000003, 0.42000000000000004, 0.41999999999999993, 0.45999999999999996, 0.36, 0.4, 0.425, 0.41500000000000004, 0.4, 0.375, 0.4, 0.4, 0.37, 0.36, 0.385, 0.385]}