{"gpt": [0.33, 0.36500000000000005, 0.34500000000000003, 0.35500000000000004, 0.43, 0.35, 0.33999999999999997, 0.35500000000000004, 0.38, 0.33999999999999997, 0.32, 0.29, 0.325, 0.25, 0.25, 0.29, 0.325, 0.305, 0.31, 0.3], "claude": [0.305, 0.34500000000000003, 0.355, 0.335, 0.315, 0.375, 0.29500000000000004, 0.32999999999999996, 0.28500000000000003, 0.29, 0.28500000000000003, 0.185, 0.24, 0.26, 0.26, 0.23500000000000001, 0.275, 0.28500000000000003, 0.225, 0.23000000000000004], "llama": [0.29500000000000004, 0.40499999999999997, 0.375, 0.36, 0.325, 0.385, 0.3, 0.375, 0.26, 0.31, 0.27, 0.28500000000000003, 0.19, 0.275, 0.24500000000000002, 0.28500000000000003, 0.31, 0.275, 0.26, 0.23500000000000001], "qwen": [0.275, 0.385, 0.375, 0.37, 0.375, 0.36, 0.38, 0.335, 0.35, 0.3, 0.305, 0.3, 0.29, 0.3, 0.335, 0.275, 0.3, 0.315, 0.265, 0.325]}