{"gpt": [0.25, 0.45000000000000007, 0.45000000000000007, 0.485, 0.495, 0.475, 0.45500000000000007, 0.45499999999999996, 0.45499999999999996, 0.45, 0.45, 0.45, 0.45, 0.45, 0.45, 0.45, 0.45, 0.45, 0.45, 0.45], "claude": [0.26, 0.4600000000000001, 0.45000000000000007, 0.485, 0.45, 0.49000000000000005, 0.475, 0.45999999999999996, 0.45999999999999996, 0.465, 0.45999999999999996, 0.45, 0.45, 0.45, 0.45, 0.45, 0.45, 0.45, 0.45, 0.45], "llama": [0.27, 0.44499999999999995, 0.4600000000000001, 0.49000000000000005, 0.485, 0.465, 0.475, 0.475, 0.475, 0.45999999999999996, 0.45499999999999996, 0.45, 0.45, 0.45, 0.45, 0.45, 0.45, 0.45, 0.45, 0.45], "qwen": [0.25, 0.42000000000000004, 0.44000000000000006, 0.45, 0.495, 0.475, 0.465, 0.45, 0.45, 0.45499999999999996, 0.45, 0.45, 0.45, 0.45, 0.45, 0.45, 0.45, 0.45, 0.45, 0.45]}