{"gpt": [0.25, 0.37, 0.42000000000000004, 0.395, 0.42000000000000004, 0.45, 0.45500000000000007, 0.45, 0.43499999999999994, 0.45500000000000007, 0.42000000000000004, 0.45499999999999996, 0.41500000000000004, 0.45, 0.425, 0.39, 0.425, 0.43000000000000005, 0.4, 0.425], "claude": [0.275, 0.39499999999999996, 0.38500000000000006, 0.4, 0.41500000000000004, 0.41500000000000004, 0.41, 0.41, 0.45500000000000007, 0.44000000000000006, 0.375, 0.40499999999999997, 0.4050000000000001, 0.385, 0.425, 0.33999999999999997, 0.4, 0.33999999999999997, 0.35, 0.4], "llama": [0.29500000000000004, 0.325, 0.41, 0.41500000000000004, 0.445, 0.47000000000000003, 0.445, 0.41, 0.45, 0.375, 0.395, 0.41500000000000004, 0.42000000000000004, 0.41500000000000004, 0.4, 0.36, 0.375, 0.425, 0.4, 0.31], "qwen": [0.275, 0.36, 0.41500000000000004, 0.45999999999999996, 0.43500000000000005, 0.465, 0.45999999999999996, 0.43, 0.47000000000000003, 0.335, 0.40499999999999997, 0.41500000000000004, 0.45, 0.40499999999999997, 0.385, 0.4, 0.40499999999999997, 0.395, 0.41500000000000004, 0.36]}