{"llama": [0.5353846153846156, 0.8974619289340102, 0.9153061224489796, 0.9202020202020201, 0.9326530612244899, 0.9204081632653063, 0.8908163265306123, 0.8963730569948185, 0.8635897435897436, 0.8434343434343433, 0.837948717948718, 0.8050505050505051, 0.8324873096446701, 0.8274111675126904, 0.8239583333333332, 0.7792746113989636, 0.7583333333333334, 0.7397959183673469, 0.4752577319587628, 0.166497461928934], "qwen": [0.5312820512820514, 0.8314720812182742, 0.9051020408163268, 0.9424242424242424, 0.9071428571428574, 0.8877551020408163, 0.9265306122448981, 0.8953367875647669, 0.8358974358974359, 0.8292929292929292, 0.8533333333333334, 0.8424242424242425, 0.8294416243654823, 0.8071065989847716, 0.790625, 0.8051813471502591, 0.7677083333333335, 0.7285714285714286, 0.7252577319587629, 0.30253807106598984]}