{"llama": [0.47400000000000003, 0.7170000000000002, 0.8340000000000001, 0.867, 0.8640000000000001, 0.861, 0.8860000000000001, 0.851, 0.899, 0.936683417085427, 0.894, 0.8419999999999999, 0.8619999999999999, 0.857, 0.8600000000000001, 0.7929999999999999, 0.7410000000000001, 0.7170000000000001, 0.345, 0.037000000000000005], "qwen": [0.5400000000000003, 0.8749999999999999, 0.9420000000000001, 0.953, 0.9420000000000001, 0.9219999999999999, 0.932, 0.925, 0.925, 0.8693467336683417, 0.925, 0.93, 0.9209999999999999, 0.9289999999999999, 0.915, 0.904, 0.879, 0.873, 0.815, 0.335]}