{"llama": [0.31384615384615383, 0.6444444444444445, 0.657, 0.4909090909090911, 0.4297435897435898, 0.3376884422110553, 0.39796954314720817, 0.39387755102040817, 0.3796954314720812, 0.3608040201005025, 0.3138461538461539, 0.3444444444444444, 0.32040816326530613, 0.3090909090909091, 0.3096446700507614, 0.2717171717171717, 0.295959595959596, 0.29035532994923857, 0.24141414141414144, 0.041025641025641026], "qwen": [0.3938461538461539, 0.29494949494949496, 0.295, 0.40808080808080804, 0.44717948717948713, 0.4090452261306533, 0.32690355329949233, 0.32040816326530613, 0.30862944162436545, 0.3075376884422111, 0.3702564102564102, 0.29696969696969694, 0.30918367346938774, 0.29494949494949496, 0.29746192893401013, 0.3212121212121212, 0.27979797979797977, 0.27411167512690354, 0.2404040404040404, 0.019487179487179485]}