{"llama": [0.6880000000000002, 0.7979899497487436, 0.845, 0.8490000000000002, 0.9065326633165831, 0.9080808080808082, 0.8919999999999999, 0.9115577889447235, 0.9230000000000002, 0.9015075376884423, 0.8954773869346733, 0.882, 0.8899999999999999, 0.9055276381909547, 0.8703517587939698, 0.883, 0.895, 0.9115577889447235, 0.7489999999999999, 0.28442211055276384], "qwen": [0.6280000000000002, 0.8497487437185931, 0.8569999999999999, 0.887, 0.8783919597989953, 0.891919191919192, 0.9090000000000003, 0.9085427135678392, 0.9179999999999999, 0.8924623115577889, 0.9025125628140703, 0.909, 0.9079999999999999, 0.8904522613065327, 0.9195979899497487, 0.91, 0.9205, 0.9095477386934672, 0.911, 0.6552763819095476]}