{"llama": [0.49543147208121824, 0.7270000000000003, 0.8578680203045685, 0.8340000000000002, 0.906532663316583, 0.8730000000000001, 0.9175879396984923, 0.9060913705583756, 0.864321608040201, 0.8793969849246229, 0.8545454545454545, 0.8582914572864321, 0.8373737373737374, 0.8623115577889449, 0.850251256281407, 0.814, 0.8221105527638191, 0.8343434343434343, 0.8402010050251257, 0.18686868686868688], "qwen": [0.5086294416243655, 0.833, 0.87005076142132, 0.9069999999999999, 0.851256281407035, 0.9114999999999999, 0.8804020100502513, 0.8659898477157362, 0.8733668341708541, 0.8793969849246231, 0.8585858585858586, 0.848241206030151, 0.8636363636363636, 0.8331658291457286, 0.8532663316582914, 0.8799999999999999, 0.8683417085427135, 0.8373737373737373, 0.42110552763819104, 0.13939393939393938]}