{"llama": [0.519, 0.698477157360406, 0.73030303030303, 0.7208121827411169, 0.704, 0.6100502512562813, 0.6313131313131313, 0.584848484848485, 0.5849246231155778, 0.5659999999999998, 0.5797979797979798, 0.5878787878787879, 0.5767676767676768, 0.5658291457286433, 0.5537688442211055, 0.55, 0.5755102040816326, 0.5482233502538071, 0.4757575757575757, 0.17766497461928935], "qwen": [0.6430000000000001, 0.6771573604060914, 0.6535353535353534, 0.63756345177665, 0.6000000000000002, 0.6623115577889448, 0.6010101010101009, 0.593939393939394, 0.5959798994974874, 0.594, 0.604040404040404, 0.5979797979797981, 0.5777777777777777, 0.5768844221105527, 0.5788944723618091, 0.5880000000000001, 0.563265306122449, 0.5624365482233502, 0.40505050505050505, 0.22741116751269033]}