{"llama": [0.6560000000000001, 0.763, 0.8360000000000002, 0.8300000000000003, 0.8319999999999999, 0.824, 0.8219999999999998, 0.823, 0.8179999999999998, 0.8180000000000001, 0.8269999999999998, 0.8109999999999999, 0.8089999999999999, 0.812, 0.8269999999999998, 0.8240000000000001, 0.8280000000000001, 0.8390000000000001, 0.5889447236180904, 0.1505], "qwen": [0.6719999999999999, 0.675, 0.6569999999999997, 0.6500000000000002, 0.6670000000000003, 0.6539999999999998, 0.7, 0.6859999999999999, 0.7040000000000001, 0.72, 0.7200000000000002, 0.722, 0.73, 0.7239999999999998, 0.738, 0.736, 0.738, 0.7389999999999999, 0.7316582914572864, 0.6509999999999999]}