{
    "CC": [[0.556, 0.7880000000000001, 0.884, 0.9359999999999999, 0.8440000000000002, 0.8759999999999999, 0.9079999999999999, 0.9319999999999999, 0.94, 0.9640000000000001, 0.9359999999999999, 0.9440000000000001, 0.9440000000000001, 0.944, 0.9520000000000001, 0.956, 0.912, 0.972, 0.92, 0.4], 
        [0.7760000000000001, 0.824, 0.9239999999999999, 0.92, 0.9239999999999999, 0.9640000000000001, 0.988, 0.936, 0.9839999999999999, 0.9440000000000001, 0.992, 0.948, 1.0, 0.968, 0.9840000000000001, 0.98, 0.996, 0.992, 0.996, 0.96]],
    
    "CN": [[0.588, 0.8640000000000001, 0.964, 0.964, 0.96, 0.9840000000000001, 0.94, 0.9520000000000001, 0.9880000000000001, 0.964, 0.976, 1.0, 0.9440000000000001, 0.956, 0.968, 0.9760000000000001, 0.9680000000000001, 0.9760000000000001, 0.8880000000000001, 0.23199999999999998], 
        [0.5599999999999999, 0.9079999999999999, 0.9279999999999999, 0.9520000000000001, 0.948, 0.956, 0.9880000000000001, 0.972, 0.9840000000000001, 0.978, 1.0, 0.9840000000000001, 0.988, 0.992, 1.0, 0.992, 1.0, 0.996, 1.0, 0.96]],
    
    "CS": [[0.588, 0.816, 0.9680000000000001, 0.968, 0.9800000000000001, 0.976, 0.956, 0.98, 1.0, 0.972, 1.0, 1.0, 0.968, 1.0, 1.0, 0.972, 0.996, 0.996, 0.968, 0.264], 
        [0.568, 0.916, 0.9840000000000001, 0.98, 0.992, 0.988, 0.98, 0.988, 0.956, 1.0, 0.98, 0.98, 1.0, 0.98, 0.98, 0.976, 0.98, 0.98, 0.98, 0.84]],

    "NC": [[0.518, 0.672, 0.8520000000000002, 0.892, 0.9, 0.912, 0.88, 0.924, 0.872, 0.8959999999999999, 0.872, 0.944, 0.9359999999999999, 0.92, 0.94, 0.9079999999999999, 0.912, 0.8959999999999999, 0.8640000000000001, 0.272], 
        [0.72, 0.86, 0.9279999999999999, 0.9279999999999999, 0.948, 0.964, 0.9440000000000001, 0.9640000000000001, 0.9640000000000001, 0.96, 0.972, 0.972, 0.968, 0.972, 0.992, 0.988, 0.992, 0.988, 0.996, 1.0]],

    "NN": [[0.532, 0.6679999999999999, 0.8199999999999998, 0.912, 0.9159999999999999, 0.8759999999999999, 0.948, 0.932, 0.924, 0.968, 0.98, 0.92, 0.94, 0.932, 0.9279999999999999, 0.92, 0.9359999999999999, 0.88, 0.8919999999999999, 0.308], 
        [0.62, 0.932, 0.964, 0.968, 0.96, 0.996, 0.9640000000000001, 0.992, 0.972, 0.9840000000000001, 0.9640000000000001, 0.988, 0.96, 0.988, 0.96, 0.94, 0.96, 0.96, 0.956, 0.96]],

    "NS": [[0.5, 0.6759999999999999, 0.812, 0.9039999999999999, 0.916, 0.9359999999999999, 0.948, 0.932, 0.9440000000000001, 0.94, 0.9159999999999999, 0.9719999999999999, 0.932, 0.92, 0.932, 0.956, 0.972, 0.9319999999999999, 0.956, 0.272], 
        [0.528, 0.944, 0.8759999999999999, 0.948, 0.9520000000000001, 0.92, 0.94, 0.9279999999999999, 0.932, 0.9159999999999999, 0.9239999999999999, 0.9239999999999999, 0.94, 0.948, 0.92, 0.948, 0.96, 0.96, 0.956, 0.88]],
    
    "SC": [[0.516, 0.644, 0.812, 0.74, 0.84, 0.8360000000000001, 0.812, 0.7879999999999999, 0.8480000000000001, 0.784, 0.764, 0.7839999999999999, 0.8160000000000001, 0.7240000000000001, 0.7680000000000001, 0.7280000000000001, 0.752, 0.764, 0.7440000000000001, 0.12], 
        [0.7839999999999999, 0.8160000000000001, 0.872, 0.9039999999999999, 0.9359999999999999, 0.9039999999999999, 0.9239999999999999, 0.9239999999999999, 0.956, 0.9440000000000001, 0.932, 0.9119999999999999, 0.92, 0.932, 0.932, 0.948, 0.96, 0.94, 0.956, 0.94]],

    "SN": [[0.536, 0.7119999999999999, 0.848, 0.8959999999999999, 0.92, 0.9279999999999999, 0.912, 0.9279999999999999, 0.972, 0.8959999999999999, 0.888, 0.98, 0.948, 0.9520000000000001, 0.94, 0.936, 0.9640000000000001, 0.94, 0.84, 0.08800000000000001], 
        [0.524, 0.872, 0.9239999999999999, 0.96, 0.9640000000000001, 0.96, 0.9840000000000001, 1.0, 0.98, 1.0, 1.0, 0.992, 0.992, 1.0, 0.992, 0.98, 0.992, 1.0, 1.0, 0.96]],

    "SS": [[0.488, 0.7239999999999999, 0.9119999999999999, 0.9080000000000001, 0.9520000000000001, 0.9079999999999999, 0.9520000000000001, 0.912, 0.96, 0.96, 0.904, 0.968, 0.98, 0.9, 0.932, 0.948, 0.9, 0.92, 0.92, 0.0], 
        [0.5, 0.888, 0.92, 0.9359999999999999, 0.9159999999999999, 0.948, 0.94, 0.9480000000000001, 0.9520000000000001, 0.948, 0.948, 0.9520000000000001, 0.9520000000000001, 0.94, 0.9520000000000001, 0.94, 0.96, 0.96, 0.96, 0.804]]
}