{"CCCC": [3.7104699898530416, 4.508746442549194, 4.406972720950292, 3.690920958676849], "NNNN": [5.332429008925661, 6.799935405660255, 5.873310347137455, 5.384375471769394], "SSSS": [1.6512555068189771, 2.7696402076804105, 2.0423839529334322, 1.7360334190331694]}