{"CCCC": [263.64, 262.94, 265.04, 263.14], "NNNN": [231.01999999999998, 229.92, 232.21999999999997, 231.21999999999997], "SSSS": [212.56000000000003, 215.36000000000004, 215.76000000000005, 213.56000000000003]}