{"CCCC": [268.70400000000006, 267.9840000000001, 269.9840000000001, 268.9440000000001], "NNNN": [226.87200000000004, 227.57200000000003, 228.35200000000003, 226.75200000000004], "SSSS": [213.27200000000002, 214.832, 213.952, 213.792]}