{"CCCC": [[0.39686975193380514, 0.1859419264179007, 0.2479225685572009, 0.3099032106965012, 0.484084290180956, 0.5847242084949109, 0.7741379721987549, 0.8852606395858792, 1.0445163474067793, 1.0445163474067793, 1.3293366766925525, 1.3422780635918923, 1.5194741195558414, 1.6221886450101912, 1.797438622039707, 1.797438622039707, 1.8552826199800396, 1.9093659680637443, 1.9093659680637443, 1.9795029679189673], [0.41113306848269937, 0.5543717164502533, 0.607283788685323, 0.746345764374663, 0.8338642575383598, 0.9994078246641859, 1.053670916368104, 1.2777636714197191, 1.2777636714197191, 1.4614819875728884, 1.5295536603859312, 1.6734773377611065, 1.7541726254847327, 1.8645771638631639, 1.8645771638631639, 1.924396632713745, 1.9997763874993624, 2.0705616629310994, 2.1191579459776, 2.1191579459776], [0.4338644949751016, 0.392, 0.3718838528358014, 0.4111330684826995, 0.484084290180956, 0.6198064213930023, 0.7228122854517625, 0.7937395038676103, 0.968168580361912, 1.0663552878848588, 1.0663552878848588, 1.3593416053369365, 1.3593416053369365, 1.4991117369962788, 1.6410245580124632, 1.7845689675661178, 1.7845689675661178, 1.859419264179007, 1.9949680699199173, 1.9949680699199173], [0.3099032106965012, 0.3337759727721574, 0.2479225685572009, 0.3099032106965012, 0.484084290180956, 0.6198064213930023, 0.7039647718458644, 0.8338642575383598, 1.0445163474067793, 1.0445163474067793, 1.3422780635918923, 1.3422780635918923, 1.5194741195558414, 1.6221886450101912, 1.797438622039707, 1.797438622039707, 1.8552826199800396, 1.8552826199800396, 1.9093659680637443, 1.9795029679189673]], "NNNN": [[0.3099032106965012, 0.3337759727721574, 0.4958451371144019, 0.6817870635323027, 0.9193214889253922, 1.1445460235394642, 1.3593416053369367, 1.5295536603859312, 1.5874790077352205, 1.5692245218578507, 1.5728923675827282, 1.574113083612483, 1.5971294249371275, 1.6174453932049762, 1.6174453932049762, 1.6174453932049762, 1.6174453932049762, 1.6174453932049762, 1.6174453932049762, 1.6174453932049762], [0.39686975193380514, 0.3337759727721574, 0.484084290180956, 0.6817870635323027, 0.896043748931937, 1.1495696586114301, 1.3522579635557708, 1.603131435659597, 1.568, 1.5874790077352205, 1.5692245218578507, 1.5728923675827282, 1.574113083612483, 1.5971294249371275, 1.6174453932049762, 1.6174453932049762, 1.6174453932049762, 1.6174453932049762, 1.6174453932049762, 1.6174453932049762], [0.46382065499500985, 0.1859419264179007, 0.39686975193380514, 0.6228977444171715, 0.852092952675939, 1.110474493178479, 1.336541806304614, 1.603131435659597, 1.5692245218578507, 1.5692245218578507, 1.574113083612483, 1.574113083612483, 1.6174453932049762, 1.6174453932049762, 1.6174453932049762, 1.6174453932049762, 1.6174453932049762, 1.6174453932049762, 1.6174453932049762, 1.6174453932049762], [0.3036418943426615, 0.4338644949751016, 0.484084290180956, 0.6817870635323027, 0.9193214889253922, 1.1445460235394642, 1.3593416053369367, 1.5295536603859312, 1.5874790077352205, 1.5692245218578507, 1.5728923675827282, 1.574113083612483, 1.5971294249371275, 1.6174453932049762, 1.6174453932049762, 1.6174453932049762, 1.6174453932049762, 1.6174453932049762, 1.6174453932049762, 1.6174453932049762]], "SSSS": [[0.4958451371144018, 0.49970391233209294, 0.5680619684506261, 0.6351125884439703, 0.6901872209770332, 0.7864461837913641, 0.6470969015533918, 0.6320810074666063, 0.396869751933805, 0.396869751933805, 0.18594192641790072, 0.18594192641790072, 0.0, 0.0, 0.0, 0.0, 0.0, 0.0, 0.0, 0.0], [0.6320810074666062, 0.786446183791364, 0.7039647718458644, 0.8787272614412278, 0.6817870635323027, 0.5680619684506261, 0.4111330684826995, 0.18594192641790072, 0.18594192641790072, 0.0, 0.0, 0.0, 0.0, 0.0, 0.0, 0.0, 0.0, 0.0, 0.0, 0.0], [0.48009998958550293, 0.46382065499500985, 0.46382065499500985, 0.46382065499500985, 0.46382065499500985, 0.4638206549950099, 0.3036418943426615, 0.0, 0.0, 0.0, 0.0, 0.0, 0.0, 0.0, 0.0, 0.0, 0.0, 0.0, 0.0, 0.0], [0.7937395038676103, 0.5543717164502533, 0.5680619684506261, 0.5680619684506261, 0.6351125884439703, 0.6901872209770332, 0.6470969015533918, 0.6320810074666063, 0.396869751933805, 0.396869751933805, 0.18594192641790072, 0.18594192641790072, 0.0, 0.0, 0.0, 0.0, 0.0, 0.0, 0.0, 0.0]]}