{"CCCC": [[0.20209871647291572, 0.20511753508659358, 0.22007928753065334, 0.24266034863570107, 0.2555527342839438, 0.2672508694092501, 0.2889122441157522, 0.2889122441157522, 0.3040970160984812, 0.31846230546172966, 0.3367095175370009, 0.3367095175370009, 0.37439591450762383, 0.37439591450762383, 0.39760473236620314, 0.41577878733768997, 0.44015857506130673, 0.44015857506130673, 0.45986127995298753, 0.45986127995298753], [0.1664038845700424, 0.19903411566864607, 0.19203999583420112, 0.22319916845723234, 0.2362430206376476, 0.26523080364090434, 0.27585215750470393, 0.3058604963050966, 0.3058604963050966, 0.3291399702254346, 0.3463825214989924, 0.3710979342437788, 0.3710979342437788, 0.4159265935234245, 0.4159265935234245, 0.4159265935234245, 0.4365127260458737, 0.4365127260458737, 0.4365127260458737, 0.4594601214468997], [0.12445614167247834, 0.1476128558086997, 0.15913461974064602, 0.1933160231331071, 0.21391853402639047, 0.22098511081066066, 0.23448023200261464, 0.2785683399096172, 0.2828925789058454, 0.2987441232894799, 0.3211530426447801, 0.34303919776025604, 0.34303919776025604, 0.3868307164639334, 0.3868307164639334, 0.4124764002946107, 0.4330136404317997, 0.4330136404317997, 0.4330136404317997, 0.45593492869048746], [0.19988156493283712, 0.21648907593687033, 0.2164890759368703, 0.24266034863570107, 0.2614966156568761, 0.27834760426488314, 0.27834760426488314, 0.2889122441157522, 0.3040970160984812, 0.31846230546172966, 0.3367095175370009, 0.3367095175370009, 0.37439591450762383, 0.37439591450762383, 0.39760473236620314, 0.41577878733768997, 0.44015857506130673, 0.44015857506130673, 0.45986127995298753, 0.45986127995298753]], "NNNN": [[0.17389961242049953, 0.17319126074949617, 0.15090727219057412, 0.23682770108245357, 0.293345939123077, 0.36873012787132003, 0.43823426064149745, 0.5173509014199161, 0.5751589860203871, 0.5840668454894523, 0.5924519464057824, 0.6155523464336724, 0.6341198271620274, 0.671591075580967, 0.690187220977033, 0.6951785957579533, 0.6969226436269663, 0.6980682465203525, 0.7012309177439339, 0.7012309177439339], [0.14625330355243257, 0.16529204215569476, 0.1412288469116703, 0.223405611388792, 0.2656360457468075, 0.3289531711353456, 0.3991476358441823, 0.48645920692284145, 0.5636082156959743, 0.5940837274324217, 0.6251386124692666, 0.6649919241614892, 0.6888723864403334, 0.7213013040332036, 0.7524766489400186, 0.7524153831494937, 0.7580919205478973, 0.7580919205478973, 0.7616510571121137, 0.7616510571121137], [0.14035570811335035, 0.16824062767357947, 0.13859292911256327, 0.21620496941559872, 0.2538029724018219, 0.33762102304210845, 0.3905862506540648, 0.4793312140889636, 0.5211094134632379, 0.5488279992857505, 0.5605737061261435, 0.5911016860067309, 0.6114194789177064, 0.6514516368848879, 0.6745134329277658, 0.6762653301774387, 0.6812233701217243, 0.682034941040413, 0.682034941040413, 0.6834978367193271], [0.15039727657108692, 0.17739894926408095, 0.15679999999999997, 0.24266034863570116, 0.29313633142276996, 0.3686050851521177, 0.43651272604587366, 0.5175587742469447, 0.574116085822371, 0.5832506864119407, 0.5924519464057824, 0.6155523464336724, 0.6306450386707247, 0.671591075580967, 0.6921658899425776, 0.6951785957579533, 0.6969226436269663, 0.6996733317770517, 0.7012309177439339, 0.7027413202594539]], "SSSS": [[0.17886543768990143, 0.20171818757861165, 0.20661040438467748, 0.24189925837009085, 0.27917446301551285, 0.3326230298701519, 0.3608103945287606, 0.3463825214989925, 0.2996172705302551, 0.2605547067316191, 0.22477705220951708, 0.20772301557603076, 0.17843536869129964, 0.17212326745678497, 0.17212326745678497, 0.15923115273086497, 0.15923115273086497, 0.15923115273086497, 0.15522408060607076, 0.15522408060607076], [0.1872595119079402, 0.17530772943598347, 0.223405611388792, 0.26839836661201943, 0.29234896408231037, 0.3454941319328015, 0.3717185343778273, 0.31793109190514846, 0.25458883557611084, 0.2259362317115164, 0.17140757509515153, 0.14667296956153839, 0.12408518364414023, 0.09342438225645384, 0.08606163372839248, 0.08606163372839248, 0.07761204030303538, 0.07761204030303538, 0.07761204030303538, 0.07761204030303538], [0.2092707337398138, 0.17609484717049506, 0.1980279091441406, 0.23708709623258706, 0.2861331494252282, 0.3106955500164107, 0.34624940837494567, 0.3173021474872175, 0.284030984225313, 0.24792256855720088, 0.20323602830207038, 0.17783152476431177, 0.16960513199782615, 0.13859292911256324, 0.13859292911256324, 0.13859292911256324, 0.12196177761905552, 0.12196177761905552, 0.12196177761905552, 0.1164180604545533], [0.18684876451290766, 0.20171818757861165, 0.21298265844899206, 0.2715855666267999, 0.2715855666267999, 0.32081793466076663, 0.3608103945287606, 0.3627218173752443, 0.2996172705302551, 0.2605547067316191, 0.22477705220951708, 0.20772301557603076, 0.17843536869129964, 0.17212326745678497, 0.17212326745678497, 0.15923115273086497, 0.15923115273086497, 0.15923115273086497, 0.15522408060607076, 0.15522408060607076]]}