{"CCCC": [14.637282099624903, 10.94123193356212, 16.525466593836306, 14.868126447673209], "NNNN": [14.894911644450913, 15.083210531448517, 14.746542958130878, 14.960175547633101], "SSSS": [2.2802138285695963, 4.472855703462833, 4.168418220860284, 1.996354052767194]}