{"CCCC": [5.74690973984175, 6.0066562026978, 6.833286072264789, 5.827815787518336], "NNNN": [4.627616168062338, 5.516820436203443, 6.278851945242214, 4.690306586468731], "SSSS": [1.0284908713800047, 1.8308829063683998, 1.929167693662736, 0.9607733674243895]}