{"CCCC": [[0.41722061049761167, 0.2731697220117925, 0.301961139327563, 0.3363816845430202, 0.37120889092800574, 0.42303756610495025, 0.45158059720940175, 0.5080513576558966, 0.5239672072792342, 0.5819075949186434, 0.6023421539291433, 0.6727665667792954, 0.6937828586640055, 0.7597162267689168, 0.7814022241483576, 0.8248317161700317, 0.8227055581774076, 0.8463493336820206, 0.8442060160316321, 0.8463493336820206], [0.21398891874113482, 0.2526122943643084, 0.25971471807350466, 0.267108236218953, 0.3201668249147622, 0.3268856951045731, 0.39098261575676224, 0.4116194128755349, 0.4656055804476573, 0.4919648414104405, 0.5536816485454433, 0.5808688750346329, 0.6473936669446186, 0.6749579805113795, 0.7369345612630743, 0.7513890520788816, 0.7918570770435785, 0.7945208559024738, 0.8026609459641104, 0.8053263875373763], [0.2394102893695255, 0.20938965384182656, 0.22127141328242095, 0.28473343042221094, 0.33615594247908204, 0.3997139252215263, 0.4720038125947713, 0.5286805628505741, 0.6041156246415084, 0.6435966737017835, 0.6995529682990415, 0.707938976624398, 0.7615457357138832, 0.770977803011215, 0.8022197395128093, 0.821582250402235, 0.831964014606401, 0.842182054389667, 0.842182054389667, 0.842182054389667], [0.2829740454529355, 0.308321394496068, 0.3032935184536591, 0.3363816845430202, 0.36367714173975796, 0.42303756610495025, 0.4635555388516029, 0.5080513576558966, 0.5239672072792342, 0.5819075949186434, 0.6023421539291433, 0.6727665667792954, 0.6824038863195315, 0.7515873972759254, 0.7814022241483576, 0.8248317161700317, 0.8227055581774076, 0.8463493336820206, 0.8442060160316321, 0.8463493336820206]], "NNNN": [[0.09994078246641855, 0.1592311527308648, 0.21298265844899208, 0.28027314676936127, 0.35773087537980264, 0.44001890868461546, 0.5248702879759911, 0.6068028318984677, 0.6287660448847412, 0.6305231960840142, 0.6305231960840142, 0.6305231960840142, 0.6305231960840142, 0.6305231960840142, 0.6305231960840142, 0.6305231960840142, 0.6305231960840142, 0.6305231960840142, 0.6305231960840142, 0.6305231960840142], [0.15171969944605093, 0.16631151493507593, 0.20414131575945135, 0.27299641023280874, 0.34602743937439395, 0.4271181344780387, 0.5112257145332182, 0.592322247429556, 0.6268078774233772, 0.6305231960840142, 0.6305231960840142, 0.6305231960840142, 0.6305231960840142, 0.6305231960840142, 0.6305231960840142, 0.6305231960840142, 0.6305231960840142, 0.6305231960840142, 0.6305231960840142, 0.6305231960840142], [0.14625330355243257, 0.15767953323117107, 0.2074269027874639, 0.268226554986638, 0.34991352531732733, 0.42941448508405033, 0.5124266222592262, 0.5974882465789599, 0.6282036969009337, 0.6296696378260586, 0.6305231960840142, 0.6305231960840142, 0.6305231960840142, 0.6305231960840142, 0.6305231960840142, 0.6305231960840142, 0.6305231960840142, 0.6305231960840142, 0.6305231960840142, 0.6305231960840142], [0.14926915287493253, 0.1592311527308648, 0.21298265844899208, 0.28267521999637674, 0.35773087537980264, 0.44001890868461546, 0.5248702879759911, 0.6068028318984677, 0.6287660448847412, 0.6305231960840142, 0.6305231960840142, 0.6305231960840142, 0.6305231960840142, 0.6305231960840142, 0.6305231960840142, 0.6305231960840142, 0.6305231960840142, 0.6305231960840142, 0.6305231960840142, 0.6305231960840142]], "SSSS": [[0.29313633142276996, 0.34571644334627766, 0.29039766390244964, 0.2533788057434953, 0.2153504009747835, 0.18561106863546686, 0.1491661731090531, 0.03880602015151768, 0.0, 0.0, 0.0, 0.0, 0.0, 0.0, 0.0, 0.0, 0.0, 0.0, 0.0, 0.0], [0.37582968057352767, 0.33280776914008486, 0.29039766390244964, 0.24643054356146657, 0.2074269027874639, 0.17670462585908722, 0.159134619740646, 0.05431711332536001, 0.0, 0.0, 0.0, 0.0, 0.0, 0.0, 0.0, 0.0, 0.0, 0.0, 0.0, 0.0], [0.37603405803198175, 0.3373933775283683, 0.2857031970419651, 0.24189925837009096, 0.2032360283020704, 0.17319126074949626, 0.1476128558086997, 0.03880602015151768, 0.0, 0.0, 0.0, 0.0, 0.0, 0.0, 0.0, 0.0, 0.0, 0.0, 0.0, 0.0], [0.3729154327726327, 0.3463825214989925, 0.29039766390244964, 0.24643054356146663, 0.2153504009747835, 0.18561106863546686, 0.1491661731090531, 0.03880602015151768, 0.0, 0.0, 0.0, 0.0, 0.0, 0.0, 0.0, 0.0, 0.0, 0.0, 0.0, 0.0]]}