{"CCCC": [23.912358580917967, 22.534746928740958, 23.97134199877848, 24.084562942565533], "NNNN": [2.098426930822234, 3.236220570974731, 2.5263784166272427, 1.6415394920622586], "SSSS": [4.092900514793875, 3.558811675826637, 4.23969339268773, 3.3975569669984904]}