{"CCCC": [6.387311116162939, 7.605609019103267, 8.48753353736338, 6.503464100820321], "NNNN": [5.806015100563198, 6.009158652334609, 5.984600617729464, 5.8608359297397055], "SSSS": [1.1434198537929976, 1.2404872052415528, 1.250350473542518, 0.9994840842594745]}