{"CCCC": [[1.6398536520067881, 0.5866918782461542, 0.635414951035935, 0.7150643048006243, 0.7689097736405749, 0.9633953290316493, 0.9348604173886067, 1.086872577628123, 1.1325679847143837, 1.1621990191012899, 1.2617285920513968, 1.3781462331697605, 1.4797675493130669, 1.509454523992028, 1.622307048619342, 1.6515253555425662, 1.622307048619342, 1.6515253555425662, 1.622307048619342, 1.6515253555425662], [0.8719246756457805, 0.9792156861488689, 1.0137198824132827, 1.017691190882578, 1.151406166389602, 1.0884619607501218, 1.2082251445819192, 1.2082251445819192, 1.2597479747949587, 1.3641374710783367, 1.432141836551115, 1.545295622203079, 1.625146147274146, 1.7438493512915616, 1.7438493512915616, 1.873723095870892, 1.873723095870892, 1.873723095870892, 1.873723095870892, 1.873723095870892], [0.7077744273424975, 0.7077744273424977, 0.807177403053381, 0.9367077665953238, 0.9703484734877466, 0.9703484734877466, 1.0735362127101256, 1.1312103959918334, 1.246412066693836, 1.3204931805957956, 1.4424321682491696, 1.4424321682491696, 1.6533851819827103, 1.6533851819827103, 1.7898352549885703, 1.7898352549885703, 1.7898352549885703, 1.7898352549885703, 1.7898352549885703, 1.7898352549885703], [0.9807836866506296, 0.7056000000000002, 0.635414951035935, 0.7150643048006243, 0.7689097736405749, 0.9633953290316493, 1.0584, 1.086872577628123, 1.1325679847143837, 1.1621990191012899, 1.2617285920513968, 1.3781462331697605, 1.3481323970589831, 1.509454523992028, 1.622307048619342, 1.6515253555425662, 1.622307048619342, 1.6515253555425662, 1.622307048619342, 1.6515253555425662]], "NNNN": [[0.1859419264179007, 0.28403098422531303, 0.28403098422531303, 0.28403098422531303, 0.28403098422531303, 0.28403098422531303, 0.28403098422531303, 0.284030984225313, 0.0, 0.0, 0.0, 0.0, 0.0, 0.0, 0.0, 0.0, 0.0, 0.0, 0.0, 0.0], [0.3718838528358014, 0.41577878733768997, 0.39686975193380514, 0.39686975193380514, 0.3718838528358014, 0.3718838528358014, 0.37188385283580144, 0.4338644949751016, 0.247922568557201, 0.0, 0.0, 0.0, 0.0, 0.0, 0.0, 0.0, 0.0, 0.0, 0.0, 0.0], [0.1859419264179007, 0.3036418943426615, 0.39686975193380514, 0.39686975193380514, 0.5403347110819366, 0.5403347110819366, 0.5403347110819368, 0.5403347110819368, 0.37188385283580144, 0.18594192641790072, 0.0, 0.0, 0.0, 0.0, 0.0, 0.0, 0.0, 0.0, 0.0, 0.0], [0.4338644949751016, 0.39686975193380514, 0.28403098422531303, 0.41577878733768997, 0.28403098422531303, 0.28403098422531303, 0.28403098422531303, 0.284030984225313, 0.0, 0.0, 0.0, 0.0, 0.0, 0.0, 0.0, 0.0, 0.0, 0.0, 0.0, 0.0]], "SSSS": [[1.233399205448098, 1.5131403107445125, 1.2224493445537938, 0.9780380360701725, 0.7359793475363287, 0.49970391233209294, 0.3036418943426615, 0.0, 0.0, 0.0, 0.0, 0.0, 0.0, 0.0, 0.0, 0.0, 0.0, 0.0, 0.0, 0.0], [1.616257405242123, 1.445624570903525, 1.1776322006467046, 0.9379373113380235, 0.7039647718458644, 0.48408429018095606, 0.3099032106965012, 0.0, 0.0, 0.0, 0.0, 0.0, 0.0, 0.0, 0.0, 0.0, 0.0, 0.0, 0.0, 0.0], [1.554466596617631, 1.3593416053369367, 1.0806694221638733, 0.8407463351094671, 0.607283788685323, 0.392, 0.24792256855720096, 0.0, 0.0, 0.0, 0.0, 0.0, 0.0, 0.0, 0.0, 0.0, 0.0, 0.0, 0.0, 0.0], [1.5923115273086481, 1.4680386915882018, 1.2224493445537938, 0.9780380360701725, 0.7359793475363287, 0.49970391233209294, 0.3036418943426615, 0.0, 0.0, 0.0, 0.0, 0.0, 0.0, 0.0, 0.0, 0.0, 0.0, 0.0, 0.0, 0.0]]}