{"CCCC": [2.796650092092321, 4.622196985503754, 4.039924689991133, 2.61320854368724], "NNNN": [3.310006032893596, 5.462654223539323, 4.7339210634939795, 3.4143467333052158], "SSSS": [4.210289353453987, 6.538742742770048, 8.018904689981538, 4.302916559187267]}