{"CCCC": [4.03364289506743, 6.349285751135163, 7.5497570923234365, 3.996635456917227], "NNNN": [2.858516251853747, 4.144090958136896, 5.227550212253536, 2.894494873049873], "SSSS": [4.360831692212849, 6.596959043787371, 9.59012751695659, 4.585134570043499]}