{"CCCC": [[0.21189766586727662, 0.20179435076334526, 0.24474114325139523, 0.2743439942845477, 0.23934481235238828, 0.2501439201739669, 0.24692888692901035, 0.26002338356386334, 0.2658673353385105, 0.2818041078479872, 0.27696402076804133, 0.28180410784798715, 0.28403098422531303, 0.2848952874303117, 0.29590158363888475, 0.2872052144373426, 0.2772412898541629, 0.28403098422531303, 0.30570973945885327, 0.2983323462181062], [0.1884863835930862, 0.19434662641785166, 0.2504508830090243, 0.2074269027874639, 0.22864053183982921, 0.26243514398799556, 0.262903151749841, 0.29313633142276996, 0.31826923948129204, 0.3057097394588532, 0.28784653689075373, 0.2893905319805747, 0.325194656782672, 0.3372111504680708, 0.3148226167224966, 0.3036418943426614, 0.3185105536713029, 0.33853007429178283, 0.3635681130132287, 0.40526051275691805], [0.1859419264179007, 0.18386429778507843, 0.20179435076334534, 0.2071303666776072, 0.21355906723901924, 0.24164502891638384, 0.228304246127837, 0.24062542509053353, 0.2504508830090243, 0.24767452190324304, 0.23184405793550103, 0.24767452190324302, 0.25094124252501804, 0.262903151749841, 0.2798890980370617, 0.262903151749841, 0.26002338356386334, 0.29548584534627026, 0.2906621186188526, 0.294652609016109], [0.24940566793880217, 0.15923115273086477, 0.22614017599710134, 0.26377842823096803, 0.26214221483767164, 0.27299641023280885, 0.2771858582251266, 0.26243514398799556, 0.25410551509166424, 0.26243514398799556, 0.25014392017396697, 0.27988909803706175, 0.27917446301551285, 0.27724128985416296, 0.2679399574531577, 0.28720521443734265, 0.28403098422531303, 0.29982234739925573, 0.29066211861885266, 0.30570973945885327]], "NNNN": [[0.0, 0.18394785348027304, 0.21044230753344248, 0.24164502891638384, 0.27322146914179346, 0.3227281506159634, 0.3081129974538561, 0.3442465349135702, 0.34446965149342257, 0.35880314825820575, 0.34268065133590475, 0.38021979327752, 0.38251648435067465, 0.3850789010060147, 0.37778714006699604, 0.3929787780529631, 0.39372102204479775, 0.40210105794439277, 0.38583634250806403, 0.39340866894363147], [0.054317113325359996, 0.15719151122118522, 0.24674212611550544, 0.23184405793550103, 0.23184405793550103, 0.2380573107468031, 0.26908451609113443, 0.3038442548411932, 0.35362658723574497, 0.3481524999192165, 0.37827492224571263, 0.3627218173752441, 0.3383484594319885, 0.3792891203290702, 0.3645810746596702, 0.3784779792801689, 0.385836342508064, 0.3982611967038717, 0.41577878733769, 0.4132208087693551], [0.03880602015151772, 0.14625330355243257, 0.2341523333217074, 0.2100768925893565, 0.28180410784798715, 0.2910319515104828, 0.3281580887316356, 0.34638252149899257, 0.37254439305940446, 0.4052605127569181, 0.42582099525504846, 0.4267222047187139, 0.40752920287999, 0.42451989258455236, 0.4330136404317995, 0.41854146747962745, 0.46583720418189, 0.4664964702974717, 0.4842112464617071, 0.5199285612466389], [0.22864053183982916, 0.18954324889058952, 0.2698258757050554, 0.2659251263043791, 0.2541055150916642, 0.3645810746596702, 0.35536048626711436, 0.3743959145076238, 0.3592739344845379, 0.3842399916718717, 0.35327878622979897, 0.34446965149342257, 0.3750110569036598, 0.3736975290258153, 0.39297877805296316, 0.4019099361797365, 0.37746160175572807, 0.40286463830919683, 0.392, 0.38809979747482454]], "SSSS": [[0.20300907565919288, 0.2818041078479872, 0.35536048626711425, 0.4045394418347857, 0.4111330684826993, 0.4538066689681849, 0.49161238715068994, 0.5330046934127314, 0.5459928204656175, 0.5311853130499748, 0.5394523919680029, 0.5715408394856836, 0.5858793759810972, 0.5653504399927535, 0.5288369124786961, 0.5447530787430209, 0.5593662814292618, 0.586194026581643, 0.6336349889329029, 0.6047481459252273], [0.10356518333880356, 0.2368277010824537, 0.31947398767348806, 0.284030984225313, 0.317544196608913, 0.3880602015151772, 0.43030816864196275, 0.4511918297132606, 0.4324099388311975, 0.44681122277758406, 0.4776934581925945, 0.5033499808284488, 0.4835761317517644, 0.48611161187529756, 0.5103833978491074, 0.5358799149063155, 0.561969974998665, 0.5465835240839225, 0.5462460573770761, 0.6052815120256027], [0.23283612090910652, 0.2771858582251266, 0.3444696514934225, 0.3401150675874269, 0.40210105794439277, 0.4046913530086848, 0.4365127260458738, 0.48989022770412544, 0.4972068414654004, 0.5061507885996029, 0.5312720914936151, 0.5079690825237299, 0.5329181970997049, 0.5612312065450387, 0.5345017388184999, 0.6110423775811298, 0.5714332856948395, 0.5488000000000001, 0.5562810110007349, 0.5645072215658536], [0.2998223473992557, 0.3118310106451889, 0.37254439305940446, 0.4736554021649072, 0.47692080348837773, 0.43739190664665933, 0.47222579006233867, 0.5203126321741571, 0.5550365638406175, 0.5277024737482284, 0.5460209637001127, 0.5571366798192343, 0.5855383136909144, 0.5914915005306499, 0.5865871024835098, 0.5873463032998506, 0.5543994343431455, 0.5929704586233615, 0.590763638691482, 0.6732592867536248]]}