{"CCCC": [[1.2396128427860047, 0.9297096320895035, 0.9214084870457836, 1.176, 1.1578939502389671, 1.1906092558014154, 1.176, 1.2224493445537938, 1.201849241793662, 1.3928416995480857, 1.3074830782843807, 1.301593484925305, 1.3074830782843807, 1.233399205448098, 1.3635741270646053, 1.2396128427860047, 1.2333992054480982, 1.336541806304614, 1.3351038910886297, 1.3914619649850297], [0.9297096320895035, 0.9193214889253922, 1.0013279183164725, 1.1156515585074043, 1.0895202613994839, 1.182515285313471, 1.1495696586114301, 1.1841385054122682, 1.038984889206768, 1.214567577370646, 1.2717364506846536, 1.276259534734217, 1.0753239511886639, 1.0753239511886639, 1.3914619649850297, 1.1173719165971552, 1.1156515585074043, 1.387314528144213, 1.276259534734217, 1.2717364506846536], [0.7437677056716028, 0.9621983163568724, 0.8338642575383598, 1.038984889206768, 0.8407463351094668, 0.8338642575383598, 0.9621983163568725, 0.7961557636543241, 0.9780380360701726, 1.029699762066594, 1.0389848892067681, 1.1495696586114301, 1.0389848892067681, 0.7961557636543241, 0.968168580361912, 1.038984889206768, 0.8874277435374668, 0.9916902742288038, 0.9621983163568725, 0.9916902742288038], [0.9297096320895035, 0.9297096320895035, 0.9109256830279846, 0.9276413099900197, 1.176, 0.9521646916369038, 1.2224493445537938, 1.3649820511640438, 1.2082251445819192, 1.2224493445537938, 1.2717364506846536, 1.2224493445537938, 1.3351038910886297, 1.3649820511640438, 1.3522579635557708, 1.4188017479549424, 1.2333992054480982, 1.3074830782843807, 1.2717364506846536, 1.276259534734217]], "NNNN": [[0.1859419264179007, 0.6320810074666062, 0.6675519455443151, 1.1694484169898218, 1.241161391600625, 1.2941938031067837, 1.1017919948883275, 1.473263045080545, 1.0165581144233715, 1.3522579635557708, 1.3235443324649159, 1.5131403107445125, 1.452252870542868, 1.3001169178193168, 1.2098138699816599, 1.4147344627172975, 1.452252870542868, 1.4349556090694933, 1.3001169178193168, 1.5042281741810315], [0.1859419264179007, 0.607283788685323, 0.8677289899502032, 0.8765386471799176, 0.9193214889253922, 1.0296997620665937, 1.1156515585074043, 1.0735362127101256, 1.0753239511886639, 1.1578939502389674, 1.2762595347342172, 1.2717364506846536, 1.1578939502389676, 1.301593484925305, 1.276259534734217, 1.3015934849253052, 1.3635741270646053, 1.3074830782843807, 1.3351038910886301, 1.330780823426608], [0.0, 0.6929646455628166, 0.896043748931937, 0.8852606395858792, 1.276259534734217, 1.3914619649850297, 1.5295536603859312, 1.5482759443975096, 1.6351616433857543, 1.6642696896837366, 1.5971294249371275, 1.7759373862836494, 1.6677285150767196, 1.6410245580124632, 1.5728923675827282, 1.7541726254847327, 1.543305543306315, 1.7585471276027833, 1.5874790077352205, 1.7365644243735963], [0.39686975193380514, 1.0070662341673462, 0.5847242084949109, 1.2457954888343434, 1.2473363620130697, 1.2098138699816596, 1.1104744931784791, 1.216148017307104, 1.3422780635918925, 1.3635741270646053, 1.3983470241681784, 1.4349556090694933, 1.3422780635918925, 1.283762594874925, 1.3873145281442132, 1.3001169178193168, 1.3983470241681784, 1.4133760999818838, 1.2333992054480982, 1.3422780635918923]], "SSSS": [[0.6320810074666062, 0.6470969015533918, 0.822266136965399, 1.0165581144233713, 1.038984889206768, 1.1578939502389671, 1.2333992054480984, 1.1825152853134713, 1.2717364506846534, 1.2762595347342172, 1.2473363620130697, 1.2457954888343434, 1.2717364506846534, 1.2717364506846534, 1.233399205448098, 1.387314528144213, 1.233399205448098, 1.233399205448098, 1.233399205448098, 1.233399205448098], [0.9916902742288038, 1.0753239511886639, 0.8338642575383598, 0.7039647718458646, 0.8338642575383597, 0.9379373113380235, 0.991690274228804, 1.124227023336479, 1.124227023336479, 1.124227023336479, 1.2702251768879407, 1.2702251768879407, 1.4255547692039057, 1.4255547692039057, 1.4255547692039057, 1.58747900773522, 1.58747900773522, 1.58747900773522, 1.58747900773522, 1.7541726254847327], [0.6817870635323027, 0.7333648478076925, 0.8057483478109031, 1.1361239369012521, 1.0371345139373196, 0.9681685803619121, 0.8765386471799176, 0.6675519455443151, 0.607283788685323, 0.6228977444171715, 0.495845137114402, 0.396869751933805, 0.37188385283580144, 0.37188385283580144, 0.37188385283580144, 0.37188385283580144, 0.37188385283580144, 0.37188385283580144, 0.37188385283580144, 0.37188385283580144], [0.3718838528358014, 0.9621983163568725, 0.7228122854517625, 0.8315575746753799, 1.301593484925305, 1.1578939502389671, 1.1445460235394642, 1.2717364506846534, 1.2717364506846534, 1.2717364506846534, 1.2098138699816596, 1.2457954888343434, 1.2717364506846534, 1.2717364506846534, 1.2717364506846534, 1.233399205448098, 1.2098138699816596, 1.233399205448098, 1.233399205448098, 1.233399205448098]]}