{"CCCC": [[0.5578257792537021, 0.3337759727721574, 0.5403347110819366, 0.6228977444171715, 0.3036418943426615, 0.41113306848269937, 0.39686975193380514, 0.4338644949751016, 0.41113306848269937, 0.41577878733768997, 0.39686975193380514, 0.41113306848269937, 0.4111330684826995, 0.3099032106965012, 0.41113306848269937, 0.41577878733768997, 0.41113306848269937, 0.41113306848269937, 0.3099032106965012, 0.5403347110819366], [0.5578257792537021, 0.48009998958550293, 0.5403347110819366, 0.4338644949751017, 0.3718838528358014, 0.6675519455443151, 0.6198064213930023, 0.784, 0.7565701553722562, 0.48009998958550293, 0.48009998958550293, 0.48009998958550293, 0.5847242084949109, 0.690187220977033, 0.5847242084949109, 0.607283788685323, 0.690187220977033, 0.5847242084949109, 0.7359793475363287, 0.7961557636543241], [0.1859419264179007, 0.5680619684506261, 0.5578257792537021, 0.5403347110819366, 0.49970391233209294, 0.6320810074666062, 0.6817870635323027, 0.5714332856948394, 0.6817870635323027, 0.6228977444171715, 0.5578257792537021, 0.6675519455443151, 0.6675519455443151, 0.6228977444171715, 0.7741379721987548, 0.6228977444171715, 0.607283788685323, 0.6675519455443151, 0.7359793475363287, 0.6675519455443151], [0.6228977444171715, 0.33377597277215754, 0.5403347110819366, 0.3337759727721574, 0.6320810074666062, 0.41577878733768997, 0.41113306848269937, 0.4338644949751016, 0.3036418943426615, 0.46382065499500985, 0.3718838528358014, 0.3718838528358014, 0.3099032106965012, 0.3036418943426615, 0.3036418943426615, 0.4338644949751016, 0.28403098422531303, 0.3036418943426615, 0.3099032106965012, 0.3036418943426615]], "NNNN": [[0.0, 0.33377597277215754, 0.392, 0.2479225685572009, 0.39686975193380514, 0.484084290180956, 0.5680619684506261, 0.6929646455628166, 0.690187220977033, 0.6675519455443151, 0.8057483478109031, 0.8338642575383597, 0.7741379721987549, 0.9621983163568727, 0.9379373113380235, 0.9916902742288038, 1.0165581144233715, 0.9601999791710059, 0.9379373113380235, 0.9621983163568727], [0.0, 0.2479225685572009, 0.3337759727721574, 0.2479225685572009, 0.1859419264179007, 0.28403098422531303, 0.3036418943426615, 0.5714332856948394, 0.49970391233209294, 0.41577878733768997, 0.6320810074666062, 0.6320810074666062, 0.607283788685323, 0.6929646455628166, 0.6929646455628166, 0.7741379721987549, 0.8407463351094668, 0.8338642575383598, 0.8057483478109031, 0.8407463351094668], [0.0, 0.2479225685572009, 0.46382065499500985, 0.4338644949751016, 0.6470969015533916, 0.7039647718458644, 0.9109256830279844, 0.9214084870457836, 1.1445460235394647, 1.1445460235394647, 1.2837625948749247, 1.1445460235394647, 1.1445460235394647, 1.1694484169898218, 1.3001169178193168, 1.1445460235394647, 1.0445163474067793, 1.0753239511886639, 1.1694484169898218, 1.2837625948749247], [0.0, 0.3337759727721574, 0.27718585822512665, 0.39686975193380514, 0.3337759727721574, 0.6228977444171715, 0.49970391233209294, 0.7437677056716028, 0.7359793475363287, 0.968168580361912, 0.6817870635323027, 0.7864461837913641, 0.7565701553722562, 0.7937395038676103, 0.9521646916369038, 1.0013279183164725, 0.9621983163568727, 1.0165581144233715, 0.9521646916369038, 0.9276413099900197]], "SSSS": [[0.0, 0.4958451371144018, 0.6351125884439703, 0.690187220977033, 0.8407463351094668, 0.8874277435374668, 0.9297096320895035, 0.8765386471799176, 0.7741379721987548, 0.7741379721987548, 0.7039647718458646, 0.8787272614412279, 0.8057483478109031, 0.7741379721987549, 0.7741379721987549, 0.822266136965399, 0.896043748931937, 0.822266136965399, 0.896043748931937, 0.822266136965399], [0.1859419264179007, 0.5403347110819366, 0.5578257792537021, 0.6351125884439703, 0.5847242084949109, 0.8338642575383598, 0.9521646916369038, 1.029699762066594, 1.0445163474067796, 1.0806694221638735, 1.0824453796843516, 0.8765386471799176, 0.8960437489319368, 1.089520261399484, 1.0536709163681042, 0.9601999791710059, 0.7741379721987549, 0.495845137114402, 0.396869751933805, 0.396869751933805], [0.0, 0.46382065499500985, 0.690187220977033, 0.9109256830279844, 0.6929646455628166, 0.8765386471799176, 0.6675519455443151, 0.9276413099900198, 0.9379373113380234, 0.7937395038676103, 0.8787272614412279, 1.0663552878848588, 1.0806694221638733, 1.1694484169898218, 1.2641620149332127, 1.4133760999818838, 1.1825152853134713, 1.2641620149332127, 1.4402999687565088, 1.2941938031067837], [0.49970391233209294, 0.6228977444171715, 0.7937395038676103, 1.0463536686990687, 0.6817870635323027, 0.9297096320895035, 0.9521646916369038, 0.8057483478109032, 0.9109256830279846, 0.8407463351094668, 0.8057483478109031, 0.852092952675939, 1.0389848892067681, 0.8520929526759391, 0.7741379721987549, 0.6817870635323027, 0.9994078246641859, 0.9994078246641859, 0.896043748931937, 0.822266136965399]]}