{"CCCC": [5.511893697715152, 7.743587963120976, 8.82221485292849, 5.37543481129034], "NNNN": [5.093927888877892, 11.158005445137942, 9.01630602750195, 4.942818017104007], "SSSS": [5.188628923433243, 9.305017477338128, 8.155943295583162, 5.160600304132069]}