{"CCCC": [8.20923251564968, 5.555125483371187, 9.179573738251674, 7.399865724187156], "NNNN": [7.767982224490475, 13.142000967889173, 6.651998604930691, 7.634042745492061], "SSSS": [7.750941368375847, 14.322271348358127, 14.3281710966892, 7.262523391769561]}