{"CCCC": [272.0, 269.88, 270.98, 272.02], "NNNN": [258.512, 257.29200000000003, 257.312, 257.332], "SSSS": [231.21599999999992, 236.3359999999999, 231.41599999999994, 230.53599999999992]}