{"CCCC": [[0.39547341149564014, 0.3337759727721575, 0.38551760115460365, 0.4776934581925944, 0.498934544805228, 0.48989022770412544, 0.4896078430744344, 0.49198732991815974, 0.5082110301833284, 0.5679537558639788, 0.5364531099732761, 0.5335809771721626, 0.5267698275338101, 0.516518573528581, 0.5421517307912979, 0.5238446059663111, 0.5051783558308885, 0.5449786960973795, 0.5220816058816857, 0.5612312065450389], [0.2614966156568762, 0.2848952874303117, 0.38122881737874953, 0.40832026645759323, 0.43739190664665933, 0.49695953638098134, 0.49834903110169687, 0.5271197632417132, 0.5750788300746252, 0.5511469814849757, 0.5414994411816136, 0.5582663565001924, 0.5295628385753668, 0.5248702879759912, 0.5637445208602916, 0.5458802330181958, 0.5295628385753668, 0.5571366798192342, 0.5643711006066842, 0.5605737061261435], [0.2796144545619915, 0.33487906354384117, 0.33648125534715895, 0.4112825442442215, 0.41986109703091085, 0.44155280907270883, 0.44266503453514355, 0.4323033157402334, 0.4934842522310109, 0.5118265206102551, 0.5026473403888654, 0.5026473403888655, 0.5206669077250828, 0.48061182340845493, 0.4902664875350955, 0.49967316037585996, 0.4872167353447539, 0.4997039123320928, 0.49658834782946726, 0.5143721174402827], [0.4366535138986058, 0.3318830444599422, 0.36352584502343166, 0.40752920287999, 0.5058167257021063, 0.5231107446803208, 0.4989345448052279, 0.5340703294510939, 0.5118565424022632, 0.5653776196490269, 0.5089663753137331, 0.5356504651356144, 0.5306933005041612, 0.5477910725815088, 0.5172023696774791, 0.5201649461468928, 0.5353348111229084, 0.5403347110819366, 0.5394523919680029, 0.5398795006295386]], "NNNN": [[0.19489930938820696, 0.34620502596005154, 0.4111330684826995, 0.47365540216490715, 0.5807953278048992, 0.6573689229040264, 0.6104385308939795, 0.6695975053716972, 0.6554962065489013, 0.6924100519201031, 0.6503184303093368, 0.6659155886446869, 0.6502002743770567, 0.6566204772926288, 0.6528653790790256, 0.6708584971512247, 0.6662616326939437, 0.6589565472775878, 0.6870855411082376, 0.6995635119129642], [0.12346444346450518, 0.2785683399096172, 0.4641187296371479, 0.3888908700393981, 0.36441244325626426, 0.41942168184298717, 0.45119182971326066, 0.5151780864904871, 0.5149692526743705, 0.5394523919680029, 0.5761199875026034, 0.5543717164502532, 0.5458802330181959, 0.5654591507792581, 0.5715408394856832, 0.572937201445324, 0.5990293588798468, 0.5873463032998504, 0.565459150779258, 0.5947300187480029], [0.16342216251169847, 0.3424563691917556, 0.392978778052963, 0.4083202664575932, 0.5177962410060544, 0.5512863676892436, 0.6326884857495038, 0.6128503478011578, 0.6514516368848879, 0.7087290619129427, 0.6995635119129642, 0.6973634828409068, 0.6334409497340695, 0.6140527039269511, 0.6565034555887729, 0.6854733978791592, 0.6379852687954476, 0.6723457110742953, 0.6634882268736949, 0.6587699665285296], [0.1700575337937134, 0.3725443930594044, 0.3750110569036598, 0.5510633328393387, 0.5794444235645037, 0.6314972785372872, 0.5403347110819365, 0.5921406211365674, 0.6486149082467961, 0.7189968211334454, 0.688426109905776, 0.713418461213333, 0.6490885572862919, 0.6280813807143146, 0.6741716244399492, 0.6635113864885817, 0.6549098844879346, 0.6560351600333624, 0.6614470052846259, 0.6825979642512858]], "SSSS": [[0.2889122441157523, 0.38551760115460354, 0.44491568279843763, 0.5507286112051922, 0.6248435733845713, 0.6539706757951765, 0.6072837886853228, 0.5977196667334949, 0.6019210738959053, 0.5631991022720116, 0.5974882465789598, 0.6125493900086751, 0.5912836314324962, 0.6244745785058028, 0.578781063961149, 0.5715408394856838, 0.5945232819663161, 0.5707875373551877, 0.581456389422285, 0.5724810732242596], [0.3653810110008456, 0.44349737316020255, 0.4927363595270801, 0.4973613446981983, 0.5207849460189876, 0.47053064852355786, 0.5321968477922431, 0.470432665532486, 0.518981944965333, 0.5032583877095343, 0.5991576059769251, 0.5095698452616675, 0.5357938827571661, 0.5386542163577669, 0.5302587926663735, 0.5527339005344253, 0.5625165853554898, 0.5244309556080758, 0.5637445208602918, 0.5706529144760413], [0.359658664847658, 0.3943839509919234, 0.48294018180308834, 0.5241964944560389, 0.5974882465789598, 0.6108411616778946, 0.5964586262264971, 0.6047481459252273, 0.6200295115557, 0.6417316573148001, 0.5841720732797827, 0.5505890838002511, 0.5455423312631201, 0.5539280415360825, 0.5374833206714418, 0.5794444235645039, 0.5511469814849755, 0.5345017388185, 0.5691699612593765, 0.5417264136074592], [0.41740177670920353, 0.4097853330708653, 0.3818329519567425, 0.5310406507980345, 0.7202779996640186, 0.626440039588786, 0.6008990490922745, 0.5428598522639153, 0.6000545681852612, 0.6490885572862917, 0.5843035813684526, 0.589722277686709, 0.6104385308939794, 0.5741160858223707, 0.6526770570504222, 0.6093299244251837, 0.5970766114997301, 0.5676289943263999, 0.5599154336147556, 0.5697905748606237]]}