{"CCCC": [10.590502298946936, 19.755948314975935, 22.13811453724099, 10.556931905814317], "NNNN": [12.02721544498144, 28.85946756542816, 20.308721381711845, 10.491878352325674], "SSSS": [7.73185593657823, 9.65288359320675, 23.02844362400551, 7.027150801284973]}