{"CCCC": [271.67999999999995, 263.28, 270.97999999999996, 270.78], "NNNN": [258.5, 255.0, 250.6, 255.8], "SSSS": [228.32, 229.62000000000003, 217.61999999999998, 227.51999999999998]}