{"CCCC": [240.0, 248.0, 245.8, 239.3], "NNNN": [230.88000000000002, 242.18, 250.27999999999997, 231.28000000000003], "SSSS": [230.26000000000005, 223.76000000000005, 241.16000000000003, 230.76000000000005]}