{"CCCC": [3.017340701393861, 4.379085881684441, 4.368529185175258, 3.3267040679880138], "NNNN": [2.339454160857186, 3.2338495635313635, 3.6429538405025093, 2.263749192157117], "SSSS": [1.2554794955107789, 3.198671768263818, 1.387812432098805, 1.528089812480929]}