{"CCCC": [[0.0, 0.19686051102239888, 0.2553121007708017, 0.40438747359432387, 0.5044782619697303, 0.5604640477318773, 0.5741160858223708, 0.785957556105926, 0.8456485813859087, 0.948348384930348, 0.8077292932660053, 0.6195336465439144, 0.5670873117959879, 0.432125552125768, 0.44657041908303763, 0.38090622047952966, 0.28827329255413164, 0.2923489640823103, 0.21726845330143998, 0.1940301007575887], [0.0, 0.26936989586811666, 0.30866110866126295, 0.3605121512515216, 0.47949147729652086, 0.5061507885996029, 0.739395549891937, 0.7056217774417112, 0.704204842925693, 0.7829016306024654, 0.793429691403088, 0.5876340194372682, 0.5455423312631201, 0.47365540216490715, 0.4077176905654203, 0.2451802536910345, 0.19995842767935543, 0.0, 0.0, 0.0], [0.0, 0.22964643432894835, 0.28054714541409975, 0.5371687436923335, 0.49958089314944787, 0.49301695224403785, 0.5479313124835995, 0.7200219463321935, 0.7922862109111829, 0.8032844258418058, 0.689206904202214, 0.6022018266328986, 0.40816970588224705, 0.47053064852355786, 0.32684432502339716, 0.3725443930594046, 0.3261383461048394, 0.27740751828312094, 0.17212326745678516, 0.15522408060607087], [0.0, 0.24922076317995645, 0.28267521999637674, 0.36873012787132003, 0.5094190447951469, 0.7008802145873431, 0.6253598004349176, 0.6970328795688188, 0.8360543063701061, 0.8847223763418667, 0.8653172477190084, 0.6629321533912804, 0.5636082156959742, 0.49844152635991307, 0.392978778052963, 0.36420154420320633, 0.5424917444533144, 0.22422948245045743, 0.21726845330143998, 0.24599366495907976]], "NNNN": [[0.0, 0.32439036237225044, 0.19275880057730171, 0.12702251768879402, 0.25216296952566214, 0.5199285612466391, 0.6972973747261636, 0.6875326878047325, 0.6865261981891151, 0.42855479556294773, 0.5997471894056694, 0.3603416156926646, 0.39372102204479775, 0.3850789010060145, 0.17212326745678513, 0.31010148532375653, 0.15522408060607087, 0.1592311527308648, 0.1921199958359358, 0.2459936649590797], [0.0, 0.2820766193784943, 0.24094451477466747, 0.23578726683177784, 0.3277832649785526, 0.6097080849062115, 0.7140213016430252, 0.7134830756226807, 0.6681271735231249, 0.6098088880952784, 0.5451196595244022, 0.2796144545619917, 0.18684876451290766, 0.19709454381083183, 0.1940301007575888, 0.1940301007575888, 0.11641806045455326, 0.27164214106062384, 0.1552240806060708, 0.1940301007575888], [0.0, 0.24643054356146687, 0.3326692243054652, 0.2513695224167003, 0.27322146914179346, 0.415446031152062, 0.6300355901058288, 0.6594227681844174, 0.6552148374388358, 0.5641532387569885, 0.17212326745678497, 0.1552240806060708, 0.41577878733768997, 0.1552240806060708, 0.1552240806060708, 0.0, 0.0, 0.0, 0.0, 0.0], [0.0, 0.24946727240261393, 0.19395088862905477, 0.1532313910398258, 0.24568113317876078, 0.44694876663886207, 0.6773551293081055, 0.6924322441943326, 0.7069924039195895, 0.450510167698799, 0.27050840430567025, 0.3876243790062745, 0.3088601806643257, 0.31010148532375653, 0.17212326745678513, 0.2771858582251266, 0.21726845330143996, 0.41500194120027917, 0.2771858582251266, 0.24599366495907973]], "SSSS": [[0.0, 0.23754035615027594, 0.24568113317876086, 0.5776117007125113, 0.6188387680163547, 0.38904889152907224, 0.319473987673488, 0.23230754787565566, 0.15923115273086483, 0.11641806045455332, 0.19403010075758892, 0.1552240806060707, 0.19403010075758892, 0.1552240806060707, 0.43030816864196303, 0.0, 0.0, 0.0, 0.0, 0.0], [0.19403010075758892, 0.46517700373083815, 0.32495830624866295, 0.6499166124973262, 0.5058167257021063, 0.37615663120567205, 0.1884863835930862, 0.13165598809017387, 0.07761204030303538, 0.0, 0.0, 0.0, 0.0, 0.0, 0.0, 0.0, 0.0, 0.0, 0.0, 0.0], [0.0, 0.3758296805735277, 0.2713591509420682, 0.6814263534674894, 0.7150320697703008, 0.4833218521854766, 0.36873012787132015, 0.3165748897180571, 0.2705084043056702, 0.19403010075758892, 0.1552240806060707, 0.19403010075758892, 0.1552240806060707, 0.19403010075758892, 0.1552240806060707, 0.19403010075758892, 0.11641806045455332, 0.0, 0.0, 0.0], [0.0, 0.31359999999999993, 0.2881133332562029, 0.621687777586145, 0.6695975053716969, 0.3289531711353457, 0.30409701609848133, 0.2903976639024497, 0.15923115273086483, 0.19403010075758892, 0.1552240806060707, 0.1552240806060707, 0.19403010075758892, 0.1552240806060707, 0.19403010075758892, 0.1552240806060707, 0.0, 0.0, 0.0, 0.0]]}