{"CCCC": [8.416779507626412, 12.628972202044006, 13.064954821200114, 7.631878594422212], "NNNN": [9.488375992550042, 20.070587577248453, 18.869513569141088, 7.244304240988222], "SSSS": [5.378277142728894, 5.136785709371185, 16.458847193652414, 8.507537988395942]}