{"CCCC": [[0.0, 0.4958451371144018, 0.6675519455443151, 0.9109256830279845, 1.0663552878848588, 1.0165581144233713, 1.0296997620665937, 0.8677289899502034, 0.8852606395858792, 0.896043748931937, 1.4469526599028733, 1.4147344627172973, 1.3803744419540667, 0.8787272614412277, 0.9621983163568724, 0.9276413099900198, 0.9297096320895035, 0.9297096320895035, 0.0, 0.0], [0.0, 0.5578257792537021, 0.6470969015533918, 0.6789639165669998, 0.852092952675939, 0.9994078246641859, 1.2396128427860047, 1.0371345139373196, 1.3593416053369367, 1.5971294249371275, 1.9609797551224235, 1.8686932332515145, 1.5495160534825059, 1.3351038910886301, 1.1694484169898218, 0.6351125884439703, 0.18594192641790072, 0.0, 0.0, 0.0], [0.0, 0.6817870635323027, 0.7333648478076925, 1.5482759443975096, 1.124227023336479, 1.2082251445819192, 1.1495696586114301, 1.5232617634536751, 1.817629225117158, 1.57898651039203, 1.452252870542868, 1.2717364506846534, 0.9297096320895035, 0.9297096320895035, 0.0, 0.0, 0.0, 0.0, 0.0, 0.0], [0.0, 0.49970391233209294, 0.6320810074666062, 0.7741379721987548, 1.1445460235394642, 1.529553660385931, 0.8430278761701774, 1.57898651039203, 0.9109256830279845, 0.8338642575383598, 1.1445460235394644, 1.1841385054122682, 1.301593484925305, 1.0536709163681042, 0.9621983163568724, 0.9276413099900198, 0.9297096320895035, 0.0, 0.0, 0.0]], "NNNN": [[0.0, 0.39686975193380514, 0.27718585822512665, 0.3337759727721574, 0.9621983163568727, 1.2333992054480984, 1.445624570903525, 1.4147344627172973, 1.4614819875728884, 1.2396128427860047, 1.8809874002767797, 0.0, 0.0, 0.0, 0.0, 0.0, 0.0, 0.0, 0.0, 0.0], [0.0, 0.3718838528358014, 0.2479225685572009, 0.3718838528358014, 0.3718838528358014, 1.6642696896837366, 1.7530772943598352, 1.563092319730348, 1.6445322739307975, 1.6410245580124632, 1.029699762066594, 0.5578257792537022, 0.0, 0.0, 0.0, 0.0, 0.0, 0.0, 0.0, 0.0], [0.0, 0.49970391233209294, 0.968168580361912, 0.3718838528358014, 0.9276413099900197, 0.9276413099900197, 1.283762594874925, 1.4784689377866551, 1.5182094717133072, 1.4079295436917292, 0.0, 0.0, 1.859419264179007, 0.0, 0.0, 0.0, 0.0, 0.0, 0.0, 0.0], [0.0, 0.4111330684826995, 0.2479225685572009, 0.2479225685572009, 0.3718838528358014, 0.7039647718458644, 1.387314528144213, 1.616257405242123, 1.4079295436917292, 1.2717364506846536, 0.0, 0.7437677056716029, 0.0, 0.0, 0.0, 0.0, 0.0, 0.0, 0.0, 0.0]], "SSSS": [[0.0, 0.28403098422531303, 0.4958451371144018, 1.2224493445537938, 1.3705992849844917, 0.9621983163568723, 0.5680619684506261, 0.0, 0.0, 0.0, 0.0, 0.0, 0.0, 0.0, 0.0, 0.0, 0.0, 0.0, 0.0, 0.0], [0.0, 1.3060131699182824, 0.5847242084949109, 1.3133462605116748, 1.2098138699816596, 0.9521646916369038, 0.6320810074666062, 0.5680619684506261, 0.37188385283580144, 0.0, 0.0, 0.0, 0.0, 0.0, 0.0, 0.0, 0.0, 0.0, 0.0, 0.0], [0.0, 1.089520261399484, 0.6320810074666062, 1.8059674415669846, 1.7409831705102723, 1.5692245218578504, 1.029699762066594, 0.9297096320895035, 0.9297096320895035, 0.0, 0.0, 0.0, 0.0, 0.0, 0.0, 0.0, 0.0, 0.0, 0.0, 0.0], [0.0, 0.39686975193380514, 0.6198064213930023, 1.5182094717133072, 0.8787272614412277, 0.37188385283580144, 0.7437677056716029, 0.9297096320895035, 0.0, 0.0, 0.0, 0.0, 0.0, 0.0, 0.0, 0.0, 0.0, 0.0, 0.0, 0.0]]}