{"CCCC": [3.7253959185847614, 6.140848246147107, 5.612313051123217, 4.21022219797103], "NNNN": [3.267906113236425, 7.083679187549926, 6.767380099232493, 3.767618675838625], "SSSS": [3.0464234540273623, 4.60696491952435, 6.183050582290909, 3.558452240192075]}