{"CCCC": [[0.0, 0.607283788685323, 0.5680619684506261, 0.3036418943426615, 0.28403098422531303, 0.1859419264179007, 0.27718585822512665, 0.1859419264179007, 0.968168580361912, 1.0013279183164725, 1.5194741195558414, 1.4719586950726573, 1.543305543306315, 1.529553660385931, 1.5445496430998908, 1.6642696896837363, 1.6410245580124632, 1.6410245580124632, 1.7705212791717584, 1.4875354113432058], [0.9297096320895035, 0.5578257792537021, 0.39686975193380514, 0.2479225685572009, 0.2479225685572009, 1.0013279183164725, 1.0013279183164725, 1.0013279183164725, 1.2396128427860047, 1.2396128427860047, 1.3914619649850297, 1.4978298968841557, 1.4978298968841557, 1.468038691588202, 1.468038691588202, 1.4079295436917292, 1.4079295436917292, 1.2396128427860047, 1.2396128427860047, 0.0], [0.0, 0.0, 0.0, 0.0, 0.0, 0.0, 0.0, 0.9297096320895035, 0.9297096320895035, 0.9297096320895035, 0.9297096320895035, 1.420154921126565, 1.4784689377866551, 1.4978298968841557, 1.4978298968841557, 1.452252870542868, 1.420154921126565, 1.2396128427860047, 1.2396128427860047, 0.0], [0.9297096320895035, 0.5680619684506261, 0.5680619684506261, 0.28403098422531303, 0.28403098422531303, 0.28403098422531303, 0.1859419264179007, 0.9701505037879432, 0.27718585822512665, 0.968168580361912, 1.5194741195558414, 1.4469526599028733, 1.4719586950726573, 1.529553660385931, 1.538319082635329, 1.563092319730348, 1.704185905351878, 1.6410245580124632, 1.6410245580124632, 0.0]], "NNNN": [[0.0, 0.0, 0.0, 0.0, 0.0, 0.5578257792537021, 0.5578257792537021, 1.2837625948749247, 1.3422780635918923, 1.8059674415669846, 1.8059674415669846, 1.7541726254847327, 1.7541726254847327, 1.8133972537753553, 1.7705212791717584, 1.7705212791717584, 1.7705212791717584, 1.7705212791717584, 1.7705212791717584, 0.0], [0.0, 0.3718838528358014, 0.1859419264179007, 0.0, 0.0, 0.3718838528358014, 1.038984889206768, 1.650361899705637, 1.9609797551224233, 1.8645771638631639, 1.9403010075758864, 1.9093659680637443, 1.9093659680637443, 1.9093659680637443, 1.9093659680637443, 1.859419264179007, 1.859419264179007, 1.859419264179007, 1.859419264179007, 0.0], [0.0, 0.0, 0.0, 0.0, 0.9297096320895035, 0.9297096320895035, 1.420154921126565, 1.5182094717133072, 1.8133972537753553, 1.8186856792750086, 1.8186856792750086, 1.7705212791717584, 1.7705212791717584, 1.7705212791717584, 1.6642696896837363, 1.983380548457608, 1.4875354113432058, 1.4875354113432058, 0.0, 0.0], [0.0, 0.2479225685572009, 0.0, 0.0, 0.0, 0.5578257792537021, 0.5578257792537021, 1.44163296299717, 1.8059674415669846, 1.8059674415669846, 1.8133972537753553, 1.673477337761106, 1.8133972537753553, 1.8133972537753553, 1.8133972537753553, 2.2823692952719115, 1.7705212791717584, 1.2396128427860047, 1.9843487596690255, 1.6642696896837363]], "SSSS": [[0.0, 0.0, 0.0, 0.0, 0.0, 1.136123936901252, 1.44163296299717, 1.6734773377611065, 1.6734773377611065, 2.100951784311101, 2.059399524133188, 2.1479668526306455, 2.1479668526306455, 1.301593484925305, 1.301593484925305, 1.4875354113432058, 0.9297096320895035, 0.9297096320895035, 0.9297096320895035, 0.0], [0.0, 1.4456245709035245, 0.5714332856948394, 0.0, 0.0, 0.5578257792537021, 0.7961557636543241, 1.0445163474067793, 1.598331630169409, 1.7963696724226894, 2.238179260023647, 2.217486865801013, 2.2252690623832434, 1.4875354113432058, 1.4875354113432058, 1.4875354113432058, 0.9297096320895035, 0.9297096320895035, 0.9297096320895035, 0.0], [0.3718838528358014, 0.0, 0.1859419264179007, 0.9297096320895035, 1.2396128427860047, 1.2396128427860047, 1.2396128427860047, 1.420154921126565, 1.5495160534825059, 1.5182094717133072, 1.2396128427860047, 0.9297096320895035, 0.9297096320895035, 0.9297096320895035, 0.9297096320895035, 0.0, 0.0, 0.0, 0.0, 0.0], [0.0, 0.1859419264179007, 0.0, 0.0, 0.0, 0.0, 1.6351616433857539, 1.5245222202381963, 1.6734773377611065, 1.8006416634077975, 2.1191579459776, 2.059399524133188, 1.301593484925305, 1.7354579799004064, 1.301593484925305, 0.0, 0.9297096320895035, 0.9297096320895035, 0.0, 0.0]]}