{"CCCC": [3.537690868122876, 5.645747253854, 5.090098490520594, 3.232343672816985], "NNNN": [4.113175735040745, 5.966200233244604, 6.745780289393365, 4.451409364393255], "SSSS": [2.285043554077688, 2.3820020552535213, 3.5584793588992474, 1.7779889340128063]}