{"CCCC": [7.7174835110934845, 9.59127957594814, 9.019927666228824, 8.720356968840205], "NNNN": [4.5640821096908475, 7.0261120332656235, 5.0041222111375365, 3.5730321554668434], "SSSS": [3.639820795588706, 5.0706226584118825, 3.8101916046309254, 3.116856067257519]}