{"CCCC": [4.719149272485437, 7.942320503228285, 7.9635743090650095, 4.196121515876282], "NNNN": [12.394020906872798, 26.21586275215828, 17.259065995586198, 12.651856932482284], "SSSS": [18.132451423456228, 28.459580658611262, 32.586392012372286, 18.2001213903644]}