{"CCCC": [290.384, 291.42400000000004, 291.244, 290.404], "NNNN": [271.12399999999997, 265.9239999999999, 271.96399999999994, 270.984], "SSSS": [246.232, 252.872, 255.412, 246.71200000000002]}