{"CCCC": [2.6773399120769095, 5.539849072312346, 4.120798269850154, 2.6506911304035397], "NNNN": [4.805760639445953, 7.42733182145836, 8.489706386035268, 4.795897754719964], "SSSS": [6.294232956359968, 9.149634640598931, 10.939828743060286, 6.469500734502468]}