{"CCCC": [29.565455760392368, 28.88008727647488, 29.177380322333367, 29.592040009637834], "NNNN": [7.7123699070125, 10.583413203289, 10.105394511932325, 7.5946202613713325], "SSSS": [8.573584050775498, 12.55302945919398, 13.092351938680535, 8.466826575469229]}