{"CCCC": [[0.7717085277745737, 0.7770859930792727, 0.7770859930792727, 0.7770859930792727, 0.7770859930792727, 0.7770859930792727, 0.7770859930792727, 0.7770859930792727, 0.7770859930792727, 0.7770859930792727, 0.7770859930792727, 0.7770859930792727, 0.7770859930792727, 0.7770859930792727, 0.7770859930792727, 0.7770859930792727, 0.7770859930792727, 0.7770859930792727, 0.7770859930792727, 0.7770859930792727], [0.7180387171733846, 0.7484018172078418, 0.7751060318691886, 0.7952867558308764, 0.818459953229234, 0.8306294080033525, 0.8306294080033525, 0.8306294080033525, 0.8306294080033525, 0.8306294080033525, 0.8306294080033525, 0.8306294080033525, 0.8306294080033525, 0.8306294080033525, 0.8306294080033525, 0.8306294080033525, 0.8306294080033525, 0.8306294080033525, 0.8306294080033525, 0.8306294080033525], [0.7387468550457592, 0.7601808896308825, 0.7751060318691886, 0.7843174557282274, 0.7952867558308764, 0.807942336160199, 0.807942336160199, 0.807942336160199, 0.807942336160199, 0.807942336160199, 0.807942336160199, 0.807942336160199, 0.807942336160199, 0.807942336160199, 0.807942336160199, 0.807942336160199, 0.807942336160199, 0.807942336160199, 0.807942336160199, 0.807942336160199], [0.748775411562105, 0.7770859930792727, 0.7770859930792727, 0.7770859930792727, 0.7770859930792727, 0.7770859930792727, 0.7770859930792727, 0.7770859930792727, 0.7770859930792727, 0.7770859930792727, 0.7770859930792727, 0.7770859930792727, 0.7770859930792727, 0.7770859930792727, 0.7770859930792727, 0.7770859930792727, 0.7770859930792727, 0.7770859930792727, 0.7770859930792727, 0.7770859930792727]], "NNNN": [[0.3373933775283682, 0.20623820014730526, 0.20057226926970742, 0.30181454438114796, 0.4329781518737406, 0.5714332856948394, 0.6080171471266248, 0.6645296104764632, 0.7002660614366514, 0.7850968327537692, 0.821593098315705, 0.8561229743442237, 0.8863708587267519, 0.8857638800493054, 0.9065969353577145, 0.920991465758505, 0.9492715253287647, 0.9732500340611346, 1.0127872100298265, 1.0591256771507336], [0.18386429778507848, 0.16342216251169842, 0.17434087071022672, 0.260259661107902, 0.4007229466851131, 0.526973984936638, 0.6123235745910819, 0.6645296104764632, 0.7409525890365724, 0.8908841451052996, 0.9304365874147468, 0.9384450526269504, 0.9528745159778382, 0.9684224929234139, 0.9796079215686242, 0.9981154466292964, 1.0024782092394824, 1.0140760429080256, 1.0297594530762997, 1.0832826201873633], [0.3489020217768879, 0.2933983176502549, 0.3196182522948277, 0.37599319142771714, 0.4706939081823769, 0.6031197400185141, 0.640869049962627, 0.6833854174622105, 0.7224720584216388, 0.859472850531068, 0.8766087674669922, 0.9294451437282355, 0.9982539957345524, 1.00077530904794, 1.0270848845153937, 1.0471757430345683, 1.055186529102793, 1.0605755418639446, 1.1017362065394778, 1.087247174841121], [0.3135999999999999, 0.21923982120043786, 0.22007928753065334, 0.32043452498131336, 0.42441128731455746, 0.5625165853554895, 0.6080171471266248, 0.6629321533912802, 0.716406141793885, 0.7937395038676103, 0.8502876689685674, 0.8569661538240587, 0.8891576238215585, 0.8948596743624107, 0.902877356012432, 0.920991465758505, 0.9492715253287647, 0.9732500340611346, 1.0127872100298265, 1.0591256771507336]], "SSSS": [[0.3114365373555261, 0.3667243280721909, 0.4235051602991396, 0.5247824509260954, 0.6393326520677635, 0.7593273739303751, 0.7726478111015394, 0.7961557636543242, 0.8155861224910586, 0.9107401051891807, 0.919471911044595, 0.9489477186863352, 0.9569297303355143, 0.9780380360701725, 1.0120738565934797, 1.0360227024539563, 1.0573250837845471, 1.085054300576704, 1.1090344398619907, 1.138947213526597], [0.43935488707877157, 0.32325148104842455, 0.3627218173752441, 0.4512258857822764, 0.5572469929932327, 0.6570883557026407, 0.6766060809658747, 0.727917718427021, 0.7770899479468256, 0.9437517029388608, 0.9685494242422532, 0.9650527297510741, 0.967866972677547, 0.987030779661911, 1.0319209210012168, 1.0554777435834444, 1.0677377715525473, 1.0749094607454155, 1.0756668569775678, 1.0862856847072961], [0.3677285955701569, 0.2509412425250181, 0.3592739344845378, 0.4477731425621683, 0.5543717164502532, 0.6888723864403332, 0.740143337469169, 0.8238344221990244, 0.8694980621024982, 1.0165581144233713, 1.087487414547865, 1.0882642973101706, 1.0970958842325493, 1.1154311611211154, 1.1259206309505125, 1.1339713774165556, 1.138339922518752, 1.146477702879563, 1.1583052778952532, 1.1655525261437167], [0.3915685625787647, 0.2893905319805749, 0.42524321887597466, 0.5073637085957176, 0.6256300350846338, 0.7610051794830307, 0.7726478111015394, 0.8022890770788293, 0.8234053077312531, 0.8755563735134363, 0.9855350887715767, 0.9489477186863352, 0.9945372970381754, 1.011633451404213, 1.004453628197937, 1.0360227024539563, 1.0573250837845471, 1.085054300576704, 1.1090344398619907, 1.138947213526597]]}