{"CCCC": [6.861858948127666, 11.320733321830334, 9.574081398442335, 7.011607911456529], "NNNN": [13.719467989685313, 24.222000056147298, 12.145549255591527, 13.79319276744873], "SSSS": [22.50510544174366, 30.393314966025013, 26.549416561273055, 22.193505040529317]}