{"CCCC": [3.556195654208016, 7.351852222723733, 6.5607009705097745, 3.501637329405771], "NNNN": [6.329185822202409, 9.349165582829732, 8.816153658740754, 6.312430321818054], "SSSS": [10.268241439118578, 14.431533148564363, 13.792137314230594, 10.463543501137266]}