{"CCCC": [290.35999999999996, 298.25999999999993, 301.35999999999996, 290.9599999999999], "NNNN": [282.3, 247.7, 273.2, 282.1], "SSSS": [236.85999999999999, 243.95999999999998, 231.35999999999999, 238.66]}