{"CCCC": [[0.9109256830279844, 0.607283788685323, 0.39686975193380514, 0.3718838528358014, 0.5578257792537022, 0.8222661369653987, 0.7039647718458644, 0.7039647718458644, 0.6675519455443149, 0.6817870635323025, 0.6817870635323025, 0.7437677056716028, 0.8430278761701774, 0.968168580361912, 0.968168580361912, 1.1104744931784791, 1.2641620149332125, 1.4255547692039052, 1.5923115273086481, 1.7629107748266786], [0.8787272614412277, 0.5847242084949109, 0.41113306848269937, 0.4338644949751016, 0.6228977444171714, 0.6817870635323027, 0.6817870635323027, 0.6320810074666062, 0.49970391233209294, 0.4958451371144018, 0.607283788685323, 0.7039647718458644, 0.896043748931937, 0.9916902742288038, 1.1104744931784793, 1.214567577370646, 1.336541806304614, 1.5692245218578504, 1.8059674415669846, 2.1613388443277466], [0.8787272614412279, 0.607283788685323, 0.39686975193380514, 0.4111330684826993, 0.5543717164502533, 0.786446183791364, 0.786446183791364, 0.8222661369653987, 0.7565701553722562, 0.7565701553722562, 0.7333648478076925, 0.8057483478109031, 0.8222661369653987, 0.8222661369653987, 0.968168580361912, 0.968168580361912, 1.1495696586114301, 1.1495696586114301, 1.3522579635557708, 1.7629107748266786], [0.7565701553722562, 0.6817870635323027, 0.39686975193380514, 0.3718838528358014, 0.5403347110819368, 0.8222661369653987, 0.8222661369653987, 0.7741379721987548, 0.6675519455443149, 0.6675519455443149, 0.6817870635323025, 0.7437677056716028, 0.8430278761701774, 0.968168580361912, 0.968168580361912, 1.1104744931784791, 1.2641620149332125, 1.4255547692039052, 1.5923115273086481, 1.7629107748266786]], "NNNN": [[0.0, 0.2479225685572009, 0.39686975193380514, 0.4958451371144018, 0.6351125884439703, 0.6351125884439703, 0.7437677056716028, 0.8787272614412279, 0.8787272614412279, 1.029699762066594, 0.8787272614412279, 0.7437677056716028, 0.6351125884439703, 0.5680619684506261, 0.5578257792537021, 0.5578257792537021, 0.5578257792537021, 0.6072837886853231, 0.7039647718458644, 1.1361239369012521], [0.0, 0.3099032106965012, 0.6198064213930023, 0.9297096320895035, 1.2396128427860047, 1.5495160534825059, 1.5495160534825059, 1.5495160534825059, 1.5495160534825059, 1.5495160534825059, 1.5495160534825059, 1.5495160534825059, 1.5495160534825059, 1.5495160534825059, 1.5495160534825059, 1.5495160534825059, 1.5495160534825059, 1.5495160534825059, 1.5495160534825059, 1.5495160534825059], [0.0, 0.2479225685572009, 0.4958451371144018, 0.7437677056716028, 0.9916902742288038, 1.2396128427860047, 1.2396128427860047, 1.2396128427860047, 1.2396128427860047, 1.2396128427860047, 1.2396128427860047, 1.2396128427860047, 1.2396128427860047, 1.2396128427860047, 1.2396128427860047, 1.2396128427860047, 1.2396128427860047, 1.2396128427860047, 1.2396128427860047, 1.2396128427860047], [0.0, 0.0, 0.39686975193380514, 0.6351125884439703, 0.6351125884439703, 0.7437677056716028, 0.8787272614412279, 0.8787272614412279, 0.8787272614412279, 1.029699762066594, 1.029699762066594, 0.8787272614412279, 0.6351125884439703, 0.5680619684506261, 0.5578257792537021, 0.5578257792537021, 0.6072837886853231, 0.6072837886853231, 0.7039647718458644, 1.1361239369012521]], "SSSS": [[1.44163296299717, 1.3983470241681784, 1.568, 1.8271153220308782, 2.1506479023773277, 2.4511757178953943, 2.4511757178953943, 2.4511757178953943, 2.322413916596264, 2.235603184825071, 2.161338844327747, 2.100951784311101, 2.026492141608252, 1.9949680699199173, 1.9804730747980397, 1.9648938902648154, 1.9833805484576077, 2.0188951433890767, 2.0141324683346924, 2.0141324683346924], [1.1578939502389676, 1.6174453932049762, 1.6221886450101912, 1.7098121534250479, 1.8686932332515147, 2.017943507633452, 2.0705616629310994, 2.0936249902979283, 2.1327105757697176, 2.1327105757697176, 2.1327105757697176, 2.1327105757697176, 2.1327105757697176, 2.07889393668845, 2.07889393668845, 2.07889393668845, 2.040660285299834, 2.040660285299834, 2.0188951433890767, 2.055665342413497], [1.859419264179007, 1.731025129800258, 1.7187758434420704, 1.8686932332515147, 2.0825864687930724, 2.3429994451557175, 2.365030570626942, 2.4012999812601508, 2.4511757178953943, 2.4511757178953943, 2.3560797949135766, 2.2722478738025043, 2.200967423657152, 2.143490984352395, 2.100951784311101, 2.074269027874639, 2.0640577511300404, 2.0705616629310994, 2.0936249902979283, 2.4792256855720094], [1.5182094717133072, 1.452252870542868, 1.568, 1.7705212791717584, 2.143490984352395, 2.4511757178953943, 2.4511757178953943, 2.322413916596264, 2.322413916596264, 2.235603184825071, 2.161338844327747, 2.074269027874639, 2.026492141608252, 1.9949680699199173, 1.9804730747980397, 1.9648938902648154, 1.9833805484576077, 2.0141324683346924, 2.0141324683346924, 2.055665342413497]]}