{"CCCC": [[0.5578257792537021, 0.3718838528358014, 0.3718838528358014, 0.3718838528358014, 0.3718838528358014, 0.3718838528358014, 0.3718838528358014, 0.3718838528358014, 0.3718838528358014, 0.3718838528358014, 0.3718838528358014, 0.3718838528358014, 0.3718838528358014, 0.3718838528358014, 0.3718838528358014, 0.3718838528358014, 0.3718838528358014, 0.3718838528358014, 0.3718838528358014, 0.3718838528358014], [0.7039647718458644, 0.41577878733768997, 0.2479225685572009, 0.27718585822512665, 0.46382065499500985, 0.5578257792537022, 0.5578257792537022, 0.5578257792537022, 0.5578257792537022, 0.5578257792537022, 0.5578257792537022, 0.5578257792537022, 0.5578257792537022, 0.5578257792537022, 0.5578257792537022, 0.5578257792537022, 0.5578257792537022, 0.5578257792537022, 0.5578257792537022, 0.5578257792537022], [0.7359793475363287, 0.4958451371144018, 0.2479225685572009, 0.1859419264179007, 0.27718585822512665, 0.4338644949751016, 0.4338644949751016, 0.4338644949751016, 0.4338644949751016, 0.4338644949751016, 0.4338644949751016, 0.4338644949751016, 0.4338644949751016, 0.4338644949751016, 0.4338644949751016, 0.4338644949751016, 0.4338644949751016, 0.4338644949751016, 0.4338644949751016, 0.4338644949751016], [0.7437677056716028, 0.3718838528358014, 0.3718838528358014, 0.3718838528358014, 0.3718838528358014, 0.3718838528358014, 0.3718838528358014, 0.3718838528358014, 0.3718838528358014, 0.3718838528358014, 0.3718838528358014, 0.3718838528358014, 0.3718838528358014, 0.3718838528358014, 0.3718838528358014, 0.3718838528358014, 0.3718838528358014, 0.3718838528358014, 0.3718838528358014, 0.3718838528358014]], "NNNN": [[0.6351125884439703, 0.4338644949751016, 0.3337759727721574, 0.4958451371144018, 0.6320810074666062, 0.896043748931937, 0.8222661369653986, 0.8222661369653986, 0.7864461837913639, 0.7937395038676103, 0.7937395038676103, 0.7937395038676103, 0.7864461837913639, 0.7864461837913639, 0.8222661369653986, 0.8960437489319371, 0.9994078246641859, 1.124227023336479, 1.2641620149332125, 1.4147344627172975], [0.5578257792537021, 0.3337759727721574, 0.3036418943426615, 0.5680619684506261, 0.9193214889253922, 1.276259534734217, 1.468038691588202, 1.644532273930798, 1.8428169740915676, 1.8428169740915676, 1.8428169740915676, 1.8428169740915676, 1.8428169740915676, 1.8428169740915676, 1.822905373298351, 1.821851366055969, 1.839687364744347, 1.875874622676047, 1.929380833324515, 2.4036984835873234], [0.7359793475363287, 0.46382065499500985, 0.5578257792537021, 0.6817870635323027, 0.9214084870457836, 1.1694484169898218, 1.176, 1.2837625948749247, 1.2941938031067832, 1.4939777776125054, 1.4939777776125054, 1.6351616433857539, 1.6351616433857539, 1.7845689675661178, 1.7845689675661178, 1.9403010075758864, 1.9403010075758864, 1.9403010075758864, 1.9403010075758864, 1.9403010075758864], [0.1859419264179007, 0.48009998958550293, 0.46382065499500985, 0.4958451371144018, 0.6320810074666062, 0.896043748931937, 0.8222661369653986, 0.8222661369653986, 0.7864461837913639, 0.7937395038676103, 0.7937395038676103, 0.7937395038676103, 0.7937395038676103, 0.7864461837913639, 0.8222661369653986, 0.8960437489319371, 0.9994078246641859, 1.124227023336479, 1.2641620149332125, 1.4147344627172975]], "SSSS": [[0.9297096320895035, 1.0735362127101256, 1.276259534734217, 1.5042281741810315, 1.7541726254847327, 2.0141324683346924, 2.0188951433890767, 2.0188951433890767, 2.040660285299834, 2.07889393668845, 2.040660285299834, 2.026492141608252, 2.0519243650778165, 2.115529248202445, 2.2140193314422527, 2.3429994451557175, 2.4012999812601508, 2.483096454026706, 2.586160397191172, 2.7080646964206743], [0.9109256830279845, 0.46382065499500985, 0.6320810074666062, 0.8430278761701774, 1.0753239511886639, 1.4402999687565088, 1.57898651039203, 1.8059674415669844, 2.0640577511300404, 2.435452812107022, 2.483096454026706, 2.3844429118769024, 2.432296034614208, 2.439393039262021, 2.7306676106769205, 2.7306676106769205, 2.7966940483363567, 2.7966940483363567, 2.7966940483363567, 2.7966940483363567], [1.0663552878848588, 0.607283788685323, 0.5714332856948394, 0.8677289899502034, 1.1104744931784791, 1.4456245709035251, 1.650361899705637, 1.8271153220308782, 1.968800243803317, 2.0074457402380768, 2.4393930392620207, 2.413268654750233, 2.4012999812601503, 2.403698483587324, 2.42042145090478, 2.4012999812601503, 2.4076906778072633, 2.4393930392620216, 2.4954425659589923, 2.574249405166485], [0.896043748931937, 1.1017919948883275, 1.201849241793662, 1.466729695615385, 1.7131790332595134, 2.0141324683346924, 2.0188951433890767, 2.0188951433890767, 2.040660285299834, 2.07889393668845, 2.040660285299834, 2.026492141608252, 2.0519243650778165, 2.115529248202445, 2.2140193314422527, 2.3429994451557175, 2.4012999812601508, 2.483096454026706, 2.586160397191172, 2.7080646964206743]]}