{"CCCC": [59.596000000000004, 58.156000000000006, 58.756, 59.656000000000006], "NNNN": [286.712, 289.392, 292.81199999999995, 287.23199999999997], "SSSS": [273.82800000000003, 284.18800000000005, 285.248, 273.848]}