{"CCCC": [277.972, 276.112, 284.032, 278.132], "NNNN": [264.504, 265.86400000000003, 263.124, 264.184], "SSSS": [220.00400000000002, 226.62400000000002, 223.924, 220.38400000000001]}