{"CCCC": [295.34, 290.29999999999995, 292.96, 295.14], "NNNN": [270.7439999999999, 274.34399999999994, 269.20399999999995, 270.56399999999996], "SSSS": [274.16400000000004, 276.244, 275.60400000000004, 274.86400000000003]}