{"CCCC": [274.84, 288.74000000000007, 284.94, 276.43999999999994], "NNNN": [264.50000000000006, 264.7, 259.9, 264.1], "SSSS": [212.74, 223.44, 228.84, 213.04000000000002]}