{"CCCC": [287.42, 289.14000000000004, 290.04, 287.46000000000004], "NNNN": [238.86800000000002, 237.308, 239.188, 239.08800000000002], "SSSS": [216.93999999999997, 218.19999999999996, 216.97999999999996, 216.69999999999996]}