{"CCCC": [240.20399999999998, 244.92399999999998, 243.76399999999998, 239.62399999999997], "NNNN": [225.69199999999992, 224.09199999999993, 225.73199999999994, 224.61199999999994], "SSSS": [212.74399999999994, 214.20399999999995, 212.60399999999993, 213.58399999999995]}