{"CCCC": [297.98, 290.78000000000003, 293.78000000000003, 298.28000000000003], "NNNN": [290.6, 302.6, 309.30000000000007, 291.1], "SSSS": [278.26, 282.06000000000006, 268.96, 277.26]}