{"CCCC": [315.4800000000001, 306.98, 307.4800000000001, 314.68000000000006], "NNNN": [220.84, 217.84, 217.44, 220.44], "SSSS": [210.56, 212.45999999999998, 214.35999999999999, 211.45999999999998]}