{"CCCC": [284.74800000000005, 288.208, 289.98800000000006, 284.74800000000005], "NNNN": [227.476, 226.53599999999997, 226.33599999999998, 227.43599999999998], "SSSS": [213.64399999999998, 213.82399999999998, 214.40399999999997, 213.90399999999997]}