{"CCCC": [240.43999999999997, 240.73999999999995, 253.73999999999995, 240.03999999999996], "NNNN": [225.94, 222.94, 223.94, 225.34], "SSSS": [214.56, 212.45999999999998, 211.35999999999999, 216.45999999999998]}