{"llama": [0.5860000000000001, 0.8434999999999998, 0.955, 0.9650000000000002, 0.9609999999999999, 0.9689999999999999, 0.94, 0.951, 0.961, 0.9730000000000001, 0.9740000000000001, 0.977, 0.9439999999999997, 0.973, 0.9690000000000001, 0.981, 0.977, 0.965, 0.9020000000000001, 0.2515], "qwen": [0.5790000000000002, 0.9259999999999999, 0.943, 0.9595, 0.9590000000000001, 0.958, 0.9610000000000001, 0.961, 0.9690000000000001, 0.978, 0.973, 0.98, 0.9740000000000001, 0.9839999999999999, 0.98, 0.9840000000000001, 0.9890000000000001, 0.982, 0.985, 0.941]}