{"llama": [0.6145, 0.8119999999999997, 0.84, 0.8250000000000002, 0.816, 0.8199999999999998, 0.8290000000000002, 0.8, 0.8249999999999998, 0.855, 0.8290000000000001, 0.8269999999999998, 0.8270000000000001, 0.845, 0.8290000000000001, 0.819, 0.836, 0.8230000000000001, 0.7879999999999999, 0.7660000000000001], "qwen": [0.502, 0.8190000000000004, 0.8690000000000001, 0.8719999999999999, 0.8125000000000001, 0.8869999999999999, 0.8699999999999999, 0.8660000000000001, 0.8830000000000001, 0.88, 0.8240000000000002, 0.8780000000000001, 0.866, 0.855, 0.823, 0.819, 0.8350000000000002, 0.8219999999999998, 0.801, 0.8029999999999999]}