{"llama": [0.526, 0.6839999999999997, 0.8809999999999999, 0.8949999999999999, 0.925, 0.915, 0.9549999999999998, 0.945, 0.935, 0.9490000000000001, 0.937, 0.939, 0.9460000000000001, 0.965, 0.9470000000000001, 0.932, 0.96, 0.955, 0.927, 0.312], "qwen": [0.5850000000000002, 0.9239999999999999, 0.965, 0.9760000000000001, 0.977, 0.98, 0.973, 0.9780000000000001, 0.97, 0.9889999999999999, 0.9730000000000001, 0.978, 0.9810000000000001, 0.9810000000000001, 0.988, 0.966, 0.983, 0.987, 0.982, 0.987]}