{"llama": [0.513, 0.6509999999999999, 0.7980000000000002, 0.8450000000000003, 0.8560000000000002, 0.8619999999999999, 0.866, 0.8669999999999999, 0.8260000000000001, 0.653, 0.7809999999999999, 0.7319999999999999, 0.763, 0.7589999999999999, 0.7959999999999998, 0.763, 0.7769999999999999, 0.7919999999999999, 0.806, 0.747], "qwen": [0.5220000000000001, 0.9064999999999999, 0.905, 0.917, 0.944, 0.953, 0.9560000000000001, 0.96, 0.926, 0.935, 0.7569999999999999, 0.7980000000000002, 0.8320000000000001, 0.8510000000000001, 0.8540000000000001, 0.8350000000000002, 0.85, 0.8590000000000001, 0.87, 0.86]}