{"llama": [0.528, 0.7520000000000002, 0.8370000000000002, 0.8690000000000001, 0.8995000000000001, 0.8909999999999999, 0.9339999999999999, 0.9049999999999997, 0.9369999999999998, 0.7989999999999999, 0.8639999999999999, 0.8540000000000002, 0.852, 0.8629999999999999, 0.8799999999999999, 0.867, 0.8799999999999999, 0.89, 0.8669999999999999, 0.831], "qwen": [0.6679999999999999, 0.8469999999999999, 0.8879999999999998, 0.938, 0.9500000000000003, 0.9600000000000003, 0.9700000000000002, 0.9830000000000001, 0.9869999999999999, 0.9780000000000001, 0.847, 0.9070000000000001, 0.8939999999999999, 0.9150000000000001, 0.9070000000000001, 0.9239999999999999, 0.915, 0.9179999999999999, 0.9179999999999999, 0.925]}