{"llama": [0.6865000000000001, 0.82, 0.7319999999999999, 0.681, 0.6609999999999999, 0.6220000000000002, 0.6209999999999999, 0.6350000000000001, 0.5980000000000001, 0.556, 0.5800000000000002, 0.5399999999999998, 0.5850000000000001, 0.5429999999999999, 0.574, 0.5669999999999998, 0.554, 0.552, 0.555, 0.512], "qwen": [0.6525000000000004, 0.7850000000000001, 0.8680000000000001, 0.8220000000000001, 0.846, 0.85, 0.858, 0.8319999999999999, 0.8340000000000001, 0.863, 0.8249999999999998, 0.8199999999999998, 0.872, 0.863, 0.872, 0.8590000000000001, 0.8909999999999999, 0.8810000000000001, 0.912, 0.8959999999999999]}