{"llama": [0.5210000000000001, 0.6680000000000003, 0.855, 0.884, 0.922, 0.9270000000000002, 0.899, 0.9239999999999999, 0.9309999999999999, 0.621, 0.778, 0.7809999999999999, 0.7810000000000001, 0.7430000000000001, 0.7530000000000001, 0.7550000000000001, 0.8059999999999999, 0.7709999999999999, 0.7849999999999998, 0.72], "qwen": [0.519, 0.8929999999999997, 0.9229999999999999, 0.971, 0.965, 0.982, 0.9680000000000001, 0.9740000000000001, 0.9840000000000001, 0.987, 0.7020000000000001, 0.7810000000000001, 0.775, 0.8080000000000002, 0.796, 0.8255, 0.8200000000000002, 0.8190000000000001, 0.7930000000000001, 0.804]}