{"llama": [0.6495000000000001, 0.7970000000000002, 0.738, 0.7250000000000001, 0.7240000000000002, 0.708, 0.6870000000000002, 0.6380000000000002, 0.6610000000000003, 0.6459999999999999, 0.7, 0.6729999999999998, 0.6419999999999999, 0.6750000000000002, 0.612, 0.642, 0.6769999999999999, 0.674, 0.644, 0.5890000000000001], "qwen": [0.5375000000000001, 0.8030000000000002, 0.9059999999999998, 0.8909999999999999, 0.8739999999999999, 0.893, 0.9079999999999999, 0.9139999999999999, 0.888, 0.8859999999999999, 0.9180000000000001, 0.9, 0.9080000000000001, 0.922, 0.9179999999999999, 0.9059999999999999, 0.914, 0.917, 0.919, 0.9229999999999999]}