{"llama": [0.554, 0.8009999999999998, 0.878, 0.8980000000000001, 0.907, 0.911, 0.926, 0.9460000000000001, 0.941, 0.8009999999999999, 0.9169999999999999, 0.8720000000000002, 0.88, 0.8759999999999999, 0.8739999999999999, 0.87, 0.9079999999999999, 0.8910000000000001, 0.8849999999999999, 0.8280000000000001], "qwen": [0.535, 0.89, 0.9260000000000003, 0.9250000000000002, 0.945, 0.9690000000000001, 0.961, 0.9739999999999999, 0.975, 0.983, 0.823, 0.8915000000000001, 0.9024999999999999, 0.919, 0.943, 0.924, 0.9360000000000003, 0.945, 0.915, 0.926]}