{"CC": [[0.30928278322596636, 0.28226041592827006, 0.284969441168698, 0.2825120910686833, 0.28171548484242037, 0.28138801964547117, 0.2953037757970595, 0.3059797927968447, 0.31828734439182466, 0.32478684456116746, 0.3413946431917174, 0.34763902887909454, 0.3627377035820788, 0.3477329458075551, 0.350615458871967, 0.3477329458075551, 0.35176949498215443, 0.350615458871967, 0.3568276760566646, 0.36286476819884284], [0.07849793882644317, 0.2010696356986803, 0.2653683658614945, 0.26002338356386345, 0.2642658631000227, 0.2693912871642289, 0.2640986361191591, 0.2803827783584435, 0.2832928971929936, 0.30168086714274744, 0.3126860431806961, 0.3552091079913351, 0.32145792632940323, 0.33746168730687043, 0.3305143530922674, 0.34408468492509203, 0.3416196223872392, 0.34247319544746857, 0.33696042735015647, 0.35006719355003835]], "CN": [[0.33125739599290477, 0.29503697124258854, 0.30442529198474966, 0.3028501279511039, 0.3076887882260255, 0.3119480238757733, 0.307282746668276, 0.3152798756660501, 0.31562086369566894, 0.31804586084399844, 0.32112911795724774, 0.3201166662327971, 0.31804586084399844, 0.3236968334723094, 0.32112911795724774, 0.31908896314350976, 0.32112911795724774, 0.321314487690798, 0.31925145199356575, 0.3245028468288069], [0.08450759965825563, 0.20084023501280815, 0.2523457184102795, 0.27109712207989217, 0.27240474592047764, 0.28413916590290716, 0.28453773036277635, 0.28182455535314876, 0.2887260293080623, 0.28898536710359585, 0.2881666628879888, 0.2960248935478233, 0.2900535123041954, 0.29187552415370493, 0.29731979012504384, 0.29402613217195545, 0.2912100959788312, 0.29853830574986545, 0.31021915092398816, 0.34453098322211906]], "CS": [[0.2787337769270166, 0.23988190094294334, 0.2442619282655405, 0.25779775018413176, 0.2597573144302197, 0.2792570142359902, 0.28972884150529454, 0.31298690068435775, 0.3134713486110016, 0.3263914974382759, 0.33294625632374947, 0.3458219912035671, 0.3487258086233367, 0.36170364886188255, 0.35537670154358747, 0.3625258302521352, 0.35822451954046913, 0.36180453286270486, 0.35927393448453776, 0.38934007551239813], [0.1898166652325345, 0.24800777729740636, 0.3097730240030595, 0.2988662603908311, 0.31074500414326867, 0.32410601722276, 0.32784771830836357, 0.3140590390356564, 0.3520151269476923, 0.3424731954474687, 0.3532135354144855, 0.3691674438517025, 0.37772103780435623, 0.3783307737945725, 0.3879166322807001, 0.386572425296994, 0.42354144260036675, 0.4622276772327678, 0.5129473906747163, 0.5783959667909174]], "NC": [[0.16467499628055265, 0.13697581684370425, 0.14428316048659331, 0.18905619905202786, 0.19421810008338564, 0.22573210316656336, 0.27367103171508667, 0.3011009133164496, 0.32822832053313117, 0.34697536281413394, 0.3636103760895717, 0.36837572992801804, 0.3686207178116825, 0.37402634345724867, 0.3735535816987974, 0.370118378900589, 0.37276603064120534, 0.3729978359186548, 0.3765037051610514, 0.38595580265102875], [0.10137198824132843, 0.1376333157342363, 0.17932661152210505, 0.18201636849470432, 0.18176292251171583, 0.22119362016116115, 0.2477985762670964, 0.2910517507248497, 0.31148587383700077, 0.3487423323888281, 0.34951806820248926, 0.37788373026633487, 0.3954151236359074, 0.39071900696024486, 0.3898922333158229, 0.39997448718637024, 0.4002433259905778, 0.3959539589396726, 0.39498255353876066, 0.3985070920322496]], "NN": [[0.1580202518666518, 0.13684955242893568, 0.15680000000000005, 0.18243799604249103, 0.22080250360899453, 0.24557947471236288, 0.279641931047545, 0.2947243077861073, 0.3260617732884369, 0.3446257471518926, 0.3319061939765511, 0.33650408853385416, 0.3455108102505621, 0.3552739922932725, 0.3625682148230871, 0.3652968896664737, 0.37693200235586266, 0.38305842060970313, 0.3880404020202021, 0.41971467641720617], [0.10229622866948704, 0.15145360213609985, 0.18876133078573049, 0.20439520542321937, 0.20641508084439966, 0.2245975280362633, 0.25352279897476687, 0.28872602930806235, 0.3173687293984711, 0.32369683347230926, 0.35223332267120877, 0.34115262508150196, 0.3467372399959368, 0.3593755005561728, 0.3725598604251406, 0.3758705649555442, 0.38437493986991383, 0.401962503723917, 0.4170472874866832, 0.4300223919751156]], "NS": [[0.20515498921547096, 0.18489564191727176, 0.21857295715618613, 0.24205008076842283, 0.24806972890701515, 0.257193527134724, 0.2621129039173768, 0.28739241465285753, 0.2806224481398451, 0.2998223473992558, 0.30990321069650123, 0.31268604318069587, 0.3184623054617296, 0.3265385882250365, 0.32653858822503656, 0.32639149743827567, 0.3332230580257016, 0.32972303528871033, 0.33411533098617324, 0.3732037641825174], [0.22873292373421017, 0.23744330186383447, 0.2561233327910599, 0.2625522241383607, 0.2445762735835183, 0.26339220641469246, 0.2851850515016522, 0.2806292928402165, 0.30138146990151854, 0.29025872872318587, 0.3177618831766957, 0.3189685476657534, 0.32850325051664264, 0.3332, 0.34386131855735086, 0.3510260958960175, 0.3531210761197921, 0.39498255353876077, 0.42099413012534986, 0.46866546875143233]], "SC": [[0.08543441929339729, 0.13054247431391827, 0.17242430919101856, 0.2280601289134074, 0.2810670069574158, 0.33475859003168246, 0.39307163520152394, 0.42615917214111443, 0.4465360079545658, 0.469680783511525, 0.47735557564566095, 0.4974347169227333, 0.5161019062162048, 0.5153570195505249, 0.5142936919698706, 0.5203827683542185, 0.5244456059497498, 0.5259231883079506, 0.5248227113988114, 0.5252617160996983], [0.09703484734877459, 0.12965662960296334, 0.19214998724954407, 0.21276610256335463, 0.27353062278289797, 0.3305143530922674, 0.3757683456599292, 0.44468681113790653, 0.4509533652164046, 0.4838302776800972, 0.5083130673118683, 0.5205045613632986, 0.5372652812158996, 0.5639182621621684, 0.5662025800011866, 0.57711600081786, 0.5810697596674603, 0.585000080683755, 0.5855907977419043, 0.5868097286173772]], "SN": [[0.18605552289572055, 0.1476518878985298, 0.17941228051613414, 0.20492078859891197, 0.25310575181137224, 0.2975780932797306, 0.3232514810484246, 0.36602704818086873, 0.3908762893806684, 0.40724159119618436, 0.4167524176294602, 0.4242121054378337, 0.4200943494026072, 0.42344619492917873, 0.41751220533057437, 0.43432467855280793, 0.4327829127865381, 0.4345545875951607, 0.442330792054996, 0.4558169527343187], [0.10554923021983632, 0.17375596219986236, 0.19477114776064744, 0.22045426192296705, 0.22697950920732893, 0.29289378552642586, 0.29748125588009744, 0.33291740957781124, 0.38144540893815987, 0.40993530026090713, 0.4224516180582104, 0.42424379971898224, 0.4363542854149596, 0.43585658375204095, 0.45415784216503413, 0.4495028293570575, 0.46070841277319885, 0.4587363146732553, 0.46988930611368446, 0.47939532580115957]], "SS": [[0.098703077966191, 0.1251180242810763, 0.16827487512994915, 0.20341551956524834, 0.22299253440418124, 0.2668480796258428, 0.2813129218503836, 0.31997262632919077, 0.3499354820534779, 0.35212424171022355, 0.34288237983308506, 0.35927393448453815, 0.36246754337457604, 0.3614061427258814, 0.3758450127379638, 0.37509299966808207, 0.37866063751068746, 0.39123485325313195, 0.4010822858217498, 0.44288627705089256], [0.20202266803504987, 0.2012128783154796, 0.21323502901727936, 0.24551689473435434, 0.2607315738455932, 0.2613423165122708, 0.2996685529047049, 0.3090280479179841, 0.3545975318583028, 0.379876114542623, 0.37803110983092386, 0.37082868497461224, 0.383058420609703, 0.3897197680385227, 0.3884312551790857, 0.40508984879900434, 0.437585089325493, 0.44215705987804815, 0.4664800000000002, 0.5286153066266623]]}