{"CC": [279.22799999999995, 273.328], "CN": [280.94200000000006, 274.69200000000006], "CS": [267.3560000000001, 271.1060000000001], "NC": [273.44200000000006, 262.302], "NN": [269.10200000000003, 261.422], "NS": [266.432, 264.812], "SC": [264.692, 250.502], "SN": [266.2240000000001, 256.6140000000001], "SS": [261.37799999999993, 257.9079999999999]}