{"CC": [[0.3121019218140127, 0.2907876503567511, 0.2905233099081724, 0.28575697646776715, 0.2912100959788309, 0.29025872872318603, 0.2873924146528577, 0.2892511130488526, 0.2892511130488526, 0.2986605270202275, 0.2951411187889615, 0.29205973087709286, 0.29289378552642614, 0.2897619878451969, 0.2897619878451969, 0.2897619878451969, 0.2897619878451969, 0.2897619878451969, 0.2897619878451969, 0.29367969218180556], [0.19359403296589486, 0.2342507511193934, 0.280896106060586, 0.27735211987652075, 0.267387392372939, 0.27246115025816053, 0.26996109645650807, 0.27330581845251656, 0.2697333171856973, 0.3127351825426746, 0.2716987037142428, 0.2783683056671503, 0.2716987037142428, 0.27229190219321625, 0.26802596889107594, 0.2683053156387328, 0.26802596889107594, 0.2683053156387328, 0.26802596889107594, 0.2747078273366086]], "CN": [[0.32325148104842466, 0.2920334227447262, 0.287652954791012, 0.2884331631418273, 0.2884331631418273, 0.286052582578798, 0.28791993053625187, 0.28872602930806235, 0.28629421510048025, 0.28629421510048025, 0.2868505366911486, 0.2868505366911486, 0.28629421510048025, 0.28629421510048025, 0.28629421510048025, 0.28629421510048025, 0.28629421510048025, 0.28629421510048025, 0.28629421510048025, 0.28629421510048025], [0.118818685399225, 0.22333681828126764, 0.2659467946789356, 0.2568946211970972, 0.26496996358078034, 0.25910577299628046, 0.2571337737443293, 0.25909835970148476, 0.2596093804160397, 0.26058419292044566, 0.2580881678806683, 0.2591057729962805, 0.2591057729962805, 0.2580881678806683, 0.2600233835638633, 0.2591057729962805, 0.2580881678806683, 0.2580881678806683, 0.26157740269373414, 0.2654624463083244]], "CS": [[0.32717326052108864, 0.28437566984536505, 0.2943656392991547, 0.2847064453081454, 0.28548797803059933, 0.283834799839625, 0.2918426178610657, 0.28888564934935773, 0.30120296412884107, 0.3018909047984057, 0.3077824140525251, 0.31322615216485367, 0.3183175169543767, 0.31467615352930683, 0.3183175169543767, 0.3173203075757997, 0.3156695462029875, 0.3173203075757997, 0.316884178210273, 0.3173203075757997], [0.13684955242893568, 0.28062929284021654, 0.276762826983683, 0.28709818808205656, 0.28722527743915577, 0.2949848836805033, 0.3001808947951218, 0.3185286448657325, 0.3339140584042546, 0.38981832896876484, 0.3638374560157324, 0.35672000000000015, 0.35967468634865035, 0.35645605619767495, 0.35564144640353734, 0.35753215240031216, 0.3558952003048091, 0.36018699809959853, 0.3617195797852254, 0.39374053588626123]], "NC": [[0.28572336551286825, 0.24868839619089592, 0.24868839619089594, 0.25901679945517053, 0.2773174902525984, 0.27475676806950555, 0.297836172416985, 0.3030023075819722, 0.31780419380492764, 0.33425902291486453, 0.3387739659418947, 0.35089474433225715, 0.35089474433225715, 0.3573225679970409, 0.3573225679970409, 0.3573225679970409, 0.3573225679970409, 0.3573225679970409, 0.3573225679970409, 0.3573225679970409], [0.21156200415008358, 0.21979982165597872, 0.23253068614701147, 0.24001798599271693, 0.23653554151543496, 0.2722919021932162, 0.2697689203744568, 0.2970612623685558, 0.29540782928013254, 0.3281112591789559, 0.3218878587334415, 0.3366410551314263, 0.3449599999999998, 0.35067571572608225, 0.35718815433885837, 0.35736556969019817, 0.35736556969019817, 0.35736556969019817, 0.35736556969019817, 0.3640538421717314]], "NN": [[0.3004623104484153, 0.23760503698364652, 0.25309816277484115, 0.24514891474367162, 0.26453465859883085, 0.2752666314684729, 0.2862136935927421, 0.29082067601874523, 0.2918426178610656, 0.2884531407351982, 0.2898879093718812, 0.2898879093718812, 0.2908735092785178, 0.2908735092785178, 0.2908735092785178, 0.2908735092785178, 0.2908735092785178, 0.2908735092785178, 0.2908735092785178, 0.291480403457934], [0.11602140492167819, 0.2287329237342103, 0.21178886089688467, 0.25072682824141496, 0.23788780885114735, 0.2642658631000229, 0.2703024054646943, 0.2728486144366507, 0.2785959195681084, 0.27997143854329126, 0.2764920252014515, 0.2775736471641355, 0.27670729950617506, 0.2784235018815762, 0.2775736471641355, 0.2784235018815762, 0.2775736471641355, 0.2784235018815762, 0.2784235018815762, 0.2784235018815762]], "NS": [[0.30698255585619205, 0.25100247010736787, 0.26073157384559315, 0.25630325788019165, 0.2665888219712147, 0.27363593623645277, 0.27369208684213, 0.28045812521658203, 0.30404648065715223, 0.31360000000000016, 0.31405903903565646, 0.30963037577085367, 0.3258791039634177, 0.334787278133444, 0.34294959629659844, 0.34850541688759995, 0.34935866040503427, 0.3479979862010699, 0.3477274219845194, 0.3517967958921739], [0.1252561152199764, 0.24924388377651324, 0.2857771411432341, 0.2826752199963768, 0.271437002635971, 0.3009477722130536, 0.3131770898389599, 0.3177618831766956, 0.3211709849908615, 0.39481231186476423, 0.33777459703180784, 0.3583049405185475, 0.35507389428117614, 0.37690652209798653, 0.38345435191167165, 0.39657440966355856, 0.4059613774732763, 0.4178938793521628, 0.41542753688218614, 0.44438002475358873]], "SC": [[0.26525977003684514, 0.23173632947813788, 0.25297670722815563, 0.2835639779661725, 0.3200506559905792, 0.3372111504680711, 0.39601701781615384, 0.41241585808501596, 0.4237228075050953, 0.46703555153756754, 0.46405250737389636, 0.4544664810522335, 0.4587572499699597, 0.46389933218317964, 0.46485894806919664, 0.46532563049976106, 0.46835388329766203, 0.46403181097851476, 0.46815288272101885, 0.4721078164995789], [0.20634993191178924, 0.22398092418775306, 0.29843534375137276, 0.3152798756660501, 0.3122249855472812, 0.3498256845916264, 0.37794980407456236, 0.43965207334891565, 0.44393026479392017, 0.47070615037409486, 0.5007598626088157, 0.519470259398938, 0.5066476787670106, 0.511240743290282, 0.5155172610107253, 0.5176626793579001, 0.5141031803052769, 0.5217982368693862, 0.5169200417859615, 0.5251154219788258]], "SN": [[0.23928060180465954, 0.2440180321205793, 0.23038130479706886, 0.23956139588840272, 0.2600233835638636, 0.27648507807836564, 0.2886994173877045, 0.312489408460511, 0.34179949912192686, 0.3714911013739094, 0.36885512820076094, 0.3743292133937719, 0.36087427173463055, 0.35787581980346195, 0.36594307535462395, 0.36594307535462395, 0.36594307535462395, 0.36594307535462395, 0.36594307535462395, 0.3801793766105677], [0.11720734447977217, 0.1992945117157018, 0.23000581210047705, 0.24775981595085203, 0.23600711514698042, 0.25746970617919285, 0.2772620738579294, 0.2905233099081722, 0.3102686809847233, 0.3659010817147172, 0.32050045616192196, 0.37535407284322897, 0.37020140464347245, 0.3711807408796961, 0.3679948934428305, 0.383334112231093, 0.3763761416455618, 0.3763761416455618, 0.3763761416455618, 0.3711807408796961]], "SS": [[0.2294037453922667, 0.2071581849698437, 0.21054268545831742, 0.21975612300912117, 0.24300048065796087, 0.2717199116737675, 0.3003600079904114, 0.3233643616727112, 0.3675770852487953, 0.41434882116400434, 0.39377956066814845, 0.4031124905035814, 0.40489539389822643, 0.4198748213456006, 0.43029031316077765, 0.43849278397711416, 0.4406121850335053, 0.4406121850335053, 0.4406121850335053, 0.47070615037409486], [0.12511802428107632, 0.24714659617320242, 0.2751270368393483, 0.30997138190484635, 0.31116504688026886, 0.3438892472875535, 0.37291543277263267, 0.38136483110008973, 0.40554005671450005, 0.49777826388865154, 0.4811989609298842, 0.5017714842435749, 0.5166189698414103, 0.5192298589256977, 0.5221809326277626, 0.5185820729643478, 0.5151296147572959, 0.522004338679287, 0.5267224225339188, 0.5396090377300959]]}