{
    "CC": [[0.9119999999999999, 0.972, 0.96, 0.9159999999999999, 0.988, 0.976, 0.96, 0.988, 0.98, 0.96, 0.936, 0.972, 0.9840000000000001, 0.9840000000000001, 0.98, 0.992, 0.932, 0.98, 0.912, 0.96], 
        [0.66, 0.8959999999999999, 0.9599999999999999, 0.9599999999999999, 1.0, 0.976, 1.0, 0.992, 0.988, 0.98, 0.996, 1.0, 1.0, 1.0, 1.0, 1.0, 1.0, 1.0, 1.0, 1.0]],

    "CN": [[0.91, 0.988, 0.9599999999999999, 0.964, 0.9840000000000001, 0.972, 0.9, 0.98, 0.992, 0.9840000000000001, 0.992, 0.9640000000000001, 0.96, 0.968, 0.96, 0.96, 0.96, 0.948, 0.976, 0.968], 
        [0.6319999999999999, 0.8839999999999999, 0.964, 0.9519999999999998, 0.996, 0.988, 0.976, 1.0, 1.0, 1.0, 1.0, 1.0, 1.0, 1.0, 1.0, 1.0, 1.0, 1.0, 1.0, 1.0]],

    "CS": [[0.8959999999999999, 0.9600000000000002, 0.932, 1.0, 0.9560000000000001, 0.9159999999999999, 0.9520000000000001, 0.912, 0.9640000000000001, 0.96, 0.9719999999999999, 0.94, 0.972, 0.96, 0.972, 0.9440000000000001, 0.992, 0.9640000000000001, 1.0, 0.94],  
        [0.512, 0.8440000000000001, 0.924, 0.848, 0.912, 0.9359999999999999, 0.9359999999999999, 0.924, 0.956, 0.972, 0.968, 0.96, 0.96, 0.96, 0.98, 0.972, 0.98, 0.98, 0.968, 0.96]],

    "NC": [[0.7160000000000001, 0.816, 0.78, 0.7439999999999999, 0.7760000000000001, 0.82, 0.72, 0.752, 0.74, 0.696, 0.7440000000000001, 0.7, 0.7239999999999999, 0.7240000000000001, 0.74, 0.684, 0.768, 0.7240000000000001, 0.708, 0.7519999999999999], 
        [0.6659999999999999, 0.8279999999999997, 0.9039999999999999, 0.8240000000000001, 0.8319999999999999, 0.8640000000000001, 0.88, 0.8959999999999999, 0.948, 0.924, 0.9520000000000001, 0.94, 0.968, 0.956, 0.96, 0.96, 0.98, 0.972, 0.98, 0.98]],

    "NN": [[0.68, 0.7759999999999999, 0.764, 0.8560000000000001, 0.7879999999999999, 0.824, 0.8160000000000001, 0.7919999999999999, 0.8240000000000001, 0.8759999999999999, 0.8, 0.8440000000000001, 0.852, 0.8240000000000001, 0.7879999999999999, 0.8320000000000001, 0.84, 0.8160000000000001, 0.8320000000000001, 0.812], 
        [0.528, 0.7520000000000002, 0.888, 0.9199999999999998, 0.932, 0.9799999999999999, 0.968, 0.988, 0.976, 0.996, 1.0, 1.0, 0.988, 1.0, 0.992, 1.0, 0.988, 1.0, 0.996, 1.0]],

    "NS": [[0.7360000000000001, 0.828, 0.768, 0.8440000000000001, 0.824, 0.7239999999999999, 0.7879999999999999, 0.708, 0.7839999999999999, 0.696, 0.672, 0.7319999999999999, 0.704, 0.72, 0.624, 0.708, 0.704, 0.7, 0.7, 0.72], 
        [0.512, 0.8360000000000001, 0.8240000000000001, 0.8880000000000001, 0.8079999999999999, 0.768, 0.824, 0.828, 0.836, 0.8680000000000001, 0.816, 0.8479999999999999, 0.8240000000000001, 0.84, 0.872, 0.8759999999999999, 0.848, 0.9159999999999999, 0.868, 0.86]],

    "SC": [[0.71, 0.8240000000000002, 0.7120000000000001, 0.7080000000000001, 0.688, 0.6920000000000001, 0.7040000000000001, 0.6920000000000002, 0.62, 0.572, 0.68, 0.588, 0.6480000000000001, 0.632, 0.6, 0.6080000000000001, 0.636, 0.6639999999999999, 0.596, 0.5479999999999999], 
        [0.606, 0.828, 0.86, 0.84, 0.9, 0.9079999999999999, 0.9199999999999998, 0.9, 0.8959999999999999, 0.912, 0.8760000000000001, 0.912, 0.9159999999999999, 0.92, 0.94, 0.94, 0.92, 0.932, 0.92, 0.932]],

    "SN": [[0.604, 0.784, 0.7160000000000001, 0.6599999999999998, 0.836, 0.708, 0.7559999999999999, 0.612, 0.6519999999999999, 0.696, 0.752, 0.7600000000000001, 0.64, 0.764, 0.66, 0.644, 0.6480000000000001, 0.7, 0.6759999999999999, 0.632], 
        [0.5479999999999999, 0.7759999999999999, 0.936, 0.94, 0.872, 0.916, 0.884, 0.924, 0.88, 0.9520000000000001, 0.9359999999999999, 0.96, 0.956, 0.9640000000000001, 0.94, 0.94, 0.972, 0.972, 0.9840000000000001, 0.98]],

    "SS": [[0.5509433962264151, 0.7440000000000001, 0.7799999999999998, 0.7239999999999999, 0.7, 0.7, 0.6800000000000002, 0.6880000000000002, 0.648, 0.5319999999999999, 0.648, 0.592, 0.6, 0.572, 0.4799999999999999, 0.58, 0.49999999999999983, 0.52, 0.588, 0.568], 
        [0.5471698113207547, 0.7680000000000001, 0.8759999999999999, 0.7559999999999999, 0.816, 0.7839999999999999, 0.7919999999999999, 0.8, 0.8439999999999999, 0.816, 0.8240000000000001, 0.7879999999999999, 0.812, 0.764, 0.7959999999999999, 0.784, 0.7959999999999999, 0.816, 0.816, 0.82]]
}