{"CC": [3.087159060791007, 3.7631158007247176], "CN": [2.9127947684655067, 3.7958333813801723], "CS": [3.7480194796847077, 3.7355663395763736], "NC": [3.3334565150690074, 3.926978913996869], "NN": [2.8736294940468636, 3.408722976637442], "NS": [3.7432254468124175, 3.6989518810906454], "SC": [4.856557214132663, 4.621138283434507], "SN": [3.438909877309381, 3.8258136444233677], "SS": [4.958350016263072, 3.8941317092794887]}