{
    "CCCC": [[0.27999999999999997, 0.4600000000000001, 0.48, 0.48, 0.495, 0.475, 0.495, 0.43499999999999994, 0.445, 0.465, 0.45999999999999996, 0.45999999999999996, 0.475, 0.465, 0.475, 0.465, 0.45, 0.45, 0.45, 0.45], [0.28, 0.475, 0.48500000000000004, 0.45999999999999996, 0.49000000000000005, 0.465, 0.47000000000000003, 0.485, 0.45999999999999996, 0.475, 0.44499999999999995, 0.45, 0.45499999999999996, 0.45500000000000007, 0.45499999999999996, 0.45, 0.45, 0.45, 0.45, 0.45], [0.27999999999999997, 0.45499999999999996, 0.4750000000000001, 0.49000000000000005, 0.49000000000000005, 0.5, 0.485, 0.495, 0.485, 0.48, 0.475, 0.45999999999999996, 0.47000000000000003, 0.45999999999999996, 0.45499999999999996, 0.45, 0.45, 0.45, 0.45, 0.45], [0.29500000000000004, 0.465, 0.48500000000000004, 0.495, 0.495, 0.475, 0.47000000000000003, 0.44000000000000006, 0.43499999999999994, 0.45999999999999996, 0.45499999999999996, 0.45999999999999996, 0.45999999999999996, 0.475, 0.45999999999999996, 0.43499999999999994, 0.45, 0.45, 0.45, 0.45]],
    "NNNN": [[0.26, 0.42000000000000004, 0.45, 0.47000000000000003, 0.475, 0.475, 0.465, 0.4525, 0.4800000000000001, 0.43, 0.43, 0.43000000000000005, 0.41500000000000004, 0.41, 0.395, 0.39, 0.39499999999999996, 0.37, 0.34249999999999997, 0.305], [0.26, 0.4375000000000001, 0.45, 0.465, 0.49000000000000005, 0.475, 0.45999999999999996, 0.465, 0.45500000000000007, 0.445, 0.38, 0.40499999999999997, 0.40499999999999997, 0.385, 0.37500000000000006, 0.37, 0.39, 0.37, 0.335, 0.32], [0.25, 0.4375, 0.45500000000000007, 0.4600000000000001, 0.45999999999999996, 0.495, 0.49000000000000005, 0.49000000000000005, 0.495, 0.475, 0.44499999999999995, 0.45, 0.45500000000000007, 0.43, 0.4149999999999999, 0.39, 0.41999999999999993, 0.38499999999999995, 0.355, 0.34], [0.25, 0.41999999999999993, 0.44000000000000006, 0.475, 0.485, 0.43499999999999994, 0.49000000000000005, 0.48, 0.48, 0.4800000000000001, 0.475, 0.43000000000000005, 0.43500000000000005, 0.43000000000000005, 0.365, 0.375, 0.37499999999999994, 0.355, 0.355, 0.33]],
    "SSSS": [[0.25, 0.32, 0.375, 0.425, 0.34500000000000003, 0.33999999999999997, 0.335, 0.36, 0.275, 0.275, 0.24500000000000002, 0.255, 0.18, 0.16499999999999998, 0.16, 0.125, 0.095, 0.1, 0.039999999999999994, 0.025], [0.25, 0.39, 0.425, 0.4, 0.37499999999999994, 0.32999999999999996, 0.38499999999999995, 0.26999999999999996, 0.305, 0.29, 0.23500000000000001, 0.195, 0.215, 0.16, 0.125, 0.09, 0.075, 0.04, 0.039999999999999994, 0.01], [0.25, 0.38, 0.36500000000000005, 0.39, 0.34500000000000003, 0.36, 0.36, 0.33999999999999997, 0.35500000000000004, 0.31, 0.255, 0.22999999999999998, 0.23500000000000001, 0.21000000000000002, 0.195, 0.11000000000000001, 0.08, 0.08, 0.05500000000000001, 0.03], [0.255, 0.31, 0.375, 0.40499999999999997, 0.36, 0.36499999999999994, 0.35000000000000003, 0.315, 0.305, 0.28, 0.23000000000000004, 0.21000000000000002, 0.185, 0.185, 0.14500000000000002, 0.12000000000000002, 0.1, 0.075, 0.045, 0.025]]
}