{
    "CCCC": [[0.38, 0.45, 0.45999999999999996, 0.475, 0.465, 0.495, 0.485, 0.485, 0.49000000000000005, 0.475, 0.485, 0.49000000000000005, 0.5, 0.5, 0.5, 0.485, 0.5, 0.49000000000000005, 0.49000000000000005, 0.5], [0.32, 0.485, 0.43499999999999994, 0.45499999999999996, 0.465, 0.465, 0.47000000000000003, 0.5, 0.5, 0.48500000000000004, 0.5, 0.5, 0.485, 0.495, 0.5, 0.5, 0.5, 0.5, 0.465, 0.5], [0.43499999999999994, 0.425, 0.44499999999999995, 0.45499999999999996, 0.5, 0.5, 0.45999999999999996, 0.5, 0.47000000000000003, 0.45499999999999996, 0.5, 0.49000000000000005, 0.5, 0.5, 0.5, 0.5, 0.5, 0.5, 0.5, 0.5], [0.395, 0.45500000000000007, 0.445, 0.45999999999999996, 0.47000000000000003, 0.45999999999999996, 0.44000000000000006, 0.5, 0.5, 0.45, 0.5, 0.5, 0.475, 0.485, 0.5, 0.5, 0.5, 0.475, 0.5, 0.485]],
    "NNNN": [[0.30500000000000005, 0.39499999999999996, 0.42000000000000004, 0.47000000000000003, 0.4600000000000001, 0.43499999999999994, 0.4149999999999999, 0.475, 0.45999999999999996, 0.5, 0.44000000000000006, 0.485, 0.45499999999999996, 0.5, 0.43499999999999994, 0.5, 0.5, 0.45999999999999996, 0.5, 0.49000000000000005], [0.33999999999999997, 0.39, 0.40499999999999997, 0.4600000000000001, 0.465, 0.44000000000000006, 0.41500000000000004, 0.49000000000000005, 0.49000000000000005, 0.43499999999999994, 0.495, 0.485, 0.45999999999999996, 0.5, 0.475, 0.465, 0.485, 0.45, 0.48, 0.49000000000000005], [0.335, 0.39999999999999997, 0.425, 0.44000000000000006, 0.42000000000000004, 0.45, 0.48, 0.465, 0.47000000000000003, 0.45999999999999996, 0.45999999999999996, 0.49000000000000005, 0.49000000000000005, 0.475, 0.465, 0.485, 0.465, 0.48, 0.5, 0.475], [0.315, 0.44499999999999995, 0.43999999999999995, 0.395, 0.45500000000000007, 0.45, 0.485, 0.495, 0.475, 0.45, 0.475, 0.48, 0.43999999999999995, 0.475, 0.49000000000000005, 0.5, 0.45, 0.49000000000000005, 0.475, 0.5]],
    "SSSS": [[0.33, 0.47000000000000003, 0.445, 0.36500000000000005, 0.4050000000000001, 0.475, 0.395, 0.475, 0.465, 0.39999999999999997, 0.41, 0.4, 0.44000000000000006, 0.43499999999999994, 0.45, 0.39, 0.41500000000000004, 0.45, 0.425, 0.395], [0.3, 0.325, 0.4050000000000001, 0.39, 0.425, 0.43, 0.41500000000000004, 0.41, 0.39, 0.37, 0.38, 0.35, 0.385, 0.39, 0.36, 0.385, 0.385, 0.39, 0.375, 0.31], [0.27, 0.37, 0.345, 0.43, 0.37, 0.43499999999999994, 0.41500000000000004, 0.43499999999999994, 0.425, 0.4, 0.375, 0.39499999999999996, 0.45499999999999996, 0.45, 0.41500000000000004, 0.425, 0.32999999999999996, 0.39, 0.375, 0.4], [0.29500000000000004, 0.375, 0.41, 0.38, 0.4, 0.45499999999999996, 0.45, 0.43, 0.41999999999999993, 0.385, 0.41500000000000004, 0.41, 0.43499999999999994, 0.43, 0.45, 0.45, 0.425, 0.45, 0.4, 0.44000000000000006]]
}