{
    "CCCC": [[0.38, 0.47000000000000003, 0.45500000000000007, 0.47000000000000003, 0.485, 0.475, 0.475, 0.47000000000000003, 0.475, 0.475, 0.475, 0.465, 0.45, 0.45, 0.45, 0.45, 0.45, 0.45, 0.45, 0.45], [0.37, 0.43000000000000005, 0.45999999999999996, 0.44000000000000006, 0.44000000000000006, 0.45499999999999996, 0.475, 0.485, 0.45999999999999996, 0.475, 0.45499999999999996, 0.45499999999999996, 0.45, 0.45, 0.45, 0.45, 0.45, 0.45, 0.45, 0.45], [0.38, 0.475, 0.485, 0.495, 0.48, 0.48, 0.45500000000000007, 0.475, 0.45999999999999996, 0.45499999999999996, 0.45999999999999996, 0.45, 0.43499999999999994, 0.425, 0.425, 0.425, 0.425, 0.425, 0.425, 0.43499999999999994], [0.315, 0.45499999999999996, 0.495, 0.49000000000000005, 0.485, 0.475, 0.475, 0.475, 0.47000000000000003, 0.475, 0.475, 0.45999999999999996, 0.45, 0.45, 0.45, 0.45, 0.45499999999999996, 0.45, 0.45, 0.45]],
    "NNNN": [[0.25, 0.45000000000000007, 0.45000000000000007, 0.485, 0.495, 0.475, 0.45500000000000007, 0.45499999999999996, 0.45499999999999996, 0.45, 0.45, 0.45, 0.45, 0.45, 0.45, 0.45, 0.45, 0.45, 0.45, 0.45], [0.26, 0.4600000000000001, 0.45000000000000007, 0.485, 0.45, 0.49000000000000005, 0.475, 0.45999999999999996, 0.45999999999999996, 0.465, 0.45999999999999996, 0.45, 0.45, 0.45, 0.45, 0.45, 0.45, 0.45, 0.45, 0.45], [0.27, 0.44499999999999995, 0.4600000000000001, 0.49000000000000005, 0.485, 0.465, 0.475, 0.475, 0.475, 0.45999999999999996, 0.45499999999999996, 0.45, 0.45, 0.45, 0.45, 0.45, 0.45, 0.45, 0.45, 0.45], [0.25, 0.42000000000000004, 0.44000000000000006, 0.45, 0.495, 0.475, 0.465, 0.45, 0.45, 0.45499999999999996, 0.45, 0.45, 0.45, 0.45, 0.45, 0.45, 0.45, 0.45, 0.45, 0.45]],
    "SSSS": [[0.255, 0.3625, 0.365, 0.47000000000000003, 0.39, 0.39, 0.375, 0.32999999999999996, 0.36500000000000005, 0.325, 0.30500000000000005, 0.305, 0.27, 0.27, 0.26, 0.255, 0.25, 0.25, 0.25, 0.24500000000000002], [0.27, 0.32999999999999996, 0.38500000000000006, 0.385, 0.41999999999999993, 0.4, 0.39499999999999996, 0.36, 0.35, 0.325, 0.28500000000000003, 0.28500000000000003, 0.275, 0.265, 0.255, 0.25, 0.25, 0.25, 0.25, 0.25], [0.25, 0.335, 0.42000000000000004, 0.4225, 0.41, 0.39, 0.41500000000000004, 0.4, 0.33, 0.335, 0.3, 0.29500000000000004, 0.27, 0.27, 0.255, 0.25, 0.25, 0.24, 0.25, 0.25], [0.25, 0.39, 0.44000000000000006, 0.4, 0.41500000000000004, 0.4, 0.40499999999999997, 0.355, 0.365, 0.325, 0.32, 0.29500000000000004, 0.29000000000000004, 0.26, 0.26, 0.25, 0.25, 0.25, 0.25, 0.25]]
}