{"gpt": [0.25, 0.28500000000000003, 0.275, 0.2, 0.21000000000000005, 0.21500000000000002, 0.205, 0.225, 0.21500000000000002, 0.16999999999999998, 0.16, 0.1, 0.11499999999999999, 0.125, 0.13, 0.13999999999999999, 0.095, 0.12, 0.125, 0.13999999999999999], "claude": [0.25, 0.28, 0.29500000000000004, 0.24500000000000002, 0.26, 0.305, 0.29500000000000004, 0.215, 0.25, 0.215, 0.135, 0.11000000000000001, 0.125, 0.15, 0.135, 0.125, 0.13999999999999999, 0.125, 0.125, 0.06], "llama": [0.25, 0.29500000000000004, 0.265, 0.26, 0.22999999999999998, 0.27999999999999997, 0.28, 0.27999999999999997, 0.225, 0.125, 0.16, 0.11000000000000001, 0.125, 0.11499999999999999, 0.11499999999999999, 0.1, 0.075, 0.08499999999999999, 0.13, 0.1], "qwen": [0.25, 0.285, 0.26, 0.27, 0.25, 0.275, 0.24, 0.21000000000000002, 0.22000000000000003, 0.195, 0.14500000000000002, 0.18, 0.11000000000000001, 0.1, 0.1, 0.125, 0.13, 0.1, 0.125, 0.11499999999999999]}