{"gpt": [0.475, 0.5, 0.49000000000000005, 0.475, 0.5, 0.475, 0.49000000000000005, 0.5, 0.475, 0.5, 0.5, 0.485, 0.485, 0.475, 0.475, 0.5, 0.5, 0.5, 0.5, 0.5], "claude": [0.41500000000000004, 0.475, 0.465, 0.47000000000000003, 0.45, 0.475, 0.45, 0.485, 0.49000000000000005, 0.5, 0.5, 0.475, 0.475, 0.475, 0.5, 0.5, 0.475, 0.5, 0.475, 0.45999999999999996], "llama": [0.49000000000000005, 0.5, 0.48, 0.5, 0.5, 0.5, 0.5, 0.5, 0.5, 0.5, 0.485, 0.5, 0.5, 0.49000000000000005, 0.5, 0.5, 0.5, 0.5, 0.5, 0.5], "qwen": [0.45, 0.49000000000000005, 0.485, 0.495, 0.485, 0.47000000000000003, 0.485, 0.475, 0.475, 0.49000000000000005, 0.5, 0.5, 0.475, 0.5, 0.49000000000000005, 0.5, 0.5, 0.475, 0.5, 0.5]}