{"gpt": [0.39499999999999996, 0.425, 0.45499999999999996, 0.475, 0.465, 0.43000000000000005, 0.43, 0.47000000000000003, 0.45499999999999996, 0.425, 0.44000000000000006, 0.41, 0.45, 0.385, 0.395, 0.43499999999999994, 0.44000000000000006, 0.43499999999999994, 0.45, 0.44000000000000006], "claude": [0.34500000000000003, 0.365, 0.445, 0.36, 0.4, 0.385, 0.375, 0.41500000000000004, 0.365, 0.345, 0.32, 0.315, 0.32999999999999996, 0.335, 0.35, 0.32999999999999996, 0.315, 0.31, 0.29500000000000004, 0.365], "llama": [0.39, 0.375, 0.395, 0.425, 0.43, 0.44000000000000006, 0.47000000000000003, 0.43000000000000005, 0.44000000000000006, 0.45999999999999996, 0.395, 0.4, 0.395, 0.365, 0.35, 0.375, 0.4, 0.4, 0.365, 0.385], "qwen": [0.35500000000000004, 0.395, 0.44000000000000006, 0.49000000000000005, 0.4600000000000001, 0.43499999999999994, 0.45, 0.43499999999999994, 0.45999999999999996, 0.45, 0.45, 0.44000000000000006, 0.43000000000000005, 0.44000000000000006, 0.44000000000000006, 0.45, 0.43499999999999994, 0.4, 0.41500000000000004, 0.425]}