{"CC": [[0.0, 0.07976020060155319, 0.14796377394484103, 0.13885600599181863, 0.15742351031532736, 0.1692763846494838, 0.18531071852432066, 0.17856449815122835, 0.19418842807953318, 0.19810549108997466, 0.20189902822945935, 0.1914288964602783, 0.21312690679498908, 0.20379287916902303, 0.21510051231924102, 0.21947624563947674, 0.21825636302293688, 0.25358340324240464, 0.2333634967170317, 0.2132350290172794], [0.11851113702939478, 0.11725649832738477, 0.11922214559384518, 0.12296559518824762, 0.12296559518824762, 0.12296559518824762, 0.12296559518824762, 0.12296559518824762, 0.12296559518824762, 0.12296559518824762, 0.12296559518824762, 0.12296559518824762, 0.12296559518824762, 0.12296559518824762, 0.12296559518824762, 0.12296559518824762, 0.12296559518824762, 0.12296559518824762, 0.12296559518824762, 0.12296559518824762]], "CN": [[0.06426289753815952, 0.10257749460773546, 0.12852579507631934, 0.13401298444553802, 0.1285855606201568, 0.124131614023181, 0.1315392200068102, 0.14002687742001543, 0.14926915287493273, 0.1545668476743963, 0.1497316853575088, 0.15456684767439635, 0.16473330689329357, 0.16945784136474776, 0.16223070486193414, 0.16945784136474776, 0.18486447360160913, 0.18032000000000012, 0.20634993191178924, 0.21545740739180924], [0.14541033800937272, 0.10763951690712845, 0.09543811397968849, 0.08893736222758128, 0.09064867566600189, 0.08630679231671168, 0.08765386471799176, 0.0931567195643986, 0.08930376027917299, 0.08930376027917299, 0.09601999791710059, 0.09064867566600189, 0.09623979218597682, 0.10139093450600005, 0.09752846558825784, 0.10755025615962059, 0.1110647450814164, 0.10634693413540423, 0.10755025615962059, 0.12413161402318106]], "CS": [[0.0, 0.10182572562962673, 0.13714398856676155, 0.15742351031532736, 0.1608036367747944, 0.17393274562312872, 0.21835314882089515, 0.19713352226346498, 0.19818304266510794, 0.21300971245462025, 0.20121287831547952, 0.2159916442828287, 0.21291049762752431, 0.22500765853632643, 0.2206632728842748, 0.23173632947813788, 0.2273177546959324, 0.24467834885825107, 0.25705159015263845, 0.27859591956810836], [0.25169788556918793, 0.17393274562312866, 0.16223070486193417, 0.17803662993889796, 0.2008402350128083, 0.22004437370675928, 0.2395613958884028, 0.25832621547183304, 0.2574920860919805, 0.258326215471833, 0.25749208609198093, 0.25808816788066824, 0.26661764082670913, 0.2744, 0.29126945325591574, 0.3017317987882619, 0.31770747551796774, 0.3208658286574004, 0.3424339328980116, 0.374457474221039]], "NC": [[0.057008715123215994, 0.15133307107172567, 0.2232046760800498, 0.22141494619830873, 0.23157265213319114, 0.23468902829062974, 0.22327953185189198, 0.22662075682514163, 0.23943660351750734, 0.2298490921974676, 0.241458635993828, 0.23165044231341317, 0.22665381016872405, 0.21709634557956067, 0.21628793157270707, 0.2254260750135176, 0.24455773842591855, 0.23649704694985077, 0.24302150574794798, 0.253572041045538], [0.18424062553085313, 0.17716210041653943, 0.18937048961229416, 0.1913883547554553, 0.20821566258089208, 0.21034790860857172, 0.21693437252773007, 0.2196324961748602, 0.2186980612259742, 0.22227955501125155, 0.2299318095088193, 0.2291105025964546, 0.2299318095088193, 0.2340387734030411, 0.2332493880463569, 0.26457125177161633, 0.2666353628759697, 0.2660192986683485, 0.2666353628759697, 0.2631152357124155]], "NN": [[0.0, 0.12226064616220546, 0.15918289355329607, 0.1439766425501025, 0.13366855127515964, 0.1413376099981884, 0.12995258212132604, 0.15428076224857065, 0.15053769760428798, 0.17513233396491928, 0.21010432075519064, 0.19791147920219282, 0.19649916437481366, 0.1763019727626439, 0.19688978033407428, 0.2119973547004775, 0.2027345022436982, 0.20556653424134974, 0.24161323142576446, 0.23342933491744342], [0.12958253586035423, 0.07701578020120298, 0.07278438294029843, 0.08962580878296163, 0.08487048957087504, 0.09782344095358751, 0.10728202831788738, 0.10363934388059386, 0.11257636696927112, 0.11080502515680409, 0.11907705740401893, 0.12056788295396088, 0.11320590797303813, 0.12240196076860865, 0.1420966206494722, 0.15526119927399767, 0.17530772943598355, 0.17595298917608648, 0.1844796313959891, 0.20764902696617657]], "NS": [[0.01950175376728975, 0.1550631303695369, 0.21163462476636488, 0.19907271435332377, 0.22052395425440746, 0.22636939369093173, 0.2532878204730737, 0.27070715099531445, 0.2668120866827438, 0.2836181630290981, 0.28351655754117777, 0.2836181630290981, 0.284544480881285, 0.27936704458471806, 0.2931559885112359, 0.2901594485795695, 0.285777141143234, 0.29148040345793375, 0.3032557705963731, 0.3024439412519287], [0.2740918269485611, 0.21380177361284936, 0.2363324404308474, 0.24995956152946033, 0.26039984946232214, 0.2683053156387328, 0.2970612623685557, 0.3049737326393863, 0.3177074755179676, 0.32097954825814073, 0.32488145530331514, 0.3273317363165387, 0.34397860398577124, 0.3433694010828572, 0.35225513480998405, 0.36180453286270464, 0.37262687825759416, 0.3773139997402692, 0.3871483767239633, 0.4196231375889558]], "SC": [[0.11593859754197477, 0.20604252376633342, 0.25382567561222, 0.27759440628370025, 0.3149385184444736, 0.33877396594189474, 0.34785996952796966, 0.3692454814889412, 0.3640327369894087, 0.3744523446314632, 0.35946635113734915, 0.39342331603503106, 0.37383628288329634, 0.3962643057354523, 0.3936185585055664, 0.39704394920461905, 0.4091473592729153, 0.40177131604931665, 0.3841749997071647, 0.3970439492046189], [0.15752109192105032, 0.15644434665400983, 0.1973282990348825, 0.20626613876252198, 0.26805463323733114, 0.2648829598143302, 0.28334713409526485, 0.30728274666827604, 0.32783014138422356, 0.33319999999999994, 0.3529306424780936, 0.3534309912840129, 0.36916744385170264, 0.3757070007332843, 0.3926413753032148, 0.3971406924504213, 0.4055779461459907, 0.4202086415103811, 0.4202086415103811, 0.4213726502752642]], "SN": [[0.15918289355329607, 0.2028955041394462, 0.23988190094294304, 0.2515757539986714, 0.28432838479476497, 0.306638225927558, 0.31096127347308034, 0.31932965787724765, 0.3260617732884369, 0.33752998326074657, 0.3326865455650406, 0.3279941560455002, 0.3471967257910133, 0.3580099752800193, 0.3648496698641783, 0.3629494532300607, 0.3655229218530626, 0.37464209266979076, 0.38313362890772173, 0.39172550389271327], [0.146397699435476, 0.10317496595589466, 0.09149232973315305, 0.11922214559384521, 0.14321418365511143, 0.17018173344986232, 0.19054385741870553, 0.2155910907250111, 0.24707663912235825, 0.2480697289070152, 0.2648466998095312, 0.2636910313226448, 0.285185051501652, 0.3011264292618632, 0.31635031468294783, 0.32855002419722934, 0.34377751875304496, 0.3541639191109112, 0.36129451476600094, 0.37293603526610297]], "SS": [[0.12170952961867867, 0.196, 0.2257321031665633, 0.2580881678806683, 0.2767975260005046, 0.3158216306714916, 0.3499299929985996, 0.3862940724370488, 0.39510410982423344, 0.4032601760650311, 0.4185414674796272, 0.4294994649589215, 0.42623128181774755, 0.428680274330415, 0.43128462805901135, 0.44330676692331256, 0.44263031979293943, 0.43684262612524427, 0.4492249877288658, 0.47302235718832575], [0.2170119222531334, 0.17153079723478232, 0.17932661152210513, 0.1975228837375558, 0.2540450353775881, 0.31369798469228327, 0.3659693189326123, 0.3981213061367101, 0.4207157234998476, 0.4320188588476201, 0.4386679673739582, 0.45022014881610983, 0.46020783304937335, 0.45913810558480117, 0.4580323324831991, 0.46132921000084065, 0.4647473705143474, 0.4706408550051729, 0.4730832637073523, 0.4848772215726367]]}