{"CC": [2.6419085299135694, 2.9365063376072755], "CN": [1.175668778688963, 2.0164051340700366], "CS": [3.860766168927614, 3.2095882795797954], "NC": [4.555914685946508, 3.9364305256652865], "NN": [1.2796058707961604, 2.0504104749478818], "NS": [4.413677064717808, 3.411638382515942], "SC": [4.17599384657784, 4.379787844534937], "SN": [2.5040055462686164, 4.108597067971497], "SS": [4.411802901156849, 4.218966521101582]}