{"CC": [285.76199999999994, 267.82199999999995], "CN": [261.62600000000003, 265.466], "CS": [252.50199999999987, 273.13199999999983], "NC": [273.676, 244.05599999999995], "NN": [259.45799999999997, 260.008], "NS": [246.26799999999986, 266.47799999999984], "SC": [284.522, 247.05199999999996], "SN": [254.00400000000002, 250.35400000000004], "SS": [239.57199999999997, 247.84199999999998]}