{"CC": [286.39599999999996, 264.126], "CN": [259.64799999999997, 260.868], "CS": [217.34600000000006, 224.55600000000007], "NC": [267.7099999999999, 250.69999999999993], "NN": [261.16999999999996, 264.08], "NS": [246.8240000000001, 254.0240000000001], "SC": [268.91200000000003, 237.312], "SN": [251.27200000000005, 244.30200000000005], "SS": [247.40800000000002, 248.05800000000002]}