{"CC": [1.905442445140757, 2.803069480192031], "CN": [4.218740060057741, 4.3905442676297], "CS": [8.191924171450097, 8.599446674164907], "NC": [5.771910485099369, 4.437985372846558], "NN": [2.0171009355012464, 3.2649858609188502], "NS": [4.676319405043246, 5.478273364517694], "SC": [5.7933391284211915, 4.543823897038265], "SN": [4.340226124276936, 4.548559952153649], "SS": [3.2187516962599028, 4.089059064843158]}