{"CC": [[0.01950175376728975, 0.11232014245005213, 0.1757017290751573, 0.16727885221987876, 0.17829537290687048, 0.1832259326623827, 0.18905619905202783, 0.20099319789485423, 0.19571559365569205, 0.21701192225313334, 0.22121967001150677, 0.22568955314768113, 0.2262420791983667, 0.2201054692641689, 0.23788780885114744, 0.2500517578422515, 0.24004999479275135, 0.25204106332103904, 0.270877389237271, 0.2678467472268425], [0.10030528600228393, 0.08541193359244359, 0.10091621078895091, 0.11554029600100574, 0.1166817483585157, 0.12099726277895712, 0.12702251768879397, 0.12702251768879397, 0.12702251768879397, 0.13088045843440496, 0.13088045843440496, 0.13088045843440496, 0.13088045843440496, 0.13459935215297297, 0.13459935215297297, 0.13459935215297297, 0.13459935215297297, 0.13459935215297297, 0.13459935215297297, 0.13459935215297297]], "CN": [[0.2817495739127215, 0.3190648836835541, 0.34618283261883487, 0.35320809730242586, 0.33911965086087237, 0.3541639191109112, 0.3669756525983709, 0.3639219147014919, 0.35658535920589873, 0.36697565259837084, 0.3753540728432288, 0.3749905684147272, 0.3644967687099572, 0.3780869973961021, 0.377721037804356, 0.38003788442732944, 0.3834543519116714, 0.39248969413221535, 0.38399996666666525, 0.4079249264264201], [0.3762179028169709, 0.3524949792550244, 0.3464878664542239, 0.3389100151957742, 0.33945932539849333, 0.3417151936920572, 0.3371883651610776, 0.3394819582834999, 0.3422936727431577, 0.3371883651610776, 0.3371883651610776, 0.3400416421557805, 0.33939141768760145, 0.3382576154353364, 0.3411695156370215, 0.35268564813442543, 0.35635365804212, 0.3545975318583031, 0.35320809730242564, 0.35390892387731643]], "CS": [[0.15177982342854385, 0.19565002354203803, 0.21422961390059955, 0.21258836212737528, 0.2179421292728876, 0.23801696410130102, 0.24423424650937053, 0.2571085984715409, 0.2693917862741921, 0.2686052536195075, 0.28408257850139285, 0.260259661107902, 0.26465080993641416, 0.2938554471300473, 0.28301938500392504, 0.28724453660252625, 0.30696647486004086, 0.30259835642646854, 0.31311421749898233, 0.3509720287886201], [0.24250412374225716, 0.20749754554692934, 0.1966898818749963, 0.19013767959034317, 0.19027269744238126, 0.19220425980711267, 0.20124647781265634, 0.21053237611350883, 0.2184629047870598, 0.22232828699920298, 0.22390304301639147, 0.22232828699920298, 0.22312712656241515, 0.23170375247716646, 0.23333081761310473, 0.2325148256090352, 0.2333558418210267, 0.2491056677637021, 0.26909786433935134, 0.27156257989642074]], "NC": [[0.33981561824024487, 0.38893038143091874, 0.42961125497360964, 0.41917889068988173, 0.4180409377082584, 0.41895888294676364, 0.4048953938982264, 0.4250037533951904, 0.4211902733919671, 0.40761874539819704, 0.41252762137825405, 0.44024148100786703, 0.42536515889292115, 0.4158665535962226, 0.4207887660097403, 0.4216278453802596, 0.4189818058102284, 0.4037600000000002, 0.41808228855095025, 0.4319966277646158], [0.490611138887001, 0.48163385927486485, 0.4578981179258112, 0.45079573911029813, 0.4524968932490034, 0.45103854558119544, 0.45282363189215286, 0.4488528382443405, 0.45282363189215286, 0.4504419447609201, 0.44891702395877114, 0.4610959882714229, 0.46386620657254174, 0.4630372961220295, 0.46330270882005425, 0.46220689912635443, 0.45970670823906845, 0.46051241720500885, 0.46054161332066396, 0.46392003448870345]], "NN": [[0.019501753767289746, 0.1843963166660334, 0.19635248305025327, 0.21330708005127252, 0.22921108524676542, 0.21240468544737892, 0.2576188688741567, 0.2891979833954588, 0.29706126236855596, 0.290576197235768, 0.2863143419390653, 0.3099713819048463, 0.32002064683391906, 0.3154565047672977, 0.30014889904845565, 0.30698255585619183, 0.309971381904846, 0.3270969299764217, 0.31929958095807137, 0.3296997324839679], [0.20463000757464683, 0.1617564144014079, 0.13991709545298608, 0.13134925047368945, 0.12898825372877945, 0.12876469081234973, 0.13212202844340523, 0.14310684679637098, 0.15557017709059787, 0.1598451800962419, 0.1642077659552068, 0.16842320030209615, 0.17513233396491923, 0.19294803860107013, 0.19688978033407434, 0.20626613876252198, 0.23206764186331544, 0.23682770108245368, 0.2518885975982238, 0.2759635454185933]], "NS": [[0.37792439243848786, 0.4265916473631428, 0.4642304582855374, 0.4445528881921701, 0.45239500439328456, 0.4721769769906195, 0.46784506153212735, 0.4600951275551612, 0.46299166299189465, 0.482494518103574, 0.46884166879662054, 0.47178221924951763, 0.4673644556446286, 0.4613750075589271, 0.47256327576315127, 0.4762275691305578, 0.4730223571883259, 0.46820621781433025, 0.49220591463329644, 0.48495248262072027], [0.49794801977716513, 0.44034618199775494, 0.4178571066764333, 0.4083955259304389, 0.4010870748353778, 0.40096733233519155, 0.40761874539819676, 0.4021153884148181, 0.40784487050838336, 0.40452044892687417, 0.4091849146779486, 0.40972908122319057, 0.40519889239730134, 0.4057673402332916, 0.40818382329533837, 0.4112451803972905, 0.4128627297298704, 0.4185919464108213, 0.4170472874866829, 0.43162742452258535]], "SC": [[0.33036903244705007, 0.345071345666371, 0.36554919559479276, 0.38134972086, 0.3864481854013549, 0.3936575953795378, 0.39717938315073725, 0.3940087532022607, 0.40548795296531315, 0.42310584964048886, 0.40215360050607546, 0.41594506560362016, 0.4226470849302052, 0.4160143285993887, 0.4316407747189786, 0.4235550476620484, 0.43000005767441485, 0.44176156464771815, 0.43719863860721236, 0.4387073739977479], [0.4795355402887256, 0.46753292932156115, 0.4385497262568978, 0.4369481415454244, 0.43582573398091135, 0.43677226835045285, 0.4350802684562931, 0.43947291156566176, 0.4400363694059846, 0.4425391806382796, 0.4463079672154644, 0.45122588578227646, 0.4550367000583579, 0.4600742531374691, 0.4584012198936648, 0.47095500591882444, 0.4696603351359365, 0.470808156259001, 0.4742065980139879, 0.47314822201927387]], "SN": [[0.3078822502191385, 0.3324555212355481, 0.33723393423556886, 0.34025058060200297, 0.3530775574856041, 0.3571505094494477, 0.3774005320610983, 0.3642595536152755, 0.3840799916684023, 0.3788989754538803, 0.4127138262767555, 0.42544191800996795, 0.4190001431980661, 0.41874334669341295, 0.4294144850840501, 0.4265241020153494, 0.4250037533951904, 0.4419832594114849, 0.4381772773661365, 0.4472709693239657], [0.3956288038047787, 0.3764577872750145, 0.35015497369022214, 0.3395894438877626, 0.3420972119149762, 0.3478875772429941, 0.34763902887909454, 0.34795382682189324, 0.3447539157138029, 0.3539089238773161, 0.3589316057412611, 0.36824535081926035, 0.3794258293790766, 0.39368199146011223, 0.4060370741693427, 0.4142746432018257, 0.4219193079251053, 0.434196407170764, 0.4443627347111814, 0.45630551169145417]], "SS": [[0.16717547667047317, 0.24955195370904198, 0.2879199305362514, 0.31259388605665334, 0.36214414588668964, 0.3753540728432289, 0.3844548868202875, 0.3887723117712989, 0.3877829165912289, 0.4019625037239169, 0.38714837672396335, 0.4084331504665115, 0.39481231186476423, 0.38857463427249084, 0.39150969336658825, 0.41241585808501585, 0.42315578407957505, 0.42381346085276744, 0.44055986925728957, 0.4686449760746399], [0.19014020511191207, 0.11760000000000002, 0.10015197252176317, 0.12718874792999574, 0.16643850996689435, 0.20760277069442018, 0.24414394442623388, 0.29268385401316566, 0.3177074755179676, 0.3276132817820425, 0.3531210761197921, 0.3677285955701569, 0.3814907264927943, 0.387956242893448, 0.3961867418276386, 0.4007229466851132, 0.41494176748069117, 0.42112186169801263, 0.4294994649589219, 0.4469487666388618]]}