{"CC": [-2.2525, -0.4349999999999997], "CN": [-1.956, -1.5965000000000003], "CS": [-2.0404999999999998, 3.8510000000000004], "NC": [0.1394999999999999, -0.47350000000000003], "NN": [0.5055000000000002, 0.469], "NS": [2.1245000000000003, 2.9975], "SC": [1.1544999999999999, 0.3105000000000002], "SN": [2.1494999999999997, 2.2540000000000004], "SS": [2.9825, 3.2505]}