{"CC": [-1.1030000000000002, -2.8324999999999996], 
"CN": [0.7375, 0.12449999999999997], 
"CS": [2.5655, 4.182499999999999], 
"NC": [-1.8515000000000001, -3.3515000000000006], 
"NN": [0.1875, 0.10549999999999982], 
"NS": [2.4924999999999997, 3.492499999999999], 
"SC": [-1.8195000000000001, -2.3335], 
"SN": [-1.2270000000000003, -1.0695000000000001], 
"SS": [1.9555000000000002, 2.6435000000000004]}