{"CC": [[0.0, 0.1568, 0.2688559941678816, 0.3859956144828591, 0.4832900578327678, 0.5941871812821278, 0.5731249134351081, 0.6024059282576825, 0.5731249134351081, 0.6024059282576825, 0.5731249134351081, 0.6024059282576825, 0.5731249134351081, 0.6024059282576825, 0.5731249134351081, 0.6024059282576825, 0.5731249134351081, 0.5731249134351081, 0.5731249134351081, 1.24000945544782], [0.5748382951752606, 0.48227153181584326, 0.511946597214983, 0.5431711332536, 0.6024059282576825, 0.6260228954279549, 0.6751510124409205, 0.6559414608027153, 0.6751510124409205, 0.6559414608027153, 0.6751510124409205, 0.6559414608027153, 0.6751510124409205, 0.6559414608027153, 0.6559414608027153, 0.6453610660707695, 0.6559414608027153, 0.6559414608027153, 0.6559414608027153, 0.806567982503645]], "CN": [[0.0, 0.07681599833368048, 0.16887876835173807, 0.23985787791940466, 0.34921018083669897, 0.3885350867038909, 0.38407999166840234, 0.40768000000000004, 0.3885350867038909, 0.4395996433119571, 0.40768000000000004, 0.4395996433119571, 0.40768000000000004, 0.4395996433119571, 0.40768000000000004, 0.4395996433119571, 0.40768000000000004, 0.4395996433119571, 0.40768000000000004, 0.8370829349592547], [0.3236315534678285, 0.22937862498497985, 0.22937862498497985, 0.47663073505597625, 0.3040464806571522, 0.37632, 0.4446047341178454, 0.4294144850840502, 0.47196539534165016, 0.4446047341178454, 0.47196539534165016, 0.4446047341178454, 0.47196539534165016, 0.4446047341178454, 0.47196539534165016, 0.4446047341178454, 0.47196539534165016, 0.4446047341178454, 0.5937732577339601, 0.5937732577339601]], "CS": [[0.0, 0.07681599833368051, 0.15363199666736102, 0.23044799500104143, 0.30726399333472204, 0.3840799916684022, 0.3840799916684022, 0.3840799916684022, 0.3840799916684022, 0.3840799916684022, 0.3840799916684022, 0.3840799916684022, 0.3840799916684022, 0.3840799916684022, 0.3840799916684022, 0.3840799916684022, 0.3840799916684022, 0.3840799916684022, 0.3840799916684022, 0.9142932571117433], [0.2715855666268001, 0.1688787683517381, 0.1688787683517381, 0.21269386827080833, 0.27158556662680017, 0.33775753670347625, 0.40767999999999976, 0.40767999999999976, 0.40767999999999976, 0.40767999999999976, 0.40767999999999976, 0.40767999999999976, 0.40767999999999976, 0.40767999999999976, 0.40767999999999976, 0.40767999999999976, 0.40767999999999976, 0.40767999999999976, 0.40767999999999976, 0.8668076455592669]], "NC": [[0.0, 0.07681599833368051, 0.0, 0.0, 0.07681599833368051, 0.15363199666736102, 0.15363199666736102, 0.15363199666736102, 0.15363199666736102, 0.15363199666736102, 0.15363199666736102, 0.15363199666736102, 0.15363199666736102, 0.15363199666736102, 0.15363199666736102, 0.15363199666736102, 0.15363199666736102, 0.15363199666736102, 0.15363199666736102, 0.880037817369231], [0.5167267811909889, 0.3690633680006728, 0.293345939123077, 0.2408807306531595, 0.20801870685109072, 0.20801870685109072, 0.2008019760858941, 0.2008019760858941, 0.2008019760858941, 0.2008019760858941, 0.2008019760858941, 0.2008019760858941, 0.2008019760858941, 0.2008019760858941, 0.2008019760858941, 0.2008019760858941, 0.2008019760858941, 0.2008019760858941, 0.2008019760858941, 0.2008019760858941]], "NN": [[0.0, 0.0, 0.23044799500104143, 0.15363199666736102, 0.30726399333472204, 0.23044799500104143, 0.30726399333472204, 0.23044799500104143, 0.30726399333472204, 0.23044799500104143, 0.23044799500104143, 0.3840799916684022, 0.0, 0.3840799916684022, 0.3840799916684022, 0.3840799916684022, 0.3840799916684022, 0.3840799916684022, 0.3840799916684022, 0.9408], [0.3190408024062127, 0.3040464806571522, 0.2547698443693838, 0.36301824527150134, 0.3040464806571522, 0.36301824527150134, 0.3040464806571522, 0.36301824527150134, 0.3040464806571522, 0.3040464806571522, 0.2547698443693838, 0.3040464806571522, 0.45010067496061384, 0.21269386827080838, 0.45010067496061384, 0.45010067496061384, 0.45010067496061384, 0.45010067496061384, 0.45010067496061384, 0.45010067496061384]], "NS": [[0.0, 0.19203999583420117, 0.3413777637749711, 0.4693535025969231, 0.4571466285558717, 0.577398834775409, 0.6084971441181956, 0.5761199875026035, 0.6380816048124254, 0.6084971441181956, 0.5875294116893214, 0.5875294116893214, 0.5875294116893214, 0.5875294116893214, 0.5875294116893214, 0.5875294116893214, 0.5875294116893214, 0.5875294116893214, 0.5875294116893214, 1.0523137600544814], [0.15363199666736102, 0.4832900578327678, 0.45010067496061384, 0.28310977093699896, 0.47404454811757946, 0.5186265184118529, 0.6080929613143043, 0.6272000000000001, 0.6080929613143043, 0.6548160242388696, 0.6272000000000001, 0.6080929613143043, 0.6080929613143043, 0.6080929613143043, 0.6080929613143043, 0.6080929613143043, 0.6080929613143043, 0.6080929613143043, 0.6080929613143043, 0.9137552792733952]], "SC": [[0.5317346706770212, 0.1688787683517381, 0.2217486865801013, 0.3340980838017482, 0.47144417442577446, 0.5440756653260648, 0.5317346706770212, 0.6361521126271609, 0.5622980049760092, 0.635765511489889, 0.7814871730233325, 0.6205002162771581, 0.599952126090074, 0.7226421919594785, 0.7545974545411611, 0.7226421919594787, 0.7185478689690757, 0.7226421919594785, 0.7814871730233325, 0.9601999791710057], [0.6791449494769142, 0.8443938417586903, 0.6700333890187863, 0.7099421948299734, 0.7314346056893947, 0.8467199999999999, 0.8147566998804, 0.7092492301018029, 0.7513321971005902, 0.9161736918292295, 0.9201902551103224, 0.836495302078858, 0.9506788008575767, 0.8938975332777243, 0.836495302078858, 0.8332559136303804, 0.8332559136303804, 0.8875489449038853, 0.8332559136303804, 0.836495302078858]], "SN": [[0.38407999166840223, 0.11087434329005065, 0.4076799999999999, 0.27158556662679995, 0.388535086703891, 0.4395996433119571, 0.4395996433119571, 0.4395996433119571, 0.4395996433119571, 0.4395996433119571, 0.4395996433119571, 0.4395996433119571, 0.4395996433119571, 0.4395996433119571, 0.4395996433119571, 0.4395996433119571, 0.4395996433119571, 0.4395996433119571, 0.6003617895902438, 0.9075456131787538], [0.16887876835173807, 0.5071213566790497, 0.27785030789977544, 0.49733044789154013, 0.45822100519290904, 0.4688293779190891, 0.4571466285558716, 0.4571466285558716, 0.4571466285558716, 0.4571466285558716, 0.4571466285558716, 0.4571466285558716, 0.4571466285558716, 0.4571466285558716, 0.4571466285558716, 0.4571466285558716, 0.4571466285558716, 0.4571466285558716, 0.4571466285558716, 0.617322217322526]], "SS": [[0.38407999166840223, 0.0, 0.3948123118647645, 0.38407999166840223, 0.3948123118647645, 0.38407999166840223, 0.38407999166840223, 0.38407999166840223, 0.38407999166840223, 0.38407999166840223, 0.38407999166840223, 0.38407999166840223, 0.38407999166840223, 0.38407999166840223, 0.38407999166840223, 0.38407999166840223, 0.38407999166840223, 0.38407999166840223, 0.38407999166840223, 0.0], [0.07681599833368048, 0.4136668108514387, 0.07681599833368048, 0.404653380561685, 0.3997631298656743, 0.3948123118647645, 0.3948123118647645, 0.3948123118647645, 0.3948123118647645, 0.3948123118647645, 0.3948123118647645, 0.3948123118647645, 0.3948123118647645, 0.3948123118647645, 0.3948123118647645, 0.3948123118647645, 0.3948123118647645, 0.3948123118647645, 0.3948123118647645, 0.784]]}