{"CC": [7.637174142102563, 7.6078545618065005], "CN": [3.048191999999997, 2.688494098588267], "CS": [8.641819158768831, 8.59244771755662], "NC": [6.187363762694422, 5.369985894691347], "NN": [5.429949361714529, 5.941486157929177], "NS": [5.385869788037577, 5.622731688702203], "SC": [8.060884105571546, 7.801606650956965], "SN": [7.71430121191959, 8.095809797354685], "SS": [6.644669699777109, 7.789931310049914]}