{"gpt": [0.30899999999999994, 0.374, 0.384, 0.355, 0.38499999999999995, 0.358, 0.33899999999999997, 0.331, 0.31499999999999995, 0.26299999999999996, 0.265, 0.21499999999999997, 0.22899999999999995, 0.21299999999999997, 0.20600000000000002, 0.21099999999999997, 0.18100000000000002, 0.20299999999999996, 0.199, 0.198], "claude": [0.25899999999999995, 0.3360000000000001, 0.37999999999999995, 0.35200000000000004, 0.36499999999999994, 0.33099999999999996, 0.30099999999999993, 0.286, 0.301, 0.291, 0.231, 0.214, 0.21499999999999997, 0.214, 0.22799999999999998, 0.22699999999999998, 0.21999999999999997, 0.218, 0.21700000000000003, 0.23199999999999998], "llama": [0.2885, 0.359, 0.34199999999999997, 0.33899999999999997, 0.292, 0.304, 0.298, 0.265, 0.25299999999999995, 0.18799999999999997, 0.205, 0.20700000000000002, 0.183, 0.17999999999999997, 0.157, 0.154, 0.15899999999999997, 0.17300000000000001, 0.16599999999999998, 0.152], "qwen": [0.26699999999999996, 0.37499999999999994, 0.4179999999999999, 0.4319999999999999, 0.40299999999999997, 0.376, 0.338, 0.33899999999999997, 0.33000000000000007, 0.3, 0.26299999999999996, 0.248, 0.25999999999999995, 0.239, 0.231, 0.23, 0.23, 0.221, 0.2, 0.22900000000000006]}