{"gpt": [0.38, 0.42199999999999993, 0.45599999999999996, 0.46, 0.46299999999999997, 0.45299999999999996, 0.463, 0.4639999999999999, 0.4679999999999999, 0.47800000000000004, 0.4739999999999999, 0.46099999999999997, 0.4759999999999999, 0.474, 0.4689999999999999, 0.478, 0.4749999999999999, 0.484, 0.46, 0.465], "claude": [0.27899999999999997, 0.43549999999999983, 0.4479999999999999, 0.44299999999999984, 0.44999999999999996, 0.455, 0.4379999999999999, 0.46399999999999997, 0.4660000000000001, 0.473, 0.451, 0.45199999999999996, 0.45300000000000007, 0.46, 0.46799999999999997, 0.479, 0.467, 0.467, 0.469, 0.46399999999999997], "llama": [0.382, 0.4099999999999999, 0.424, 0.445, 0.461, 0.47, 0.4589999999999999, 0.45, 0.4729999999999999, 0.47600000000000003, 0.49199999999999994, 0.4709999999999999, 0.485, 0.472, 0.48699999999999993, 0.48900000000000005, 0.49, 0.474, 0.491, 0.488], "qwen": [0.3335, 0.4034999999999998, 0.47399999999999987, 0.46599999999999997, 0.46099999999999997, 0.46799999999999997, 0.4689999999999999, 0.4789999999999999, 0.493, 0.49200000000000005, 0.48599999999999993, 0.48300000000000004, 0.48400000000000004, 0.498, 0.483, 0.499, 0.48999999999999994, 0.48699999999999993, 0.48100000000000004, 0.495]}