{"gpt": [0.30700000000000005, 0.3559999999999999, 0.379, 0.36, 0.33, 0.303, 0.298, 0.3, 0.27799999999999997, 0.274, 0.2929999999999999, 0.26400000000000007, 0.26599999999999996, 0.285, 0.24499999999999997, 0.27499999999999997, 0.256, 0.27, 0.22499999999999998, 0.16699999999999998], "claude": [0.244, 0.3450000000000001, 0.374, 0.3019999999999999, 0.3159999999999999, 0.2889999999999999, 0.252, 0.24599999999999997, 0.251, 0.255, 0.253, 0.24299999999999997, 0.214, 0.22499999999999998, 0.22, 0.21000000000000005, 0.201, 0.195, 0.195, 0.2], "llama": [0.30900000000000005, 0.373, 0.398, 0.37799999999999995, 0.34099999999999986, 0.3339999999999999, 0.32599999999999996, 0.32199999999999995, 0.27599999999999997, 0.298, 0.31, 0.28, 0.279, 0.28, 0.276, 0.273, 0.261, 0.26999999999999996, 0.245, 0.18999999999999997], "qwen": [0.25999999999999995, 0.37199999999999994, 0.3969999999999999, 0.376, 0.3489999999999999, 0.324, 0.30899999999999994, 0.306, 0.31999999999999995, 0.306, 0.28300000000000003, 0.285, 0.304, 0.30599999999999994, 0.292, 0.27499999999999997, 0.275, 0.27799999999999997, 0.27299999999999996, 0.222]}