{"gpt": [0.34600000000000003, 0.41999999999999976, 0.41699999999999987, 0.418, 0.4369999999999999, 0.43800000000000006, 0.43, 0.43099999999999994, 0.41999999999999993, 0.42999999999999994, 0.42300000000000004, 0.42699999999999994, 0.43699999999999994, 0.413, 0.42099999999999993, 0.42300000000000004, 0.414, 0.396, 0.39899999999999997, 0.39399999999999996], "claude": [0.2655, 0.3949999999999999, 0.44799999999999973, 0.4179999999999998, 0.39699999999999996, 0.42700000000000005, 0.434, 0.429, 0.42, 0.43200000000000005, 0.418, 0.41200000000000003, 0.39, 0.37549999999999994, 0.3819999999999999, 0.39099999999999996, 0.38900000000000007, 0.38500000000000006, 0.386, 0.39799999999999996], "llama": [0.30999999999999994, 0.41099999999999987, 0.41100000000000003, 0.423, 0.418, 0.3960000000000001, 0.428, 0.43199999999999994, 0.44699999999999995, 0.41600000000000004, 0.42099999999999993, 0.42699999999999994, 0.43699999999999994, 0.4050000000000001, 0.41100000000000003, 0.415, 0.407, 0.40199999999999997, 0.3789999999999999, 0.358], "qwen": [0.26299999999999996, 0.37399999999999983, 0.42999999999999994, 0.45399999999999996, 0.44099999999999995, 0.4489999999999999, 0.44400000000000006, 0.4599999999999999, 0.44299999999999995, 0.46199999999999997, 0.45300000000000007, 0.455, 0.441, 0.445, 0.426, 0.43400000000000005, 0.43, 0.419, 0.419, 0.396]}