{"gpt": [0.45299999999999996, 0.482, 0.483, 0.4909999999999999, 0.499, 0.493, 0.49, 0.49400000000000005, 0.493, 0.5, 0.48900000000000005, 0.489, 0.49300000000000005, 0.48400000000000004, 0.48, 0.495, 0.5, 0.493, 0.495, 0.5], "claude": [0.3555, 0.4204999999999999, 0.4475, 0.436, 0.45199999999999996, 0.45699999999999996, 0.477, 0.46599999999999997, 0.48599999999999993, 0.49, 0.485, 0.489, 0.488, 0.49, 0.49, 0.49200000000000005, 0.493, 0.49, 0.49, 0.484], "llama": [0.43300000000000005, 0.451, 0.4699999999999999, 0.4809999999999999, 0.472, 0.473, 0.47800000000000004, 0.48200000000000004, 0.488, 0.473, 0.48100000000000004, 0.475, 0.479, 0.486, 0.485, 0.488, 0.483, 0.49, 0.48200000000000004, 0.484], "qwen": [0.33799999999999997, 0.446, 0.4805, 0.4829999999999999, 0.483, 0.495, 0.49199999999999994, 0.496, 0.5, 0.5, 0.493, 0.49599999999999994, 0.498, 0.495, 0.499, 0.49599999999999994, 0.5, 0.498, 0.494, 0.5]}