{"gpt": [0.34199999999999997, 0.4299999999999999, 0.4229999999999999, 0.43399999999999994, 0.43999999999999995, 0.433, 0.406, 0.4040000000000001, 0.38900000000000007, 0.3940000000000001, 0.4109999999999999, 0.385, 0.35600000000000004, 0.373, 0.37, 0.37200000000000005, 0.37900000000000006, 0.373, 0.38500000000000006, 0.36200000000000004], "claude": [0.27099999999999996, 0.3869999999999998, 0.45099999999999985, 0.42050000000000004, 0.373, 0.39899999999999997, 0.3949999999999999, 0.4, 0.408, 0.415, 0.4, 0.38599999999999995, 0.39199999999999996, 0.38400000000000006, 0.396, 0.401, 0.4, 0.395, 0.397, 0.401], "llama": [0.37099999999999994, 0.4079999999999999, 0.42699999999999994, 0.41800000000000004, 0.41899999999999993, 0.4059999999999999, 0.4050000000000001, 0.391, 0.38699999999999996, 0.373, 0.37999999999999995, 0.36199999999999993, 0.36099999999999993, 0.38099999999999995, 0.35900000000000004, 0.36099999999999993, 0.35, 0.37300000000000005, 0.36200000000000004, 0.34600000000000003], "qwen": [0.26599999999999996, 0.3779999999999999, 0.4639999999999999, 0.46299999999999997, 0.45299999999999996, 0.436, 0.424, 0.43200000000000005, 0.413, 0.412, 0.39099999999999996, 0.42100000000000004, 0.40399999999999997, 0.40700000000000003, 0.387, 0.38, 0.39299999999999996, 0.4, 0.39, 0.41600000000000004]}