{
    "CCCC": [[0.45299999999999996, 0.482, 0.483, 0.4909999999999999, 0.499, 0.493, 0.49, 0.49400000000000005, 0.493, 0.5, 0.48900000000000005, 0.489, 0.49300000000000005, 0.48400000000000004, 0.48, 0.495, 0.5, 0.493, 0.495, 0.5], [0.3555, 0.4204999999999999, 0.4475, 0.436, 0.45199999999999996, 0.45699999999999996, 0.477, 0.46599999999999997, 0.48599999999999993, 0.49, 0.485, 0.489, 0.488, 0.49, 0.49, 0.49200000000000005, 0.493, 0.49, 0.49, 0.484], [0.43300000000000005, 0.451, 0.4699999999999999, 0.4809999999999999, 0.472, 0.473, 0.47800000000000004, 0.48200000000000004, 0.488, 0.473, 0.48100000000000004, 0.475, 0.479, 0.486, 0.485, 0.488, 0.483, 0.49, 0.48200000000000004, 0.484], [0.33799999999999997, 0.446, 0.4805, 0.4829999999999999, 0.483, 0.495, 0.49199999999999994, 0.496, 0.5, 0.5, 0.493, 0.49599999999999994, 0.498, 0.495, 0.499, 0.49599999999999994, 0.5, 0.498, 0.494, 0.5]],
    "NNNN": [[0.34199999999999997, 0.4299999999999999, 0.4229999999999999, 0.43399999999999994, 0.43999999999999995, 0.433, 0.406, 0.4040000000000001, 0.38900000000000007, 0.3940000000000001, 0.4109999999999999, 0.385, 0.35600000000000004, 0.373, 0.37, 0.37200000000000005, 0.37900000000000006, 0.373, 0.38500000000000006, 0.36200000000000004], [0.27099999999999996, 0.3869999999999998, 0.45099999999999985, 0.42050000000000004, 0.373, 0.39899999999999997, 0.3949999999999999, 0.4, 0.408, 0.415, 0.4, 0.38599999999999995, 0.39199999999999996, 0.38400000000000006, 0.396, 0.401, 0.4, 0.395, 0.397, 0.401], [0.37099999999999994, 0.4079999999999999, 0.42699999999999994, 0.41800000000000004, 0.41899999999999993, 0.4059999999999999, 0.4050000000000001, 0.391, 0.38699999999999996, 0.373, 0.37999999999999995, 0.36199999999999993, 0.36099999999999993, 0.38099999999999995, 0.35900000000000004, 0.36099999999999993, 0.35, 0.37300000000000005, 0.36200000000000004, 0.34600000000000003], [0.26599999999999996, 0.3779999999999999, 0.4639999999999999, 0.46299999999999997, 0.45299999999999996, 0.436, 0.424, 0.43200000000000005, 0.413, 0.412, 0.39099999999999996, 0.42100000000000004, 0.40399999999999997, 0.40700000000000003, 0.387, 0.38, 0.39299999999999996, 0.4, 0.39, 0.41600000000000004]],
    "SSSS": [[0.30899999999999994, 0.374, 0.384, 0.355, 0.38499999999999995, 0.358, 0.33899999999999997, 0.331, 0.31499999999999995, 0.26299999999999996, 0.265, 0.21499999999999997, 0.22899999999999995, 0.21299999999999997, 0.20600000000000002, 0.21099999999999997, 0.18100000000000002, 0.20299999999999996, 0.199, 0.198], [0.25899999999999995, 0.3360000000000001, 0.37999999999999995, 0.35200000000000004, 0.36499999999999994, 0.33099999999999996, 0.30099999999999993, 0.286, 0.301, 0.291, 0.231, 0.214, 0.21499999999999997, 0.214, 0.22799999999999998, 0.22699999999999998, 0.21999999999999997, 0.218, 0.21700000000000003, 0.23199999999999998], [0.2885, 0.359, 0.34199999999999997, 0.33899999999999997, 0.292, 0.304, 0.298, 0.265, 0.25299999999999995, 0.18799999999999997, 0.205, 0.20700000000000002, 0.183, 0.17999999999999997, 0.157, 0.154, 0.15899999999999997, 0.17300000000000001, 0.16599999999999998, 0.152], [0.26699999999999996, 0.37499999999999994, 0.4179999999999999, 0.4319999999999999, 0.40299999999999997, 0.376, 0.338, 0.33899999999999997, 0.33000000000000007, 0.3, 0.26299999999999996, 0.248, 0.25999999999999995, 0.239, 0.231, 0.23, 0.23, 0.221, 0.2, 0.22900000000000006]]
}