{"llama": [0.621, 0.8099999999999998, 0.8660000000000003, 0.907, 0.9470000000000003, 0.9527638190954774, 0.966, 0.9510000000000002, 0.971, 0.9620000000000001, 0.951, 0.9600000000000002, 0.964, 0.951, 0.9590000000000001, 0.9440000000000001, 0.934, 0.95, 0.7750000000000001, 0.278], "qwen": [0.81, 0.8759999999999999, 0.943, 0.9740000000000002, 0.9820000000000002, 0.9778894472361809, 0.982, 0.99, 0.988, 0.991, 0.992, 0.9990000000000001, 0.996, 0.9990000000000001, 0.9990000000000001, 0.998, 0.9990000000000001, 0.995, 0.993, 0.8240000000000001]}