{"llama": [0.46800000000000014, 0.6580000000000003, 0.7329999999999999, 0.7439999999999999, 0.7749999999999999, 0.7969999999999999, 0.795, 0.8, 0.7969999999999999, 0.7749999999999999, 0.7769999999999999, 0.762, 0.7410000000000001, 0.693, 0.7909547738693467, 0.6890000000000001, 0.632, 0.6100000000000001, 0.44924623115577894, 0.2633165829145729], "qwen": [0.7995, 0.8075000000000003, 0.9440000000000001, 0.9540000000000001, 0.9410000000000003, 0.9560000000000001, 0.9490000000000002, 0.945, 0.948, 0.9590000000000001, 0.95, 0.95, 0.9359999999999999, 0.935, 0.821105527638191, 0.8960000000000001, 0.8980000000000001, 0.8619999999999999, 0.6653266331658292, 0.2170854271356784]}