{"llama": [0.608, 0.7340000000000003, 0.748, 0.6380000000000002, 0.6299999999999999, 0.5920000000000001, 0.5770000000000001, 0.5569999999999999, 0.565, 0.5519999999999999, 0.5499999999999999, 0.5379999999999999, 0.5670000000000001, 0.5519999999999999, 0.5479999999999999, 0.54, 0.5329999999999999, 0.501, 0.387, 0.11], "qwen": [0.20199999999999999, 0.3239999999999999, 0.345, 0.35999999999999993, 0.377, 0.36599999999999994, 0.381, 0.358, 0.375, 0.382, 0.376, 0.38, 0.37800000000000006, 0.382, 0.377, 0.35600000000000004, 0.365, 0.361, 0.358, 0.04]}