{"llama": [0.6979797979797979, 0.8110552763819098, 0.8409090909090909, 0.8904522613065328, 0.8525252525252525, 0.8200000000000002, 0.871, 0.8666666666666666, 0.8484848484848485, 0.8370000000000001, 0.8733668341708544, 0.8904522613065327, 0.8400000000000002, 0.845, 0.8730964467005076, 0.8636363636363636, 0.8653266331658293, 0.8313131313131314, 0.7350253807106598, 0.5185929648241207], "qwen": [0.6333333333333334, 0.778391959798995, 0.9030303030303031, 0.8914572864321609, 0.9414141414141416, 0.9590000000000003, 0.9600000000000002, 0.9404040404040405, 0.9505050505050507, 0.936, 0.9477386934673366, 0.8964824120603014, 0.943, 0.938, 0.9208121827411168, 0.8949494949494949, 0.8693467336683417, 0.9131313131313132, 0.8477157360406091, 0.38341708542713565]}