{"CC": [3.1810794927910893, 3.9035269459625868], "CN": [3.0375942908453064, 4.025938933935287], "CS": [4.008420261527479, 3.783977664974254], "NC": [3.4637954697955213, 3.521781297459563], "NN": [3.1681239925129194, 3.465975663656048], "NS": [3.4128760005039758, 3.3937050843136043], "SC": [4.958951591674997, 4.638844242948452], "SN": [3.9239113062840767, 4.085825815972089], "SS": [3.7899605062132236, 3.5274442744536723]}