{
    "CC": [[0.8360000000000001, 0.8959999999999999, 0.8480000000000001, 0.836, 0.88, 0.884, 0.912, 0.9280000000000002, 0.9079999999999999, 0.888, 0.8760000000000001, 0.892, 0.904, 0.94, 0.904, 0.9480000000000001, 0.932, 0.9520000000000001, 0.92, 0.9520000000000001], 
        [0.5519999999999999, 0.86, 0.9359999999999999, 0.92, 0.9279999999999999, 0.976, 0.948, 0.9719999999999999, 0.948, 0.98, 0.9520000000000001, 0.98, 0.98, 0.98, 0.96, 0.9359999999999999, 0.948, 0.9520000000000001, 0.96, 0.96]],

    "CN": [[0.7939999999999999, 0.9319999999999997, 0.944, 0.9519999999999998, 0.904, 0.964, 0.9440000000000001, 0.9520000000000001, 0.932, 0.948, 0.9279999999999999, 0.96, 0.9640000000000001, 1.0, 0.972, 0.976, 0.992, 0.96, 0.992, 1.0], 
        [0.5199999999999999, 0.816, 0.9159999999999999, 0.912, 0.968, 0.9359999999999999, 0.9640000000000001, 0.948, 0.9480000000000001, 0.9519999999999998, 0.96, 0.9719999999999999, 0.9560000000000001, 0.96, 0.94, 0.94, 0.9359999999999999, 0.9520000000000001, 0.988, 0.98]],

    "CS": [[0.8079999999999999, 0.9159999999999999, 0.8719999999999999, 0.8919999999999999, 0.8759999999999999, 0.88, 0.8519999999999999, 0.8839999999999999, 0.8960000000000001, 0.868, 0.924, 0.904, 0.872, 0.9159999999999999, 0.884, 0.872, 0.868, 0.812, 0.836, 0.82], 
        [0.516, 0.8280000000000003, 0.84, 0.8439999999999999, 0.868, 0.88, 0.904, 0.9359999999999999, 0.9159999999999999, 0.9359999999999999, 0.8320000000000001, 0.86, 0.796, 0.792, 0.7879999999999999, 0.768, 0.7600000000000001, 0.72, 0.6679999999999999, 0.68]],

    "NC": [[0.648, 0.7799999999999998, 0.7000000000000002, 0.8080000000000002, 0.7639999999999999, 0.812, 0.7439999999999999, 0.7439999999999999, 0.7040000000000001, 0.7719999999999999, 0.752, 0.768, 0.78, 0.804, 0.7839999999999999, 0.736, 0.792, 0.82, 0.8080000000000002, 0.78], 
        [0.5940000000000001, 0.8240000000000001, 0.9239999999999999, 0.8440000000000002, 0.8440000000000001, 0.852, 0.912, 0.828, 0.9280000000000002, 0.836, 0.9079999999999999, 0.852, 0.8400000000000002, 0.848, 0.9079999999999999, 0.8480000000000001, 0.868, 0.868, 0.82, 0.86]],

    "NN": [[0.66, 0.7959999999999999, 0.8160000000000001, 0.852, 0.8080000000000002, 0.856, 0.86, 0.8039999999999999, 0.82, 0.856, 0.828, 0.86, 0.9, 0.812, 0.868, 0.86, 0.84, 0.872, 0.86, 0.8480000000000001], 
        [0.536, 0.8080000000000002, 0.9200000000000002, 0.88, 0.892, 0.96, 0.96, 0.8959999999999999, 0.9359999999999999, 0.92, 0.94, 0.9080000000000001, 0.956, 0.972, 0.9480000000000001, 0.968, 0.968, 0.9600000000000002, 0.972, 0.98]],

    "NS": [[0.638, 0.8040000000000002, 0.848, 0.772, 0.74, 0.732, 0.816, 0.7440000000000001, 0.736, 0.792, 0.728, 0.752, 0.72, 0.784, 0.7559999999999999, 0.7360000000000001, 0.7879999999999999, 0.7719999999999999, 0.7319999999999999, 0.748], 
        [0.488, 0.8240000000000001, 0.884, 0.86, 0.8, 0.92, 0.86, 0.804, 0.8440000000000001, 0.8360000000000001, 0.7879999999999998, 0.828, 0.824, 0.8079999999999999, 0.8360000000000001, 0.816, 0.8240000000000001, 0.852, 0.824, 0.836]],

    "SC": [[0.576, 0.772, 0.58, 0.66, 0.64, 0.6040000000000001, 0.608, 0.5880000000000001, 0.5760000000000001, 0.572, 0.5159999999999999, 0.6240000000000001, 0.5519999999999999, 0.552, 0.588, 0.564, 0.58, 0.56, 0.552, 0.452], 
        [0.588, 0.7880000000000003, 0.8599999999999999, 0.8320000000000001, 0.84, 0.7799999999999998, 0.84, 0.7, 0.7999999999999998, 0.772, 0.7319999999999999, 0.728, 0.7879999999999999, 0.628, 0.696, 0.628, 0.64, 0.644, 0.648, 0.66]],

    "SN": [[0.648, 0.7240000000000001, 0.768, 0.7439999999999999, 0.7880000000000001, 0.8200000000000002, 0.82, 0.72, 0.716, 0.752, 0.6920000000000001, 0.748, 0.6679999999999999, 0.6639999999999999, 0.7319999999999999, 0.784, 0.684, 0.696, 0.688, 0.624], 
        [0.5359999999999999, 0.7959999999999999, 0.8680000000000001, 0.84, 0.8160000000000001, 0.8240000000000001, 0.88, 0.8880000000000001, 0.8639999999999999, 0.856, 0.904, 0.836, 0.8959999999999999, 0.8439999999999999, 0.8360000000000001, 0.86, 0.852, 0.86, 0.824, 0.9159999999999999]],

    "SS": [[0.5159999999999999, 0.8100000000000002, 0.836, 0.78, 0.74, 0.6919999999999998, 0.688, 0.748, 0.696, 0.796, 0.688, 0.7559999999999999, 0.732, 0.748, 0.76, 0.7120000000000001, 0.7439999999999999, 0.7759999999999999, 0.716, 0.62], 
        [0.49599999999999994, 0.7559999999999998, 0.84, 0.7679999999999998, 0.7840000000000003, 0.78, 0.804, 0.8, 0.852, 0.792, 0.812, 0.7759999999999999, 0.8320000000000001, 0.7559999999999999, 0.768, 0.772, 0.74, 0.7120000000000002, 0.7, 0.612]]
}