{"CC": [289.544, 280.364], "CN": [286.5199999999999, 281.78], "CS": [282.2120000000001, 279.69200000000006], "NC": [283.578, 276.20799999999997], "NN": [282.82199999999995, 280.222], "NS": [279.28600000000006, 275.856], "SC": [273.4959999999999, 259.35599999999994], "SN": [270.622, 263.472], "SS": [268.95799999999997, 261.368]}