{"CC": [266.24, 265.88], "CN": [264.632, 262.35200000000003], "CS": [263.168, 267.248], "NC": [267.408, 262.288], "NN": [253.888, 252.768], "NS": [256.54400000000004, 255.824], "SC": [260.66400000000004, 256.26400000000007], "SN": [249.92800000000003, 248.44800000000004], "SS": [244.776, 243.856]}