{"CC": [[0.6260228954279549, 0.5653504399927536, 0.577398834775409, 0.6145279866694439, 0.5431711332535999, 0.5896180404295649, 0.5896180404295649, 0.599952126090074, 0.6072837886853231, 0.6419231904207856, 0.6491595748350324, 0.6970108337752005, 0.6899200000000003, 0.7427753533875502, 0.7427753533875502, 0.7427753533875502, 0.7427753533875502, 0.7427753533875502, 0.7427753533875502, 0.7427753533875502], [0.10634693413540419, 0.43623101402811804, 0.5372545556810105, 0.5256893927025731, 0.5900348789690317, 0.5080900707551762, 0.5644799999999999, 0.5858531474695684, 0.5858531474695684, 0.5596683818119442, 0.6338289687289463, 0.6338289687289463, 0.6895635442800031, 0.6714995469842103, 0.7354571911403138, 0.737793571129486, 0.737793571129486, 0.737793571129486, 0.737793571129486, 0.737793571129486]], "CN": [[0.5970766114997303, 0.5726957670526297, 0.5683864825978887, 0.5512584932679043, 0.5622980049760092, 0.5622980049760092, 0.5530396238968779, 0.5530396238968779, 0.5530396238968779, 0.5530396238968779, 0.5530396238968779, 0.5530396238968779, 0.5530396238968779, 0.5530396238968779, 0.5530396238968779, 0.5530396238968779, 0.5530396238968779, 0.5530396238968779, 0.5530396238968779, 0.5530396238968779], [0.14370957379381513, 0.369728947203218, 0.4571466285558716, 0.5326586238858806, 0.4923619871598538, 0.5622980049760093, 0.5200467671277267, 0.5200467671277267, 0.5186265184118529, 0.5200467671277267, 0.5090569414122551, 0.5200467671277267, 0.5200467671277267, 0.5090569414122551, 0.5090569414122551, 0.5090569414122551, 0.5090569414122551, 0.5095396887387675, 0.5095396887387675, 0.5214631476911865]], "CS": [[0.6415400670262147, 0.5431711332535999, 0.559668381811944, 0.5705451933019855, 0.5705451933019855, 0.636152112627161, 0.6589332275731737, 0.7036809458838572, 0.6805914792296477, 0.7397903097499994, 0.7880662550826548, 0.8276307427832779, 0.8276307427832779, 0.8710518735414099, 0.8651041241376668, 0.8651041241376668, 0.8710518735414099, 0.83030004793448, 0.7995262597313487, 0.8892094682356908], [0.345671992501562, 0.5618605891144173, 0.7911799228999684, 0.6495382039572422, 0.6604240286361484, 0.6220831275641544, 0.7071662616386617, 0.6072837886853231, 0.7354571911403139, 0.6984203616733979, 0.7643095331081512, 0.8435198786039365, 0.84235318388429, 0.8435198786039365, 0.807177403053381, 0.8077863638363798, 0.8213686295446156, 0.9373965103412749, 1.049037703040267, 1.207868983623638]], "NC": [[0.36772859557015686, 0.27158556662679995, 0.295849648301295, 0.4130720343959393, 0.4587572499699596, 0.4166279568151902, 0.610111197733659, 0.665246059740304, 0.7761204030303547, 0.8183698293558972, 0.8611161352570279, 0.8611161352570279, 0.8291147510447513, 0.81082430747974, 0.8332559136303802, 0.8332559136303802, 0.8297076111498557, 0.8332559136303804, 0.8438113002324632, 0.8611161352570279], [0.1568, 0.29501743948451586, 0.36772859557015686, 0.4106843147723077, 0.3630182452715014, 0.5308091091908653, 0.48227153181584337, 0.6809526315390816, 0.6369246109234592, 0.8522191793194989, 0.8379636116204571, 0.880037817369231, 0.9134861715428428, 0.9067325215299161, 0.8594013320911249, 0.9075456131787538, 0.9012931651798985, 0.901565912399088, 0.9083579770112661, 0.921525219188276]], "NN": [[0.385995614482859, 0.3040464806571522, 0.35961593735539593, 0.39231347466025174, 0.4434973731602026, 0.4339707344971548, 0.46619991591590837, 0.5162507545757196, 0.5317346706770211, 0.5866918782461541, 0.5866918782461541, 0.5866918782461541, 0.5866918782461541, 0.5866918782461541, 0.5866918782461541, 0.5866918782461541, 0.5866918782461541, 0.5866918782461541, 0.5790995714037439, 0.5816413520374906], [0.21952000000000002, 0.34921018083669886, 0.3136000000000001, 0.32287096122135234, 0.3623403394600166, 0.442387240322322, 0.4434973731602026, 0.4614291260854693, 0.5071213566790499, 0.5256893927025731, 0.5858531474695686, 0.5812184938557962, 0.5812184938557962, 0.5812184938557962, 0.5812184938557962, 0.5812184938557962, 0.5812184938557962, 0.5761199875026035, 0.5812184938557962, 0.6205002162771581]], "NS": [[0.5574675538540337, 0.4771462903554841, 0.6589332275731737, 0.6895635442800033, 0.7012309177439342, 0.7185478689690759, 0.7192318747107918, 0.8153600000000001, 0.768799850156073, 0.8350244106611496, 0.8507754730832335, 0.8362013307810504, 0.8435198786039365, 0.8588289701681004, 0.8435198786039365, 0.8435198786039365, 0.8588289701681004, 0.8435198786039365, 0.8435198786039365, 0.8588289701681008], [0.5709759560611988, 0.5354209170363071, 0.5071213566790498, 0.7012309177439341, 0.5705451933019856, 0.6952449053391186, 0.6984203616733979, 0.6987722993937298, 0.8126416223649884, 0.7447587356990182, 0.8288181619631654, 0.822863931400569, 0.8153600000000002, 0.8370829349592548, 0.8522191793194989, 0.8370829349592548, 0.8288181619631654, 0.8721801795500744, 0.8752755214216834, 0.9874665960932553]], "SC": [[0.27785030789977555, 0.3236315534678285, 0.4136668108514387, 0.5752658432411922, 0.6809526315390816, 0.7849402361963617, 0.9042888600441785, 0.925518558214799, 0.963267718549729, 0.9665801156655356, 0.9936716753535848, 0.9439307906833, 1.0282063606105538, 1.0417469143702802, 1.04174691437028, 1.0560453808430772, 1.0569762275472425, 1.0569762275472425, 1.0569762275472425, 1.0166639216574962], [0.31981050389253945, 0.3112391132232579, 0.4339707344971548, 0.511946597214983, 0.7057742007186151, 0.7958275833369939, 0.8892094682356908, 1.0093828736411175, 0.960199979171006, 1.0408024473453164, 1.0222109371357753, 1.0822608158849696, 1.010600024539877, 1.126998295650885, 1.141090386603971, 1.154797669550818, 1.1575621279222987, 1.1601080887572504, 1.16771266602705, 1.1802780851985686]], "SN": [[0.40099128369579307, 0.315943245536283, 0.3340980838017482, 0.39791379166849694, 0.4740445481175794, 0.523345692253218, 0.5543717164502533, 0.617322217322526, 0.717863211482522, 0.6551913845587409, 0.6773324430440343, 0.6916995232035367, 0.7040302538953848, 0.6984203616733979, 0.7411184801366107, 0.7575241524862425, 0.7243413294849328, 0.7519863828554347, 0.7707162632253194, 0.8875489449038853], [0.19203999583420117, 0.28656245671755404, 0.41008521260830666, 0.4434973731602026, 0.4571466285558716, 0.5530396238968778, 0.5622980049760093, 0.6084971441181957, 0.6548160242388696, 0.780227724706063, 0.6548160242388696, 0.7493662132762593, 0.6533124263321495, 0.7655951682188178, 0.7833725489190951, 0.8096104979556527, 0.8171672279282863, 0.7754865765440432, 0.847880685945847, 0.847880685945847]], "SS": [[0.15363199666736094, 0.3040464806571522, 0.3954345538771238, 0.48430644183202864, 0.5395378407489134, 0.6264155093865413, 0.6652460597403039, 0.7226421919594785, 0.7054257562635489, 0.6510505184699572, 0.717863211482522, 0.717863211482522, 0.7381267360013455, 0.7381267360013455, 0.7655951682188178, 0.7655951682188178, 0.717863211482522, 0.7431062847264851, 0.7185478689690759, 0.7591452203630079], [0.4667269934340631, 0.502249760975553, 0.5349615253455149, 0.6272000000000001, 0.7012309177439341, 0.6987722993937298, 0.7751694689550148, 0.7460780613313863, 0.7578486434638518, 0.7814871730233325, 0.7623770153933025, 0.7942813849008422, 0.743767705671603, 0.8141529527060626, 0.7814871730233325, 0.8406001056388227, 0.9255185582147988, 0.8565356977966535, 0.8780800000000001, 1.0901829395106128]]}