{"CC": [6.7709602510296945, 7.955454099626503], "CN": [5.391135169481101, 7.157782433727364], "CS": [8.10914906121623, 8.75230801452874], "NC": [7.8792360405145825, 7.661790330374738], "NN": [5.294090021653954, 6.313248585780214], "NS": [8.046120459586474, 9.253839178802282], "SC": [10.152819251873638, 9.523364402021794], "SN": [7.293663198550366, 7.113139324426582], "SS": [8.768226838291993, 7.232491742290754]}