{"CC": [6.310645039948289, 8.053186940578499], "CN": [5.556772546456807, 6.155038951800069], "CS": [5.3345802742423984, 6.389261187581563], "NC": [6.2074187109296854, 7.0807657818628575], "NN": [5.885106535659661, 6.347277944648715], "NS": [8.491808553674305, 5.926704820152257], "SC": [9.015284963646133, 9.337033311714386], "SN": [5.789149433698886, 6.550634859219074], "SS": [9.337171290172202, 7.181943933410784]}