{"CC": [[0.6457419224427048, 0.6220831275641543, 0.6105140443921009, 0.610111197733659, 0.610111197733659, 0.610111197733659, 0.610111197733659, 0.610111197733659, 0.610111197733659, 0.610111197733659, 0.610111197733659, 0.610111197733659, 0.610111197733659, 0.610111197733659, 0.610111197733659, 0.610111197733659, 0.610111197733659, 0.610111197733659, 0.610111197733659, 0.610111197733659], [0.388535086703891, 0.4923619871598539, 0.6145279866694439, 0.5440756653260648, 0.5399933392181798, 0.5399933392181798, 0.5399933392181798, 0.5399933392181798, 0.5490239543043637, 0.5683864825978887, 0.5399933392181798, 0.5399933392181798, 0.5399933392181798, 0.5399933392181798, 0.5399933392181798, 0.5399933392181798, 0.5399933392181798, 0.5399933392181798, 0.5399933392181798, 0.5683864825978887]], "CN": [[0.5395378407489136, 0.5114661216542109, 0.5114661216542109, 0.5042040475839121, 0.5042040475839121, 0.5042040475839121, 0.5042040475839121, 0.5042040475839121, 0.5042040475839121, 0.5042040475839121, 0.5042040475839121, 0.5042040475839121, 0.5042040475839121, 0.5042040475839121, 0.5042040475839121, 0.5042040475839121, 0.5042040475839121, 0.5042040475839121, 0.5042040475839121, 0.5042040475839121], [0.273390141738871, 0.5066363050552142, 0.5508123106830493, 0.5162507545757198, 0.5308091091908653, 0.5071213566790497, 0.5042040475839121, 0.5042040475839121, 0.5042040475839121, 0.5042040475839121, 0.5042040475839121, 0.5042040475839121, 0.5042040475839121, 0.5042040475839121, 0.5042040475839121, 0.5042040475839121, 0.5042040475839121, 0.5042040475839121, 0.5042040475839121, 0.5042040475839121]], "CS": [[0.6805914792296478, 0.5644800000000001, 0.5790995714037439, 0.5683864825978886, 0.5303457227130243, 0.5186265184118529, 0.5080900707551763, 0.5284881137736214, 0.5200467671277268, 0.495845137114402, 0.4968358376767925, 0.495845137114402, 0.4968358376767925, 0.495845137114402, 0.4968358376767925, 0.495845137114402, 0.4968358376767925, 0.495845137114402, 0.4968358376767925, 0.495845137114402], [0.3112391132232579, 0.7493662132762593, 0.5167267811909889, 0.5326586238858807, 0.5431711332536, 0.5200467671277268, 0.5303457227130244, 0.5066363050552142, 0.5261568800272406, 0.5186265184118529, 0.49435536368082433, 0.495845137114402, 0.49435536368082433, 0.495845137114402, 0.48329005783276796, 0.495845137114402, 0.49435536368082433, 0.495845137114402, 0.49435536368082433, 0.495845137114402]], "NC": [[0.45606972098572823, 0.38279758410940884, 0.4136668108514387, 0.41008521260830666, 0.46935350259692316, 0.46935350259692316, 0.5162507545757197, 0.5431711332535999, 0.5816413520374906, 0.5790995714037439, 0.6244499710945628, 0.6244499710945628, 0.6244499710945628, 0.6244499710945628, 0.6244499710945628, 0.6244499710945628, 0.6244499710945628, 0.6244499710945628, 0.6244499710945628, 0.6244499710945628], [0.35271287813177443, 0.4614291260854693, 0.37303903066569316, 0.40404533607010007, 0.3859956144828591, 0.44460473411784546, 0.4714441744257746, 0.5530396238968777, 0.5303457227130242, 0.622478226446516, 0.5622980049760093, 0.6559414608027153, 0.610111197733659, 0.6559414608027153, 0.6559414608027153, 0.6559414608027153, 0.6559414608027153, 0.6559414608027153, 0.6559414608027153, 0.6678281168085094]], "NN": [[0.4771462903554843, 0.3723793678495092, 0.4339707344971549, 0.4219056501162317, 0.5422650923671928, 0.5422650923671929, 0.5752658432411925, 0.5596683818119441, 0.5752658432411925, 0.5422650923671929, 0.5579084139892496, 0.5579084139892496, 0.5579084139892496, 0.5579084139892496, 0.5579084139892496, 0.5579084139892496, 0.5579084139892496, 0.5579084139892496, 0.5579084139892496, 0.5579084139892496], [0.22174868658010127, 0.3954345538771238, 0.3923134746602518, 0.531734670677021, 0.4334038227796337, 0.5748382951752606, 0.5490239543043638, 0.5622980049760093, 0.5709759560611989, 0.5816413520374906, 0.5490239543043638, 0.5622980049760093, 0.5490239543043638, 0.5622980049760093, 0.5490239543043638, 0.5622980049760093, 0.5490239543043638, 0.5622980049760093, 0.5622980049760093, 0.5622980049760093]], "NS": [[0.4832900578327678, 0.39976312986567436, 0.45336626076495806, 0.44183112792106455, 0.44460473411784546, 0.4582210051929091, 0.4294144850840502, 0.44183112792106455, 0.4451573816078983, 0.5143422424806269, 0.4923619871598538, 0.4923619871598538, 0.5022497609755529, 0.523345692253218, 0.5543717164502532, 0.5543717164502532, 0.523345692253218, 0.523345692253218, 0.523345692253218, 0.523345692253218], [0.274287977133523, 0.46619991591590826, 0.5812184938557962, 0.6141277730244739, 0.5688188801367267, 0.6733277549603907, 0.6934744799918741, 0.7144300822333842, 0.7970623825021478, 0.7397903097499995, 0.7814871730233325, 0.7918011871675867, 0.8273336217028774, 0.8273336217028774, 0.7623770153933025, 0.7246806789200334, 0.7246806789200334, 0.7246806789200334, 0.7246806789200334, 0.7246806789200334]], "SC": [[0.5795239756903937, 0.5653504399927536, 0.6003617895902438, 0.6457419224427047, 0.6652460597403039, 0.7036809458838572, 0.7818017180845795, 0.8297076111498556, 0.8376701556101901, 0.8370829349592548, 0.8362013307810506, 0.8213686295446156, 0.8370829349592548, 0.8370829349592548, 0.8213686295446156, 0.8370829349592548, 0.8370829349592548, 0.8213686295446156, 0.8370829349592548, 0.8370829349592548], [0.31981050389253945, 0.5284881137736213, 0.5937732577339602, 0.674422300936142, 0.6369246109234593, 0.708902493718283, 0.7270516900468632, 0.8093067611233703, 0.8636819562778882, 0.880037817369231, 0.8892094682356909, 0.891694455292843, 0.8707695686000976, 0.8892094682356909, 0.8892094682356909, 0.8707695686000976, 0.8892094682356909, 0.8892094682356909, 0.8707695686000976, 0.8892094682356909]], "SN": [[0.4704, 0.43340382277963363, 0.43904000000000004, 0.46089599000208287, 0.4640856196867126, 0.49435536368082433, 0.5317346706770211, 0.5317346706770211, 0.5769728672996678, 0.5769728672996678, 0.5769728672996678, 0.5769728672996678, 0.5769728672996678, 0.5769728672996678, 0.5769728672996678, 0.5769728672996678, 0.5769728672996678, 0.5769728672996678, 0.5769728672996678, 0.5769728672996678], [0.22395519551910376, 0.38407999166840234, 0.3948123118647645, 0.442387240322322, 0.46935350259692316, 0.45010067496061373, 0.48734287560197287, 0.5280226904215387, 0.5317346706770211, 0.5790995714037441, 0.5790995714037441, 0.5790995714037441, 0.5790995714037441, 0.5790995714037441, 0.5790995714037441, 0.6434534028195048, 0.5790995714037441, 0.5790995714037441, 0.5790995714037441, 0.5790995714037441]], "SS": [[0.4832900578327678, 0.4608959900020828, 0.4334038227796337, 0.4479103910382075, 0.49186238075299055, 0.4958451371144019, 0.5209914486822218, 0.5666535929472257, 0.6283748995623555, 0.6718655865573115, 0.7209390498509567, 0.7314346056893944, 0.7681599833368047, 0.784, 0.8291147510447513, 0.8622574427628908, 0.8622574427628908, 0.8622574427628908, 0.8622574427628908, 0.9452322262809281], [0.24492942983643262, 0.5214631476911865, 0.5875294116893214, 0.5937732577339601, 0.6220831275641545, 0.6559414608027153, 0.674422300936142, 0.6755150734069524, 0.701931798396397, 0.9973761930184618, 0.8186702036839988, 1.0217297834554893, 1.03107178101236, 1.0217297834554893, 1.0217297834554893, 1.0217297834554893, 1.0217297834554893, 1.0217297834554893, 1.0217297834554893, 1.0217297834554893]]}