{"CCCC": [12.402424062416188, 15.343963620394838, 15.813889269373302, 13.471209896070956], "NNNN": [14.321842180948659, 13.971976545070499, 15.096168878758618, 14.107257091865879], "SSSS": [23.986492492234042, 22.330310192202887, 22.94739004941521, 23.88280709799416]}