{"CCCC": [11.63415452123616, 12.457837709008746, 11.790249628570217, 12.118703933342038], "NNNN": [8.9117732107589, 11.353391993585012, 10.166072405801565, 9.408530818358411], "SSSS": [15.52252685409177, 14.126061438914954, 14.471459280114086, 15.830220019191147]}