{"CCCC": [11.609296911699694, 18.62340802495611, 16.609151484166773, 10.863818720137044], "NNNN": [12.158422044985915, 17.974732453752967, 18.948713967549352, 12.89853350051856], "SSSS": [13.629744733633139, 13.699914898421818, 17.17593526955666, 13.250997441098546]}