{"CCCC": [276.82, 280.71999999999997, 280.02, 277.02], "NNNN": [279.3, 254.9, 277.0, 279.5], "SSSS": [254.58, 270.58000000000004, 265.48, 255.48000000000002]}