{"CCCC": [258.4599999999999, 283.56, 265.65999999999997, 260.15999999999997], "NNNN": [263.48, 270.98, 256.78000000000003, 263.58000000000004], "SSSS": [257.36, 264.06, 261.96, 258.06]}