{"CCCC": [[0.0, 0.3036418943426615, 0.5403347110819366, 0.7333648478076925, 0.9621983163568725, 1.0013279183164725, 1.1173719165971552, 1.0013279183164725, 1.0806694221638733, 1.0806694221638733, 1.1841385054122682, 1.1841385054122682, 1.1841385054122682, 1.1841385054122682, 1.1841385054122682, 1.1841385054122682, 1.1841385054122682, 1.1841385054122682, 1.1841385054122682, 1.5131403107445125], [0.0, 0.0, 0.0, 0.0, 0.0, 0.0, 0.0, 0.0, 0.0, 0.0, 0.0, 0.0, 0.0, 0.0, 0.0, 0.0, 0.0, 0.0, 0.0, 0.0], [0.0, 0.4111330684826995, 0.41113306848269937, 0.6320810074666062, 0.7359793475363287, 0.8677289899502034, 1.0371345139373196, 1.0371345139373196, 1.0371345139373196, 1.089520261399484, 1.089520261399484, 1.089520261399484, 1.089520261399484, 1.089520261399484, 1.089520261399484, 1.089520261399484, 1.089520261399484, 1.089520261399484, 1.089520261399484, 1.859419264179007], [0.0, 0.2479225685572009, 0.4958451371144019, 0.8057483478109031, 0.9521646916369038, 1.0013279183164725, 1.0013279183164725, 1.0445163474067793, 1.0806694221638733, 1.0806694221638733, 1.0806694221638733, 1.1841385054122682, 1.1841385054122682, 1.1841385054122682, 1.1841385054122682, 1.1841385054122682, 1.1841385054122682, 1.1841385054122682, 1.7963696724226894, 1.5232617634536754]], "NNNN": [[0.0, 0.3718838528358014, 0.5680619684506261, 0.5680619684506261, 0.5680619684506261, 0.6351125884439703, 0.6351125884439703, 0.6351125884439703, 0.6351125884439703, 0.6351125884439703, 0.6351125884439703, 0.6351125884439703, 0.6351125884439703, 0.6351125884439703, 0.6351125884439703, 0.6351125884439703, 0.6351125884439703, 0.6351125884439703, 1.2082251445819192, 1.8645771638631639], [0.0, 0.1859419264179007, 0.1859419264179007, 0.1859419264179007, 0.1859419264179007, 0.1859419264179007, 0.1859419264179007, 0.1859419264179007, 0.1859419264179007, 0.1859419264179007, 0.1859419264179007, 0.1859419264179007, 0.1859419264179007, 0.1859419264179007, 0.1859419264179007, 0.1859419264179007, 0.1859419264179007, 0.1859419264179007, 0.1859419264179007, 1.6031314356595967], [0.0, 0.4111330684826995, 0.6320810074666063, 0.8677289899502034, 0.8677289899502034, 0.8677289899502034, 0.8677289899502034, 0.8677289899502034, 0.8677289899502034, 0.8677289899502034, 0.8677289899502034, 0.8677289899502034, 0.8677289899502034, 0.8677289899502034, 0.8677289899502034, 0.8677289899502034, 0.8677289899502034, 0.8677289899502034, 0.8677289899502034, 2.369087925763837], [0.0, 0.484084290180956, 0.6072837886853231, 0.5578257792537021, 0.5680619684506261, 0.5680619684506261, 0.6351125884439703, 0.6351125884439703, 0.6351125884439703, 0.6351125884439703, 0.6351125884439703, 0.6351125884439703, 0.6351125884439703, 0.6351125884439703, 0.6351125884439703, 0.6351125884439703, 0.6351125884439703, 0.6351125884439703, 0.6351125884439703, 1.6584889508224046]], "SSSS": [[0.0, 0.27718585822512665, 0.3718838528358014, 0.5578257792537021, 0.9297096320895035, 0.5578257792537021, 0.7437677056716028, 0.9297096320895035, 0.9297096320895035, 0.9297096320895035, 0.9297096320895035, 0.9297096320895035, 0.9297096320895035, 0.9297096320895035, 0.9297096320895035, 0.9276413099900197, 0.9276413099900197, 0.9276413099900197, 0.968168580361912, 1.9843487596690255], [0.0, 0.0, 0.0, 0.0, 0.0, 0.0, 0.0, 0.0, 0.0, 0.0, 0.0, 0.0, 0.0, 0.0, 0.3718838528358014, 0.5578257792537021, 0.5578257792537021, 0.5578257792537021, 0.5578257792537021, 0.9297096320895035], [0.0, 0.1859419264179007, 0.3718838528358014, 0.5578257792537021, 0.7437677056716028, 0.9297096320895035, 0.9297096320895035, 0.9297096320895035, 0.9297096320895035, 0.9297096320895035, 0.9297096320895035, 0.9297096320895035, 0.9297096320895035, 1.3859292911256331, 1.3859292911256331, 1.3859292911256331, 1.3859292911256331, 1.3859292911256331, 1.859419264179007, 0.0], [0.0, 0.1859419264179007, 0.18594192641790067, 0.5578257792537021, 0.5578257792537021, 0.0, 0.7437677056716028, 0.9297096320895035, 0.9297096320895035, 0.9297096320895035, 0.9297096320895035, 0.9297096320895035, 0.9297096320895035, 0.9297096320895035, 0.968168580361912, 0.9297096320895035, 0.9276413099900197, 0.9276413099900197, 0.9276413099900197, 0.9297096320895035]]}