{"CCCC": [[0.0, 0.18594192641790067, 0.39686975193380514, 0.568061968450626, 0.746345764374663, 0.9276413099900197, 0.9297096320895035, 0.9297096320895035, 0.9297096320895035, 0.9297096320895035, 0.968168580361912, 0.7039647718458644, 1.038984889206768, 1.136123936901252, 1.136123936901252, 1.136123936901252, 1.1578939502389671, 1.1578939502389671, 1.1578939502389671, 1.1578939502389671], [0.0, 0.6351125884439703, 0.7437677056716028, 0.9214084870457838, 0.9621983163568727, 0.9621983163568727, 0.9521646916369038, 0.9621983163568727, 0.9780380360701727, 0.9521646916369038, 1.4614819875728884, 1.4456245709035251, 1.4456245709035251, 1.473263045080545, 1.4719586950726575, 1.784568967566118, 1.784568967566118, 1.784568967566118, 1.784568967566118, 1.784568967566118], [0.0, 0.2479225685572009, 0.3036418943426615, 0.4958451371144018, 0.6675519455443151, 0.8765386471799176, 1.0165581144233715, 0.7565701553722562, 0.8765386471799176, 1.222449344553794, 0.6320810074666062, 1.233399205448098, 1.2717364506846538, 1.3351038910886301, 1.420154921126565, 1.3351038910886301, 1.3351038910886301, 1.3351038910886301, 1.3351038910886301, 1.7629107748266788], [0.0, 0.2479225685572009, 0.39686975193380514, 0.568061968450626, 0.7937395038676103, 0.9276413099900197, 0.9621983163568728, 0.9297096320895035, 0.9276413099900197, 1.2396128427860047, 0.968168580361912, 0.968168580361912, 1.136123936901252, 1.136123936901252, 1.136123936901252, 1.136123936901252, 1.1578939502389671, 1.1578939502389671, 1.1578939502389671, 1.4416329629971705]], "NNNN": [[0.0, 0.39686975193380514, 0.4958451371144018, 0.6320810074666063, 0.6675519455443151, 0.6675519455443151, 0.6675519455443151, 0.6675519455443151, 0.6675519455443151, 0.49970391233209294, 0.4958451371144019, 0.5403347110819366, 0.5403347110819366, 0.5403347110819366, 0.5403347110819366, 0.5403347110819366, 0.5403347110819366, 0.5403347110819366, 0.5403347110819366, 0.5403347110819366], [0.0, 0.46382065499500985, 1.0536709163681042, 0.5578257792537021, 0.5578257792537021, 0.7565701553722562, 0.7565701553722562, 0.6320810074666062, 1.2224493445537938, 1.2224493445537938, 1.2941938031067832, 1.387314528144213, 1.2941938031067832, 1.2941938031067832, 1.2941938031067832, 1.2941938031067832, 1.2941938031067832, 1.2941938031067832, 1.2941938031067832, 1.2941938031067832], [0.0, 0.4958451371144019, 0.5578257792537021, 0.5403347110819366, 0.6470969015533916, 0.6789639165669998, 0.6789639165669998, 0.6789639165669998, 0.6789639165669998, 1.3307808234266079, 1.4255547692039052, 1.492691528749326, 1.492691528749326, 1.492691528749326, 1.492691528749326, 1.492691528749326, 1.492691528749326, 1.492691528749326, 1.492691528749326, 1.492691528749326], [0.0, 0.39686975193380514, 0.39686975193380514, 0.49970391233209294, 0.6320810074666063, 0.6675519455443151, 0.6675519455443151, 0.6675519455443151, 0.4958451371144018, 1.089520261399484, 1.1087434329005066, 0.5578257792537021, 0.5847242084949109, 0.5403347110819366, 0.5403347110819366, 0.5403347110819366, 0.5403347110819366, 0.5403347110819366, 0.5403347110819366, 0.5403347110819366]], "SSSS": [[0.0, 0.3718838528358014, 0.5714332856948394, 0.7961557636543241, 1.4255547692039057, 1.4402999687565088, 1.7131790332595132, 1.7705212791717584, 1.8271153220308782, 2.026492141608252, 1.6351616433857543, 1.6031314356595967, 1.6031314356595967, 1.6031314356595967, 1.6031314356595967, 1.6031314356595967, 1.6031314356595967, 1.6031314356595967, 1.6031314356595967, 1.6031314356595967], [0.0, 0.0, 0.18594192641790067, 0.18594192641790067, 0.2479225685572009, 0.41113306848269937, 1.1428665713896788, 1.2098138699816599, 1.3873145281442132, 1.4719586950726573, 1.5482759443975096, 1.3983470241681784, 1.4614819875728884, 1.5495160534825059, 1.5182094717133072, 1.5495160534825059, 1.5182094717133072, 1.5495160534825059, 1.5182094717133072, 1.2396128427860047], [0.0, 0.4338644949751016, 0.4338644949751016, 0.6470969015533916, 0.7741379721987548, 0.9276413099900197, 1.1173719165971552, 1.182515285313471, 1.4614819875728884, 1.574113083612483, 1.4939777776125052, 1.6221886450101912, 1.4079295436917287, 1.452252870542868, 1.452252870542868, 1.452252870542868, 1.452252870542868, 1.452252870542868, 1.452252870542868, 1.452252870542868], [0.9297096320895035, 0.3337759727721574, 0.5578257792537021, 0.7437677056716028, 1.0806694221638733, 1.1776322006467046, 1.4402999687565088, 1.7705212791717584, 1.8271153220308782, 1.7629107748266786, 1.538319082635329, 1.6734773377611065, 1.6031314356595967, 1.6031314356595967, 1.6031314356595967, 1.6031314356595967, 1.6031314356595967, 1.6031314356595967, 1.6031314356595967, 1.420154921126565]]}