{"CCCC": [278.56000000000006, 286.86, 291.96, 279.16], "NNNN": [280.78000000000003, 266.98, 282.78000000000003, 280.38], "SSSS": [269.32, 266.02, 256.62, 267.71999999999997]}