{"CCCC": [8.668865296911699, 19.33354570936227, 16.311199605669714, 10.199754127232673], "NNNN": [15.875564438469581, 15.756181435868273, 15.445794891814407, 16.398466240475052], "SSSS": [16.028730926183773, 24.908819451431235, 21.770283887538064, 16.306262376890665]}