{"CCCC": [[0.7039647718458644, 0.6675519455443151, 0.8787272614412278, 1.0895202613994839, 1.336541806304614, 1.336541806304614, 1.336541806304614, 1.3060131699182822, 1.336541806304614, 1.336541806304614, 1.336541806304614, 1.336541806304614, 1.336541806304614, 1.336541806304614, 1.336541806304614, 1.336541806304614, 1.336541806304614, 1.336541806304614, 1.336541806304614, 1.336541806304614], [0.46382065499500985, 0.6228977444171715, 0.7937395038676103, 1.0165581144233713, 1.1087434329005066, 1.1087434329005066, 1.1087434329005066, 1.0895202613994839, 1.1087434329005066, 1.1087434329005066, 1.1087434329005066, 1.1087434329005066, 1.1087434329005066, 1.1087434329005066, 1.1087434329005066, 1.1087434329005066, 1.1087434329005066, 1.1087434329005066, 1.1087434329005066, 1.1087434329005066], [0.5714332856948394, 0.39686975193380514, 0.7741379721987549, 0.8852606395858792, 1.0445163474067793, 1.233399205448098, 1.233399205448098, 1.233399205448098, 1.233399205448098, 1.233399205448098, 1.233399205448098, 1.233399205448098, 1.233399205448098, 1.233399205448098, 1.233399205448098, 1.233399205448098, 1.233399205448098, 1.233399205448098, 1.233399205448098, 1.233399205448098], [0.39686975193380514, 0.5578257792537021, 0.8407463351094671, 1.1694484169898218, 1.336541806304614, 1.336541806304614, 1.3060131699182822, 1.336541806304614, 1.3060131699182822, 1.336541806304614, 1.336541806304614, 1.336541806304614, 1.336541806304614, 1.336541806304614, 1.336541806304614, 1.336541806304614, 1.336541806304614, 1.336541806304614, 1.336541806304614, 1.336541806304614]], "NNNN": [[0.1859419264179007, 0.28403098422531303, 0.49970391233209294, 0.7228122854517625, 0.9780380360701725, 1.245795488834343, 1.3074830782843807, 1.3914619649850297, 1.3914619649850297, 1.3914619649850297, 1.3914619649850297, 1.3914619649850297, 1.3914619649850297, 1.3914619649850297, 1.3914619649850297, 1.3914619649850297, 1.3914619649850297, 1.3914619649850297, 1.3914619649850297, 1.3914619649850297], [0.1859419264179007, 0.39686975193380514, 0.6675519455443151, 0.9621983163568725, 1.2837625948749247, 1.4147344627172973, 1.4147344627172973, 1.4147344627172973, 1.4147344627172973, 1.4147344627172973, 1.4147344627172973, 1.4147344627172973, 1.4147344627172973, 1.4147344627172973, 1.4147344627172973, 1.4147344627172973, 1.4147344627172973, 1.4147344627172973, 1.4147344627172973, 1.4147344627172973], [0.1859419264179007, 0.3036418943426615, 0.5578257792537021, 0.8315575746753799, 1.029699762066594, 1.245795488834343, 1.3074830782843807, 1.245795488834343, 1.245795488834343, 1.245795488834343, 1.245795488834343, 1.245795488834343, 1.245795488834343, 1.245795488834343, 1.245795488834343, 1.245795488834343, 1.245795488834343, 1.245795488834343, 1.245795488834343, 1.245795488834343], [0.0, 0.39686975193380514, 0.4958451371144018, 0.7228122854517625, 1.1017919948883275, 1.245795488834343, 1.3074830782843807, 1.3074830782843807, 1.3914619649850297, 1.3914619649850297, 1.3914619649850297, 1.3914619649850297, 1.3914619649850297, 1.3914619649850297, 1.3914619649850297, 1.3914619649850297, 1.3914619649850297, 1.3914619649850297, 1.3914619649850297, 1.3914619649850297]], "SSSS": [[0.2479225685572009, 0.3718838528358014, 0.6351125884439703, 0.7937395038676103, 0.9621983163568725, 0.9621983163568725, 0.9621983163568725, 0.9621983163568725, 1.0824453796843516, 1.301593484925305, 1.434955609069493, 1.434955609069493, 1.434955609069493, 1.434955609069493, 1.434955609069493, 1.434955609069493, 1.5544665966176308, 1.7321344058703991, 1.7321344058703991, 2.1613388443277466], [0.1859419264179007, 0.39686975193380514, 0.6351125884439703, 0.7437677056716028, 0.8787272614412279, 1.029699762066594, 1.029699762066594, 1.029699762066594, 1.1495696586114301, 1.2473363620130697, 1.4939777776125054, 1.4939777776125054, 1.4939777776125054, 1.4939777776125054, 1.4939777776125054, 1.4939777776125054, 1.5131403107445125, 1.7920874978638741, 1.7920874978638741, 1.7920874978638741], [0.0, 0.3099032106965012, 0.6198064213930023, 0.8787272614412279, 1.1776322006467046, 1.4784689377866551, 1.4133760999818838, 1.7748554870749336, 1.8480212119994728, 1.8480212119994728, 1.7748554870749336, 1.8480212119994728, 1.7748554870749336, 1.8480212119994728, 1.7748554870749336, 1.9688002438033172, 1.9688002438033172, 1.9688002438033172, 1.9688002438033172, 2.3429994451557175], [0.0, 0.49970391233209294, 0.5578257792537021, 0.7937395038676103, 0.9621983163568725, 0.9621983163568725, 0.9521646916369038, 0.9621983163568725, 1.0824453796843516, 1.301593484925305, 1.434955609069493, 1.434955609069493, 1.434955609069493, 1.434955609069493, 1.434955609069493, 1.434955609069493, 1.492691528749326, 1.7321344058703991, 1.7321344058703991, 1.7321344058703991]]}