{"CCCC": [289.82, 301.41999999999996, 291.21999999999997, 290.02], "NNNN": [290.4, 292.3, 291.0, 289.9], "SSSS": [271.54, 266.34000000000003, 282.23999999999995, 271.54]}