{"CCCC": [291.26, 324.36, 299.06, 291.76], "NNNN": [268.96, 281.65999999999997, 268.96, 269.26], "SSSS": [255.24, 270.84000000000003, 261.64, 257.14]}