{"CC": [[0.1048, 0.14029850746268654, 0.14890510948905109, 0.15642857142857142, 0.16013986013986015, 0.15244755244755245, 0.16180555555555556, 0.15594405594405594, 0.1625, 0.16422764227642275, 0.1575539568345324, 0.15579710144927536, 0.15755395683453235, 0.15434782608695652, 0.16014492753623188, 0.1572463768115942, 0.16521739130434784, 0.1681159420289855, 0.163768115942029, 0.1578125], [0.1223880597014925, 0.1706766917293233, 0.17318840579710146, 0.17304964539007092, 0.17062937062937064, 0.1701388888888889, 0.17272727272727273, 0.16944444444444445, 0.17132867132867133, 0.17291666666666666, 0.1772357723577236, 0.17022900763358778, 0.17045454545454544, 0.17205882352941174, 0.17318840579710146, 0.17391304347826086, 0.17391304347826086, 0.17391304347826086, 0.17391304347826086, 0.17391304347826086]], "CN": [[0.10551181102362203, 0.15227272727272728, 0.1689922480620155, 0.17307692307692307, 0.1736842105263158, 0.1696969696969697, 0.1671641791044776, 0.17857142857142855, 0.1725925925925926, 0.18333333333333335, 0.1664179104477612, 0.1744186046511628, 0.18549618320610686, 0.17786259541984734, 0.1801526717557252, 0.17862595419847327, 0.18549618320610686, 0.1816793893129771, 0.17709923664122135, 0.18015873015873013], [0.10232558139534884, 0.15851851851851853, 0.16249999999999998, 0.17218045112781952, 0.17388059701492536, 0.17720588235294119, 0.17925925925925923, 0.17883211678832114, 0.175, 0.17753623188405798, 0.18015873015873013, 0.18, 0.18045112781954886, 0.1819548872180451, 0.18421052631578946, 0.1827067669172932, 0.18646616541353384, 0.18796992481203006, 0.1857142857142857, 0.18421052631578946]], "CS": [[0.10826771653543306, 0.13684210526315788, 0.16028368794326242, 0.14791666666666667, 0.1564625850340136, 0.15202702702702703, 0.15302013422818792, 0.15838926174496643, 0.15298013245033112, 0.14375, 0.14930555555555555, 0.14794520547945203, 0.15564516129032258, 0.16363636363636364, 0.14728682170542634, 0.15474452554744525, 0.1476923076923077, 0.14714285714285713, 0.15298507462686564, 0.15555555555555559], [0.10640000000000001, 0.16392857142857148, 0.15217391304347827, 0.16760563380281687, 0.16394557823129252, 0.15894039735099336, 0.15733333333333335, 0.15986842105263158, 0.15866666666666668, 0.1657142857142857, 0.15546218487394958, 0.16999999999999998, 0.15793650793650793, 0.16097560975609757, 0.1643410852713178, 0.15725806451612903, 0.16171875000000002, 0.1528, 0.15653846153846154, 0.16153846153846152]], "NC": [[0.10400000000000001, 0.11417910447761193, 0.15259259259259259, 0.14782608695652177, 0.1407142857142857, 0.15703124999999998, 0.15514705882352942, 0.16231884057971013, 0.14892086330935253, 0.15, 0.1621212121212121, 0.15735294117647058, 0.1534351145038168, 0.15833333333333333, 0.15413533834586465, 0.16492537313432834, 0.15669291338582675, 0.1590909090909091, 0.16, 0.1540983606557377], [0.1148148148148148, 0.1583941605839416, 0.15915492957746477, 0.16453900709219862, 0.16573426573426572, 0.16275862068965516, 0.16814814814814813, 0.1690140845070423, 0.1703448275862069, 0.1675862068965517, 0.1672, 0.16829268292682928, 0.1666666666666667, 0.16762589928057556, 0.16785714285714287, 0.16737588652482271, 0.16549295774647887, 0.1734848484848485, 0.17028985507246377, 0.16739130434782612]], "NN": [[0.1016, 0.12983870967741934, 0.16799999999999998, 0.17142857142857146, 0.1880952380952381, 0.20081967213114754, 0.17886178861788618, 0.192, 0.190625, 0.1821917808219178, 0.1596330275229358, 0.17428571428571427, 0.193, 0.16857142857142857, 0.17300000000000001, 0.175, 0.18476190476190474, 0.198, 0.1852941176470588, 0.1847058823529412], [0.1024, 0.17209302325581394, 0.18671875000000002, 0.18914728682170542, 0.19206349206349205, 0.19444444444444445, 0.1959016393442623, 0.1951219512195122, 0.1976, 0.19296875, 0.20273972602739726, 0.18829787234042555, 0.18947368421052632, 0.179, 0.191, 0.18409090909090908, 0.192, 0.1838095238095238, 0.18947368421052632, 0.18834951456310678]], "NS": [[0.10319999999999999, 0.13203125000000002, 0.16511627906976745, 0.16692307692307692, 0.17538461538461536, 0.17600000000000002, 0.172, 0.1646153846153846, 0.16560000000000002, 0.168, 0.1691666666666667, 0.16434782608695656, 0.17545454545454545, 0.16782608695652174, 0.198, 0.1733333333333333, 0.17714285714285716, 0.1790909090909091, 0.17619047619047618, 0.175], [0.10479999999999998, 0.18267716535433073, 0.18461538461538465, 0.18230769230769228, 0.18625954198473282, 0.18854961832061068, 0.1880952380952381, 0.19583333333333333, 0.18159999999999998, 0.1904, 0.19, 0.1932038834951456, 0.18818181818181817, 0.19238095238095235, 0.19017857142857142, 0.18857142857142858, 0.18636363636363634, 0.18999999999999997, 0.19130434782608696, 0.1909090909090909]], "SC": [[0.10479999999999998, 0.12923076923076923, 0.16148148148148148, 0.15539568345323743, 0.149645390070922, 0.15642857142857142, 0.16323529411764706, 0.1561151079136691, 0.16423357664233576, 0.1511111111111111, 0.15, 0.16464646464646462, 0.15619047619047616, 0.1679245283018868, 0.15849056603773584, 0.1638888888888889, 0.16320754716981134, 0.15794392523364484, 0.1607476635514019, 0.1588785046728972], [0.11785714285714287, 0.14722222222222223, 0.1619718309859155, 0.16000000000000003, 0.1627586206896552, 0.16027397260273973, 0.1627586206896552, 0.1595744680851064, 0.16689655172413795, 0.16760563380281693, 0.18210526315789477, 0.18230088495575222, 0.1673076923076923, 0.1747663551401869, 0.16991150442477881, 0.17523809523809522, 0.17358490566037735, 0.16788990825688072, 0.16666666666666666, 0.1878787878787879]], "SN": [[0.10400000000000001, 0.1373015873015873, 0.16953125000000002, 0.16846153846153844, 0.17099236641221371, 0.16796875, 0.17265625, 0.17218045112781952, 0.16992481203007517, 0.153448275862069, 0.15436893203883495, 0.16363636363636366, 0.14731182795698927, 0.17945205479452056, 0.17124999999999996, 0.16986301369863013, 0.16235294117647056, 0.17808219178082194, 0.16375, 0.15396825396825395], [0.10396825396825397, 0.17480314960629917, 0.1921875, 0.1883720930232558, 0.18931297709923664, 0.18484848484848485, 0.1821705426356589, 0.1821705426356589, 0.18134328358208954, 0.18656716417910446, 0.17288135593220338, 0.17500000000000002, 0.17341772151898732, 0.17530864197530863, 0.1773809523809524, 0.18421052631578946, 0.17974683544303796, 0.1813953488372093, 0.1783783783783784, 0.17341772151898732]], "SS": [[0.1024, 0.13203125000000002, 0.16590909090909087, 0.16893939393939394, 0.158955223880597, 0.17500000000000002, 0.16640625, 0.17109374999999996, 0.1546875, 0.16304347826086954, 0.16111111111111112, 0.16, 0.16338028169014082, 0.18545454545454543, 0.18035714285714283, 0.17076923076923073, 0.2, 0.18000000000000002, 0.16231884057971013, 0.172], [0.1016, 0.18203124999999998, 0.17936507936507937, 0.18702290076335876, 0.18702290076335876, 0.18721804511278195, 0.18359374999999997, 0.18359374999999997, 0.18359374999999997, 0.18188976377952756, 0.18297872340425536, 0.18437499999999998, 0.18799999999999997, 0.17027027027027022, 0.1890909090909091, 0.17230769230769233, 0.19833333333333336, 0.19999999999999998, 0.17800000000000002, 0.16981132075471697]]}