{"CC": [[0.11120000000000001, 0.15153846153846157, 0.16492537313432834, 0.17080291970802916, 0.15071428571428575, 0.15422535211267605, 0.15985915492957745, 0.16293706293706292, 0.16549295774647887, 0.16853146853146855, 0.1647887323943662, 0.16503496503496506, 0.16619718309859158, 0.16503496503496504, 0.16760563380281693, 0.16713286713286712, 0.16056338028169015, 0.17112676056338028, 0.1619718309859155, 0.1639344262295082], [0.12201257861635222, 0.13552631578947366, 0.15098039215686274, 0.14838709677419354, 0.14713375796178343, 0.15157232704402515, 0.15341614906832296, 0.14625, 0.1527950310559006, 0.1475, 0.15403726708074533, 0.14812499999999998, 0.15527950310559005, 0.15125, 0.15375, 0.1540880503144654, 0.15562499999999999, 0.155, 0.15562499999999999, 0.15789473684210525]], "CN": [[0.1176, 0.17142857142857146, 0.18828124999999998, 0.18682170542635657, 0.1889763779527559, 0.18778625954198475, 0.18076923076923077, 0.1803030303030303, 0.1885496183206107, 0.18120300751879698, 0.18484848484848485, 0.18796992481203006, 0.1787878787878788, 0.17969924812030075, 0.18333333333333332, 0.18345864661654135, 0.18333333333333335, 0.18345864661654135, 0.1681818181818182, 0.19333333333333333], [0.10606060606060605, 0.17328244274809157, 0.17709923664122135, 0.1888888888888889, 0.17954545454545454, 0.18106060606060603, 0.18161764705882352, 0.18, 0.17956204379562044, 0.17977941176470585, 0.18248175182481752, 0.18088235294117647, 0.1802919708029197, 0.18235294117647058, 0.18248175182481752, 0.18235294117647058, 0.18248175182481752, 0.18308823529411763, 0.19379844961240308, 0.18604651162790697]], "CS": [[0.1176, 0.16190476190476188, 0.19055118110236222, 0.1890625, 0.18992248062015504, 0.18769230769230769, 0.18384615384615383, 0.18846153846153846, 0.1923076923076923, 0.18692307692307691, 0.1923076923076923, 0.1923076923076923, 0.18615384615384614, 0.1923076923076923, 0.1923076923076923, 0.18692307692307691, 0.19153846153846152, 0.19153846153846152, 0.18615384615384614, 0.165], [0.10923076923076921, 0.17890625000000002, 0.1921875, 0.18992248062015504, 0.19076923076923077, 0.18854961832061068, 0.1856060606060606, 0.1871212121212121, 0.18106060606060603, 0.1893939393939394, 0.1856060606060606, 0.1856060606060606, 0.1893939393939394, 0.1856060606060606, 0.1856060606060606, 0.18484848484848485, 0.1856060606060606, 0.1856060606060606, 0.1856060606060606, 0.18749999999999997]], "NC": [[0.1036, 0.13333333333333333, 0.17040000000000005, 0.1784, 0.1814516129032258, 0.18536585365853658, 0.17886178861788618, 0.1878048780487805, 0.1772357723577236, 0.18211382113821137, 0.1772357723577236, 0.191869918699187, 0.1902439024390244, 0.1869918699186992, 0.19105691056910568, 0.18455284552845527, 0.18536585365853658, 0.18211382113821137, 0.175609756097561, 0.1942857142857143], [0.1267605633802817, 0.15808823529411764, 0.17185185185185184, 0.1744360902255639, 0.17954545454545454, 0.18257575757575756, 0.1801526717557252, 0.18396946564885497, 0.18396946564885497, 0.18320610687022898, 0.18549618320610686, 0.18549618320610686, 0.1847328244274809, 0.18549618320610686, 0.18931297709923664, 0.18854961832061068, 0.18931297709923664, 0.18854961832061068, 0.19007633587786257, 0.19083969465648853]], "NN": [[0.10640000000000001, 0.1336, 0.16015624999999997, 0.1795275590551181, 0.17751937984496122, 0.17109374999999996, 0.18372093023255812, 0.18203125, 0.17906976744186046, 0.1890625, 0.19140625, 0.19166666666666668, 0.188, 0.19416666666666668, 0.19333333333333333, 0.19166666666666668, 0.195, 0.18333333333333335, 0.18583333333333332, 0.1711111111111111], [0.11832061068702289, 0.1765151515151515, 0.18396946564885494, 0.1819548872180451, 0.1818181818181818, 0.18721804511278195, 0.18257575757575759, 0.18646616541353384, 0.18409090909090908, 0.18636363636363637, 0.18396946564885497, 0.1871212121212121, 0.1935483870967742, 0.19147286821705425, 0.1935483870967742, 0.18951612903225806, 0.1935483870967742, 0.1935483870967742, 0.19274193548387097, 0.1935483870967742]], "NS": [[0.1, 0.1352, 0.16111111111111112, 0.1779527559055118, 0.16962962962962963, 0.16956521739130434, 0.17173913043478262, 0.16642857142857145, 0.17226277372262774, 0.17028985507246377, 0.1647482014388489, 0.1748201438848921, 0.16762589928057556, 0.1654676258992806, 0.16762589928057556, 0.17194244604316547, 0.1748201438848921, 0.16762589928057553, 0.17194244604316547, 0.17435897435897438], [0.10393700787401575, 0.1888, 0.17661290322580642, 0.17954545454545454, 0.1816793893129771, 0.17164179104477612, 0.1727941176470588, 0.17185185185185184, 0.1713235294117647, 0.1708955223880597, 0.17111111111111107, 0.16985294117647057, 0.1727941176470588, 0.17426470588235293, 0.1691176470588235, 0.17426470588235293, 0.1764705882352941, 0.1764705882352941, 0.17573529411764705, 0.17886178861788618]], "SC": [[0.11217391304347828, 0.12578125, 0.15615384615384617, 0.13602941176470587, 0.1510791366906475, 0.15035971223021585, 0.15037037037037038, 0.15511811023622046, 0.1593984962406015, 0.1462686567164179, 0.14806201550387596, 0.15312499999999998, 0.15572519083969466, 0.14365079365079367, 0.1573770491803279, 0.1467741935483871, 0.1504, 0.15158730158730158, 0.15371900826446283, 0.12], [0.12484076433121018, 0.136, 0.13885350318471337, 0.1458064516129032, 0.14904458598726114, 0.15374149659863945, 0.1593103448275862, 0.15197368421052632, 0.15723684210526315, 0.16388888888888892, 0.16524822695035463, 0.15405405405405403, 0.16083916083916086, 0.16642857142857145, 0.15743243243243243, 0.15906040268456376, 0.1610738255033557, 0.16906474820143885, 0.1604026845637584, 0.15878378378378377]], "SN": [[0.11166666666666668, 0.14239999999999997, 0.16060606060606059, 0.17230769230769227, 0.17557251908396945, 0.1744360902255639, 0.17142857142857143, 0.1744360902255639, 0.1827067669172932, 0.16842105263157892, 0.1669172932330827, 0.18421052631578946, 0.1781954887218045, 0.17894736842105263, 0.17669172932330826, 0.17593984962406015, 0.181203007518797, 0.17669172932330826, 0.1640625, 0.11], [0.10234375, 0.1716535433070866, 0.17633587786259539, 0.1751824817518248, 0.17720588235294119, 0.1791044776119403, 0.18222222222222223, 0.18518518518518517, 0.18148148148148147, 0.18518518518518517, 0.18518518518518517, 0.1837037037037037, 0.1837037037037037, 0.18518518518518517, 0.1837037037037037, 0.18148148148148147, 0.1837037037037037, 0.18518518518518517, 0.18518518518518517, 0.1846153846153846]], "SS": [[0.10166666666666667, 0.14479999999999998, 0.1884297520661157, 0.1891666666666667, 0.19669421487603309, 0.18916666666666665, 0.19833333333333336, 0.19, 0.2, 0.2, 0.18833333333333335, 0.20166666666666666, 0.20416666666666666, 0.1875, 0.19416666666666668, 0.1975, 0.1875, 0.19166666666666668, 0.19166666666666668, 0], [0.0992063492063492, 0.18048780487804877, 0.18253968253968256, 0.1918032786885246, 0.19083333333333333, 0.19586776859504132, 0.19421487603305784, 0.19586776859504135, 0.19669421487603309, 0.19586776859504132, 0.19586776859504132, 0.19669421487603309, 0.19669421487603309, 0.19421487603305784, 0.19669421487603309, 0.19421487603305784, 0.19834710743801653, 0.19834710743801653, 0.19834710743801653, 0.201]]}