{"CC": [[0.2843756698453649, 0.2718965803389222, 0.3100519285539118, 0.3737592037662752, 0.40999152381482223, 0.45314165732141654, 0.4307498559489022, 0.4506465825899494, 0.43340382277963335, 0.4351508998037348, 0.4351729697488112, 0.4325298583913023, 0.43340382277963335, 0.4351508998037348, 0.4351508998037348, 0.4351508998037348, 0.4567094411110852, 0.4567094411110852, 0.7470531707984375, 0.8372550149148117], [0.41854146747962706, 0.4039502464413163, 0.4181925374752641, 0.396075217098975, 0.40871522408640476, 0.4113712697795022, 0.41945831735704076, 0.4181006653905252, 0.42932054038911316, 0.4463079672154644, 0.41980161981583614, 0.41980161981583614, 0.41980161981583614, 0.41980161981583614, 0.41980161981583614, 0.41980161981583614, 0.41980161981583614, 0.4392280847122599, 0.4392280847122599, 0.7137710770268011]], "CN": [[0.2745329677834705, 0.2692771806150683, 0.2835639779661727, 0.32677379576704146, 0.4068640873805405, 0.4382693235899588, 0.4298213414896939, 0.46047904794898087, 0.44593338336572225, 0.4609084924364057, 0.461329210000841, 0.4494515484454356, 0.46257245745936926, 0.491659270633637, 0.49435536368082406, 0.4974540236041918, 0.497620030143482, 0.5135200000000002, 0.6814376285471772, 0.7296256311287312], [0.0390035075345795, 0.2113167253200748, 0.22247510961903147, 0.2619296363529715, 0.3134713486110016, 0.41105831021887895, 0.4342671822737703, 0.42680772064244593, 0.4466736365625356, 0.43121781781368923, 0.4487458416520427, 0.4487458416520427, 0.4344440695877896, 0.45010067496061384, 0.48200062406598604, 0.4846355150007065, 0.48803606424115803, 0.49218640208766434, 0.4945845529330653, 0.7160709182755577]], "CS": [[0.2848683176486988, 0.24526641514891512, 0.4040643513105309, 0.5882449489795899, 0.674931912417838, 0.6837113823829469, 0.7101450837680987, 0.7070440223918171, 0.7131249304294444, 0.7221848671912198, 0.7237789319951222, 0.7257057155624451, 0.7348405693754257, 0.7361750607022759, 0.7396137327010637, 0.7339172825325749, 0.7337419099383652, 0.7503984850730974, 0.7808060440339846, 0.5490624372509928], [0.4768724710024681, 0.5045810539447549, 0.5257186228392526, 0.5568745984510343, 0.5814927260078148, 0.6304500792291173, 0.6479749328484861, 0.6515076558260847, 0.6597256350938623, 0.6632189370034606, 0.6632189370034606, 0.6614702363674425, 0.6632189370034606, 0.6620623535589378, 0.6632189370034606, 0.6631175630308704, 0.6614353894372452, 0.6631175630308704, 0.6631175630308704, 0.3042738240466967]], "NC": [[0.1372000000000001, 0.23601525374432888, 0.30853039785408515, 0.38043695929812094, 0.4449847529972235, 0.459071164853555, 0.44891702395877137, 0.48637628067166233, 0.5037276264014117, 0.47815966538385507, 0.510729517455179, 0.502964413850523, 0.5063329118277814, 0.49197171300797393, 0.5237969362262437, 0.5473982097157423, 0.5312829378024484, 0.5625439019312182, 0.7148063838550968, 0.5378084283460056], [0.41477971792265844, 0.39939779468594977, 0.3963854689566712, 0.4389874968606738, 0.47674356041796734, 0.49353095789423373, 0.4520764537110948, 0.46386620657254163, 0.5144729326213382, 0.5313407810435784, 0.5026320546881189, 0.4954227140533629, 0.5196440181508875, 0.525397001894758, 0.5177665636172346, 0.5523445533360496, 0.5412546299109136, 0.554454865971974, 0.5850000806837548, 0.7239169189900179]], "NN": [[0.21358604823349303, 0.2223973920710401, 0.2858846620579704, 0.2711537984244367, 0.358304940518548, 0.3933451919116337, 0.41122182626898607, 0.4379361122355638, 0.4514769699552791, 0.4667105312717938, 0.48080362061864695, 0.49498828915440035, 0.46804209041495376, 0.4984106965144307, 0.5115975465148362, 0.5232686117091302, 0.5483623254746811, 0.5641804760889905, 0.6481172042154106, 0.41334629549567775], [0.0, 0.15772825238364874, 0.21698536724857723, 0.2643893976694228, 0.2678467472268425, 0.38074481953140227, 0.3696614039901921, 0.4028789416189438, 0.4549353800266583, 0.43947291156566176, 0.476384844427276, 0.4817614613063188, 0.4969092874962189, 0.4791829229010568, 0.4931416088711233, 0.49694407572683685, 0.5169200417859615, 0.5336241733654875, 0.556346612823337, 0.651531241307737]], "NS": [[0.21358604823349303, 0.35603010209812347, 0.43242326486904004, 0.524093884719141, 0.585380833304268, 0.5504041555075686, 0.5467346135009198, 0.5519375312478763, 0.5547042397530417, 0.5615699293943721, 0.5663823500074843, 0.571228205185983, 0.6062549628662852, 0.563891012164585, 0.5605737061261438, 0.5578120056076245, 0.5578120056076245, 0.5541499233961874, 0.5233603729744927, 0.1372000000000001], [0.4731482220192742, 0.45612025782681453, 0.4676602715647332, 0.484179510512372, 0.5090569414122552, 0.5269302435806853, 0.5217982368693862, 0.5263466781504376, 0.5382832325086863, 0.5462601226522035, 0.5437754992641722, 0.5351769143003089, 0.5351769143003089, 0.5351769143003089, 0.5277607094128932, 0.5209730142723322, 0.5210946693260252, 0.5210946693260252, 0.5174511362438005, 0.3064377104731074]], "SC": [[0.28045812521658176, 0.23698175119616288, 0.31288869330801955, 0.38377480688549614, 0.42345073101837954, 0.4493959875210279, 0.46074176541746226, 0.4657176122931147, 0.4683538832976622, 0.47178221924951724, 0.49078337380151743, 0.480399958368025, 0.4876383889728126, 0.5062115036227445, 0.5369505764965712, 0.5296027356424815, 0.5768496774723899, 0.6256668762208851, 0.6902400961984168, 0.19501753767289767], [0.4044397191176949, 0.40799555095613477, 0.37291543277263295, 0.3869647611863385, 0.45292542432502064, 0.4329781518737407, 0.4540436349074834, 0.48679077066025006, 0.4844650592148003, 0.5063442923545199, 0.48918003393433795, 0.48918003393433795, 0.5029949645871219, 0.4817933565336906, 0.5040516417987347, 0.5258647491513384, 0.5363206130664753, 0.6120066653231809, 0.6326004375591279, 0.7430933604870924]], "SN": [[0.2520029555382236, 0.12647696391042917, 0.2216100503136082, 0.27052970557777944, 0.3511136363059687, 0.3825717166754488, 0.37214717733713926, 0.3894979147569343, 0.3894979147569343, 0.3894979147569343, 0.3894979147569343, 0.3894979147569343, 0.3894979147569343, 0.4016613419287452, 0.4242664370416309, 0.4347976283283986, 0.45449606554952726, 0.49699045624639493, 0.5841293267761862, 0.346620888003017], [0.0, 0.19477114776064755, 0.20075414217395382, 0.215920489069472, 0.27001801125110164, 0.3565853592058988, 0.3608742717346303, 0.3725856379411316, 0.3785388751502278, 0.3635469796326194, 0.38995627242038294, 0.37711031595542477, 0.38995627242038294, 0.37711031595542477, 0.402153600506075, 0.4137596674399283, 0.4353847843000487, 0.4454808799488481, 0.4946816349936594, 0.5783660778434366]], "SS": [[0.16717547667047336, 0.43607247104122493, 0.5202646388137485, 0.5169757766085371, 0.49464668764684966, 0.4937138458662061, 0.48460380683605836, 0.4803999583680247, 0.4350802684562927, 0.4670026483864947, 0.46743020869430335, 0.46216118400402284, 0.4289669451134897, 0.4289669451134897, 0.4289669451134897, 0.42253799829127825, 0.4157787873376899, 0.40867292545506334, 0.26586733533851037, 0.0], [0.40596137747327593, 0.39808270698436554, 0.4048953938982269, 0.410436355114895, 0.4227924899995272, 0.42372280750509556, 0.4432331016519407, 0.43708878914929894, 0.43763776071084126, 0.42253799829127836, 0.42253799829127836, 0.42253799829127836, 0.42253799829127836, 0.42253799829127836, 0.42253799829127836, 0.42253799829127836, 0.4157787873376899, 0.40867292545506323, 0.40120199401299106, 0.13719999999999988]]}