{"CC": [[0.37523123750562154, 0.269711953016547, 0.3125938860566534, 0.35546317052544274, 0.425983353665375, 0.5091286281481331, 0.5399791107070722, 0.5747848293057156, 0.5906205604277593, 0.5907994028433002, 0.5862824916369239, 0.602899950572232, 0.620425918220701, 0.6127500449612384, 0.6138900227239406, 0.6144873518633234, 0.60912814284024, 0.6127500449612384, 0.8187335498194759, 0.6101237907179172], [0.257730684242292, 0.28440944006836333, 0.36214414588668953, 0.432871668742596, 0.5054216394259352, 0.5533174076423043, 0.5614330962812933, 0.5804082576945299, 0.5760499686659138, 0.5972406563521945, 0.5911894166847038, 0.5943552553818298, 0.5898785990354284, 0.6007839625023291, 0.6041125722909595, 0.6089862251315703, 0.5999777382536786, 0.5999777382536786, 0.5973178383406941, 0.6824938399722009]], "CN": [[0.41178195977968723, 0.33961772391911466, 0.3455608403740215, 0.3735124437016793, 0.43210777174218945, 0.49327791598651555, 0.4548340374246412, 0.47583617180706234, 0.4750160182562269, 0.5186265184118529, 0.5216104661526644, 0.5306643443835285, 0.533217270538005, 0.5306643443835285, 0.547398209715742, 0.5297224088142769, 0.5317744047996293, 0.5466959666944685, 0.731802163429434, 0.7117661132703635], [0.0, 0.25713377374432955, 0.2774352133381774, 0.3119480238757731, 0.35611101864446687, 0.4329071660298547, 0.4688416687966207, 0.48962353538203224, 0.5070721147923635, 0.5004720971243056, 0.5081051922584539, 0.49845694056758805, 0.5063139437147667, 0.5105640112659724, 0.5105640112659724, 0.5239142693227586, 0.5107295174551791, 0.50922293742525, 0.5225339414813166, 0.7234072977237651]], "CS": [[0.36140614272588123, 0.3099713819048463, 0.3567576903165509, 0.3787215040105328, 0.4312489972162252, 0.4663440978505033, 0.5061014522800737, 0.4942115806008595, 0.49943861444625987, 0.5061014522800739, 0.5073485649925501, 0.5078291539484512, 0.5102742462637123, 0.5132768126459638, 0.5164107187113763, 0.5209730142723326, 0.5269265983037863, 0.5346023509114043, 0.6829130544952265, 0.7871175515766363], [0.10465372234182596, 0.30922688369545115, 0.3164960031343208, 0.3861299491103998, 0.42701019004234564, 0.4894940587994914, 0.5183301434414173, 0.5363206130664756, 0.5243283917546332, 0.5269849197083347, 0.5277425114580028, 0.5299218040428231, 0.5280954398591227, 0.5306172873173282, 0.5323989241161177, 0.5383795701918861, 0.5467627185534873, 0.5628818348463558, 0.5667451081394528, 0.8494830842341715]], "NC": [[0.0, 0.23516733106449994, 0.24539168690075872, 0.31025010813857884, 0.40230641257628524, 0.47380136935217887, 0.5501249007270986, 0.5877516808993405, 0.5726957670526297, 0.5790332301345059, 0.5880522643439103, 0.596999398324655, 0.6029795936845628, 0.6017263843309516, 0.6180032608328213, 0.6056495144883718, 0.6106744795715638, 0.6003361938114345, 0.6314090642364897, 0.3328770199337886], [0.1844796313959891, 0.23756461352650995, 0.3365896991887899, 0.4283889279614964, 0.49697113155594874, 0.5578911994287058, 0.5669924641474521, 0.5857088696613703, 0.5789934217242888, 0.5682343896667992, 0.5790829867989561, 0.5729472590038283, 0.5706899389335686, 0.575799831886047, 0.5723032189320623, 0.5878562490949637, 0.5844975017910683, 0.5745809450373374, 0.5555346772254638, 0.5977325207816624]], "NN": [[0.2327371049059434, 0.31116504688026886, 0.25689462119709705, 0.3200506559905792, 0.3891031965944255, 0.36214414588668953, 0.4136064428898567, 0.44184416981555874, 0.46869825517063746, 0.5004106857372252, 0.4746924157809985, 0.4977782638886513, 0.5012544327983547, 0.5319188674976667, 0.5497232234497643, 0.5511888010473365, 0.5901227682440323, 0.6131856162696578, 0.6760039715859665, 0.37955236792832686], [0.09750876883644893, 0.20626613876252203, 0.31819680953774504, 0.2687130692765054, 0.3256432501987412, 0.362022134129945, 0.41140862217508284, 0.427333941549229, 0.43233885969225605, 0.4846236246820824, 0.5018671760535851, 0.46946398541315204, 0.5054026371122337, 0.5187746424026528, 0.5406048109293888, 0.530037781294881, 0.5545483942813286, 0.5464534834732047, 0.6092132775966066, 0.6296940412613099]], "NS": [[0.17099244895608667, 0.13594829016946103, 0.2895166150672532, 0.32386887223072275, 0.38644818540135534, 0.4203914442516639, 0.42460585205576207, 0.4608084634639433, 0.44720225223046434, 0.446824119313181, 0.4625101668071743, 0.4780913703467152, 0.478882191775806, 0.478882191775806, 0.48046392747010647, 0.4828288044431486, 0.49777826388865154, 0.5121379111137935, 0.6909521256932347, 0.44436273471118193], [0.1371999999999999, 0.21083442223697688, 0.24243068782643867, 0.3238451481804227, 0.3807599537766542, 0.43606806624654365, 0.4803999583680252, 0.46206142621950175, 0.47642113135334335, 0.47648563462081417, 0.4819966389924308, 0.48820920761493186, 0.4946816349936594, 0.5039144371815517, 0.5063442923545199, 0.5095095304309818, 0.5199396441895926, 0.5299834201180259, 0.5405159771921642, 0.6551913845587409]], "SC": [[0.4004160556221493, 0.25969815093681353, 0.285622508916927, 0.3645810746596698, 0.43859790241176533, 0.4701508506851814, 0.5092380252887643, 0.5255249428904399, 0.5233016476182742, 0.5210614934918908, 0.5270140779903322, 0.5267844128293852, 0.5291092514783688, 0.5410842610906363, 0.5329470307638462, 0.5397798721701282, 0.5404022486999841, 0.5148349576320548, 0.38857463427249134, 0.1950175376728978], [0.22697950920732932, 0.2683053156387327, 0.34209721191497616, 0.4359623378228907, 0.5083773024044248, 0.5432100308352195, 0.5676425297667539, 0.5744204606383729, 0.5810962040832826, 0.5837082709710388, 0.5862038566915097, 0.5823377370564266, 0.5781302330790186, 0.5816248399097137, 0.6024059282576826, 0.5958496709741476, 0.610598985914651, 0.5876732425421457, 0.5694499956976032, 0.46700264838649513]], "SN": [[0.4188855213539852, 0.25886844226363326, 0.3362756868999006, 0.3610817946116918, 0.407397209612437, 0.453620394603241, 0.46207389712036306, 0.4623938684714578, 0.47395944974227466, 0.4853958895582039, 0.4850990101, 0.49916163153832244, 0.5120478899478054, 0.5320055262870866, 0.5420206269137737, 0.552024526991329, 0.5552407060005599, 0.5571366798192341, 0.44285157965169303, 0.0], [0.09750876883644886, 0.2786441774019333, 0.3142363543576716, 0.38212963454827714, 0.4357375797426705, 0.48438179156529, 0.5028116323236763, 0.5191003664032614, 0.516875449600772, 0.5251154219788258, 0.5255578369694429, 0.5251154219788258, 0.5312829378024481, 0.532874943678158, 0.554593420804827, 0.5617067291745753, 0.5754527956314054, 0.5868850095206043, 0.5795637476585296, 0.4895450688138935]], "SS": [[0.36210171167780997, 0.26571557425186787, 0.3142057898893656, 0.3731419976362886, 0.44208754789068694, 0.4780592281297373, 0.4883940884163118, 0.4824785939293057, 0.4946777520770468, 0.5134264800338992, 0.518104043605143, 0.5250861582635744, 0.5311708485976994, 0.5331776439424295, 0.5332460880306578, 0.5522889099013305, 0.5573400527505624, 0.5405159771921643, 0.3739441669554433, 0.19501753767289798], [0.16717547667047344, 0.36527059777649756, 0.40446346485189477, 0.3773954424738061, 0.4239176882367615, 0.4670026483864944, 0.4844809180968843, 0.48574399677196217, 0.5012391046197413, 0.5054330404712379, 0.5054330404712379, 0.5159679059786567, 0.5266932481055745, 0.5359480138968705, 0.5355464633437512, 0.5391781523763736, 0.5640544924029945, 0.5702758013452792, 0.5567883605105269, 0.31770747551796774]]}