{"CC": [6.935968332310638, 6.2430063744654305], "CN": [5.264825593002679, 5.520981828763432], "CS": [5.679914310626878, 5.259028171552611], "NC": [6.152539828689938, 5.055709256317654], "NN": [4.0724839060524225, 3.709943564672648], "NS": [5.112209052376478, 4.532779158970797], "SC": [6.217616579411761, 4.525964912026606], "SN": [5.3618729673933885, 4.434311831676253], "SS": [4.961262930175744, 4.590880331641855]}